2025-10-16 01:54:05,300 MainThread [INFO] Logging to file: /bigdata/eldawylab/shared/MS_Research/scripts/sentinel2_downloader.log
2025-10-16 01:55:07,429 MainThread [INFO] Logging to file: /bigdata/eldawylab/shared/MS_Research/scripts/sentinel2_downloader.log
2025-10-16 01:55:07,506 producer [DEBUG] Starting search process...
2025-10-16 01:55:07,506 consumer #0 [DEBUG] Starting downloader
2025-10-16 01:55:07,507 consumer #1 [DEBUG] Starting downloader
2025-10-16 01:55:07,513 consumer #2 [DEBUG] Starting downloader
2025-10-16 01:55:07,519 consumer #3 [DEBUG] Starting downloader
2025-10-16 01:55:07,519 MainThread [INFO] Checking thread statuses...
2025-10-16 01:55:10,420 producer [DEBUG] Found 0 on [2024-03-01, 2024-03-02]
2025-10-16 01:55:12,121 producer [DEBUG] Found 0 on [2024-03-02, 2024-03-03]
2025-10-16 01:55:13,921 producer [DEBUG] Found 0 on [2024-03-03, 2024-03-04]
2025-10-16 01:55:15,648 producer [DEBUG] Found 0 on [2024-03-04, 2024-03-05]
2025-10-16 01:55:17,672 producer [DEBUG] Found 0 on [2024-03-05, 2024-03-06]
2025-10-16 01:55:19,448 producer [DEBUG] Found 0 on [2024-03-06, 2024-03-07]
2025-10-16 01:55:20,943 producer [DEBUG] Found 0 on [2024-03-07, 2024-03-08]
2025-10-16 01:55:22,782 producer [DEBUG] Found 0 on [2024-03-08, 2024-03-09]
2025-10-16 01:55:24,461 producer [DEBUG] Found 0 on [2024-03-09, 2024-03-10]
2025-10-16 01:55:26,059 producer [DEBUG] Found 0 on [2024-03-10, 2024-03-11]
2025-10-16 01:55:27,502 producer [DEBUG] Found 1 on [2024-03-11, 2024-03-12]
2025-10-16 01:55:27,511 consumer #3 [INFO] Processing feature: S2A_MSIL2A_20240311T184151_N0510_R070_T11SKA_20240311T234450 (Tile code: T11SKA)
2025-10-16 01:55:27,522 consumer #3 [INFO] Downloading 'S2A_MSIL2A_20240311T184151_N0510_R070_T11SKA_20240311T234450' (Tile: T11SKA)
2025-10-16 01:55:29,129 producer [DEBUG] Found 0 on [2024-03-12, 2024-03-13]
2025-10-16 01:55:30,653 producer [DEBUG] Found 0 on [2024-03-13, 2024-03-14]
2025-10-16 01:55:32,007 producer [DEBUG] Found 0 on [2024-03-14, 2024-03-15]
2025-10-16 01:55:33,607 producer [DEBUG] Found 0 on [2024-03-15, 2024-03-16]
2025-10-16 01:55:35,060 producer [DEBUG] Found 0 on [2024-03-16, 2024-03-17]
2025-10-16 01:55:36,687 producer [DEBUG] Found 0 on [2024-03-17, 2024-03-18]
2025-10-16 01:55:38,515 producer [DEBUG] Found 0 on [2024-03-18, 2024-03-19]
2025-10-16 01:55:40,038 producer [DEBUG] Found 0 on [2024-03-19, 2024-03-20]
2025-10-16 01:55:41,632 producer [DEBUG] Found 0 on [2024-03-20, 2024-03-21]
2025-10-16 01:55:43,869 producer [DEBUG] Found 2 on [2024-03-21, 2024-03-22]
2025-10-16 01:55:43,877 consumer #2 [INFO] Processing feature: S2A_MSIL2A_20240321T184041_N0510_R070_T10SGF_20240322T000054 (Tile code: T10SGF)
2025-10-16 01:55:43,878 consumer #2 [INFO] Downloading 'S2A_MSIL2A_20240321T184041_N0510_R070_T10SGF_20240322T000054' (Tile: T10SGF)
2025-10-16 01:55:43,882 consumer #0 [INFO] Processing feature: S2A_MSIL2A_20240321T184041_N0510_R070_T11SKA_20240322T000054 (Tile code: T11SKA)
2025-10-16 01:55:43,883 consumer #0 [INFO] Downloading 'S2A_MSIL2A_20240321T184041_N0510_R070_T11SKA_20240322T000054' (Tile: T11SKA)
2025-10-16 01:55:45,567 producer [DEBUG] Found 0 on [2024-03-22, 2024-03-23]
2025-10-16 01:55:47,100 producer [DEBUG] Found 0 on [2024-03-23, 2024-03-24]
2025-10-16 01:55:48,511 producer [DEBUG] Found 0 on [2024-03-24, 2024-03-25]
2025-10-16 01:55:50,389 producer [DEBUG] Found 0 on [2024-03-25, 2024-03-26]
2025-10-16 01:55:51,889 producer [DEBUG] Found 2 on [2024-03-26, 2024-03-27]
2025-10-16 01:55:51,896 consumer #1 [INFO] Processing feature: S2B_MSIL2A_20240326T183929_N0510_R070_T10SGF_20240326T225901 (Tile code: T10SGF)
2025-10-16 01:55:51,925 consumer #1 [INFO] Downloading 'S2B_MSIL2A_20240326T183929_N0510_R070_T10SGF_20240326T225901' (Tile: T10SGF)
2025-10-16 01:55:53,434 producer [DEBUG] Found 0 on [2024-03-27, 2024-03-28]
2025-10-16 01:55:55,111 producer [DEBUG] Found 0 on [2024-03-28, 2024-03-29]
2025-10-16 01:55:56,716 producer [DEBUG] Found 0 on [2024-03-29, 2024-03-30]
2025-10-16 01:55:58,244 producer [DEBUG] Found 0 on [2024-03-30, 2024-03-31]
2025-10-16 01:56:00,356 producer [DEBUG] Found 0 on [2024-03-31, 2024-04-01]
2025-10-16 01:56:01,519 producer [DEBUG] Found 0 on [2024-04-01, 2024-04-02]
2025-10-16 01:56:02,507 producer [DEBUG] Found 0 on [2024-04-02, 2024-04-03]
2025-10-16 01:56:03,725 producer [DEBUG] Found 0 on [2024-04-03, 2024-04-04]
2025-10-16 01:56:04,740 producer [DEBUG] Found 0 on [2024-04-04, 2024-04-05]
2025-10-16 01:56:05,662 producer [DEBUG] Found 0 on [2024-04-05, 2024-04-06]
2025-10-16 01:56:06,611 producer [DEBUG] Found 0 on [2024-04-06, 2024-04-07]
2025-10-16 01:56:07,873 producer [DEBUG] Found 0 on [2024-04-07, 2024-04-08]
2025-10-16 01:56:09,561 producer [DEBUG] Found 0 on [2024-04-08, 2024-04-09]
2025-10-16 01:56:10,868 producer [DEBUG] Found 0 on [2024-04-09, 2024-04-10]
2025-10-16 01:56:11,838 producer [DEBUG] Found 0 on [2024-04-10, 2024-04-11]
2025-10-16 01:56:13,640 producer [DEBUG] Found 0 on [2024-04-11, 2024-04-12]
2025-10-16 01:56:15,350 producer [DEBUG] Found 0 on [2024-04-12, 2024-04-13]
2025-10-16 01:56:16,900 producer [DEBUG] Found 0 on [2024-04-13, 2024-04-14]
2025-10-16 01:56:18,675 producer [DEBUG] Found 0 on [2024-04-14, 2024-04-15]
2025-10-16 01:56:20,414 producer [DEBUG] Found 0 on [2024-04-15, 2024-04-16]
2025-10-16 01:56:22,149 producer [DEBUG] Found 0 on [2024-04-16, 2024-04-17]
2025-10-16 01:56:24,531 producer [DEBUG] Found 0 on [2024-04-17, 2024-04-18]
2025-10-16 01:56:26,239 producer [DEBUG] Found 0 on [2024-04-18, 2024-04-19]
2025-10-16 01:56:27,905 producer [DEBUG] Found 0 on [2024-04-19, 2024-04-20]
2025-10-16 01:56:29,457 producer [DEBUG] Found 0 on [2024-04-20, 2024-04-21]
2025-10-16 01:56:31,056 producer [DEBUG] Found 0 on [2024-04-21, 2024-04-22]
2025-10-16 01:56:34,008 producer [DEBUG] Found 0 on [2024-04-22, 2024-04-23]
2025-10-16 01:56:35,933 producer [DEBUG] Found 0 on [2024-04-23, 2024-04-24]
2025-10-16 01:56:37,677 producer [DEBUG] Found 0 on [2024-04-24, 2024-04-25]
2025-10-16 01:56:39,425 producer [DEBUG] Found 0 on [2024-04-25, 2024-04-26]
2025-10-16 01:56:41,119 producer [DEBUG] Found 0 on [2024-04-26, 2024-04-27]
2025-10-16 01:56:44,035 producer [DEBUG] Found 0 on [2024-04-27, 2024-04-28]
2025-10-16 01:56:46,081 producer [DEBUG] Found 0 on [2024-04-28, 2024-04-29]
2025-10-16 01:56:47,931 producer [DEBUG] Found 0 on [2024-04-29, 2024-04-30]
2025-10-16 01:56:48,237 MainThread [INFO] Logging to file: /bigdata/eldawylab/shared/MS_Research/scripts/sentinel2_downloader.log
2025-10-16 01:56:48,261 producer [DEBUG] Starting search process...
2025-10-16 01:56:48,261 consumer #0 [DEBUG] Starting downloader
2025-10-16 01:56:48,262 consumer #1 [DEBUG] Starting downloader
2025-10-16 01:56:48,264 consumer #2 [DEBUG] Starting downloader
2025-10-16 01:56:48,276 consumer #3 [DEBUG] Starting downloader
2025-10-16 01:56:48,277 MainThread [INFO] Checking thread statuses...
2025-10-16 01:56:49,480 producer [DEBUG] Found 2 on [2024-04-30, 2024-05-01]
2025-10-16 01:56:50,526 producer [DEBUG] Found 0 on [2024-06-01, 2024-06-02]
2025-10-16 01:56:51,259 producer [DEBUG] Found 0 on [2024-05-01, 2024-05-02]
2025-10-16 01:56:52,425 producer [DEBUG] Found 0 on [2024-06-02, 2024-06-03]
2025-10-16 01:56:52,857 producer [DEBUG] Found 0 on [2024-05-02, 2024-05-03]
2025-10-16 01:56:54,043 producer [DEBUG] Found 0 on [2024-06-03, 2024-06-04]
2025-10-16 01:56:54,476 producer [DEBUG] Found 0 on [2024-05-03, 2024-05-04]
2025-10-16 01:56:56,603 producer [DEBUG] Found 2 on [2024-06-04, 2024-06-05]
2025-10-16 01:56:56,612 consumer #2 [INFO] Processing feature: S2B_MSIL2A_20240604T183919_N0510_R070_T11SKA_20240604T221437 (Tile code: T11SKA)
2025-10-16 01:56:56,616 consumer #3 [INFO] Processing feature: S2B_MSIL2A_20240604T183919_N0510_R070_T10SGF_20240604T221437 (Tile code: T10SGF)
2025-10-16 01:56:56,634 consumer #2 [INFO] Downloading 'S2B_MSIL2A_20240604T183919_N0510_R070_T11SKA_20240604T221437' (Tile: T11SKA)
2025-10-16 01:56:56,634 consumer #3 [INFO] Downloading 'S2B_MSIL2A_20240604T183919_N0510_R070_T10SGF_20240604T221437' (Tile: T10SGF)
2025-10-16 01:56:57,344 producer [DEBUG] Found 0 on [2024-05-04, 2024-05-05]
2025-10-16 01:56:58,488 producer [DEBUG] Found 0 on [2024-06-05, 2024-06-06]
2025-10-16 01:56:58,747 consumer #0 [ERROR] Error processing S2A_MSIL2A_20240321T184041_N0510_R070_T11SKA_20240322T000054: [Errno 122] Disk quota exceeded: '/scratch/sdas050/S2A_MSIL2A_20240321T184041_N0510_R070_T11SKA_20240322T000054.SAFE____6168s11p/download.zip' -> 'early_season_2024/2024-03-21/S2A_MSIL2A_20240321T184041_N0510_R070_T11SKA_20240322T000054.SAFE.zip'
2025-10-16 01:56:58,752 consumer #0 [WARNING] Retrying S2A_MSIL2A_20240321T184041_N0510_R070_T11SKA_20240322T000054, remaining: 3
2025-10-16 01:56:58,752 consumer #0 [INFO] Processing feature: S2A_MSIL2A_20240321T184041_N0510_R070_T11SKA_20240322T000054 (Tile code: T11SKA)
2025-10-16 01:56:58,753 consumer #0 [INFO] Downloading 'S2A_MSIL2A_20240321T184041_N0510_R070_T11SKA_20240322T000054' (Tile: T11SKA)
2025-10-16 01:56:58,753 consumer #0 [INFO] Processing ZIP to 6-band for 'S2A_MSIL2A_20240321T184041_N0510_R070_T11SKA_20240322T000054' (Tile: T11SKA)
2025-10-16 01:56:58,753 consumer #0 [DEBUG] Processing early_season_2024/2024-03-21/S2A_MSIL2A_20240321T184041_N0510_R070_T11SKA_20240322T000054.SAFE.zip into early_season_2024/2024-03-21/S2A_MSIL2A_20240321T184041_N0510_R070_T11SKA_20240322T000054.tif
2025-10-16 01:56:58,780 consumer #0 [DEBUG] Extracting S2A_MSIL2A_20240321T184041_N0510_R070_T11SKA_20240322T000054 to temporary directory: early_season_2024/2024-03-21/extract_S2A_MSIL2A_20240321T184041_N0510_R070_T11SKA_20240322T000054_69ibnp08
2025-10-16 01:56:58,781 consumer #0 [ERROR] Error processing S2A_MSIL2A_20240321T184041_N0510_R070_T11SKA_20240322T000054: File is not a zip file
2025-10-16 01:56:58,781 consumer #0 [WARNING] Retrying S2A_MSIL2A_20240321T184041_N0510_R070_T11SKA_20240322T000054, remaining: 2
2025-10-16 01:56:58,781 consumer #0 [INFO] Processing feature: S2A_MSIL2A_20240321T184041_N0510_R070_T11SKA_20240322T000054 (Tile code: T11SKA)
2025-10-16 01:56:58,781 consumer #0 [INFO] Downloading 'S2A_MSIL2A_20240321T184041_N0510_R070_T11SKA_20240322T000054' (Tile: T11SKA)
2025-10-16 01:56:58,781 consumer #0 [INFO] Processing ZIP to 6-band for 'S2A_MSIL2A_20240321T184041_N0510_R070_T11SKA_20240322T000054' (Tile: T11SKA)
2025-10-16 01:56:58,782 consumer #0 [DEBUG] Processing early_season_2024/2024-03-21/S2A_MSIL2A_20240321T184041_N0510_R070_T11SKA_20240322T000054.SAFE.zip into early_season_2024/2024-03-21/S2A_MSIL2A_20240321T184041_N0510_R070_T11SKA_20240322T000054.tif
2025-10-16 01:56:58,782 consumer #0 [DEBUG] Extracting S2A_MSIL2A_20240321T184041_N0510_R070_T11SKA_20240322T000054 to temporary directory: early_season_2024/2024-03-21/extract_S2A_MSIL2A_20240321T184041_N0510_R070_T11SKA_20240322T000054_j6ir_ty2
2025-10-16 01:56:58,783 consumer #0 [ERROR] Error processing S2A_MSIL2A_20240321T184041_N0510_R070_T11SKA_20240322T000054: File is not a zip file
2025-10-16 01:56:58,783 consumer #0 [WARNING] Retrying S2A_MSIL2A_20240321T184041_N0510_R070_T11SKA_20240322T000054, remaining: 1
2025-10-16 01:56:58,783 consumer #0 [INFO] Processing feature: S2A_MSIL2A_20240321T184041_N0510_R070_T11SKA_20240322T000054 (Tile code: T11SKA)
2025-10-16 01:56:58,783 consumer #0 [INFO] Downloading 'S2A_MSIL2A_20240321T184041_N0510_R070_T11SKA_20240322T000054' (Tile: T11SKA)
2025-10-16 01:56:58,783 consumer #0 [INFO] Processing ZIP to 6-band for 'S2A_MSIL2A_20240321T184041_N0510_R070_T11SKA_20240322T000054' (Tile: T11SKA)
2025-10-16 01:56:58,783 consumer #0 [DEBUG] Processing early_season_2024/2024-03-21/S2A_MSIL2A_20240321T184041_N0510_R070_T11SKA_20240322T000054.SAFE.zip into early_season_2024/2024-03-21/S2A_MSIL2A_20240321T184041_N0510_R070_T11SKA_20240322T000054.tif
2025-10-16 01:56:58,985 consumer #0 [DEBUG] Extracting S2A_MSIL2A_20240321T184041_N0510_R070_T11SKA_20240322T000054 to temporary directory: early_season_2024/2024-03-21/extract_S2A_MSIL2A_20240321T184041_N0510_R070_T11SKA_20240322T000054_nk1qvl27
2025-10-16 01:56:58,986 consumer #0 [ERROR] Error processing S2A_MSIL2A_20240321T184041_N0510_R070_T11SKA_20240322T000054: File is not a zip file
2025-10-16 01:56:58,988 consumer #0 [INFO] Processing feature: S2B_MSIL2A_20240326T183929_N0510_R070_T11SKA_20240326T225901 (Tile code: T11SKA)
2025-10-16 01:56:58,988 consumer #0 [INFO] Downloading 'S2B_MSIL2A_20240326T183929_N0510_R070_T11SKA_20240326T225901' (Tile: T11SKA)
2025-10-16 01:57:00,148 producer [DEBUG] Found 0 on [2024-05-05, 2024-05-06]
2025-10-16 01:57:00,440 producer [DEBUG] Found 0 on [2024-06-06, 2024-06-07]
2025-10-16 01:57:02,101 producer [DEBUG] Found 0 on [2024-06-07, 2024-06-08]
2025-10-16 01:57:02,589 producer [DEBUG] Found 0 on [2024-05-06, 2024-05-07]
2025-10-16 01:57:04,217 producer [DEBUG] Found 0 on [2024-05-07, 2024-05-08]
2025-10-16 01:57:04,312 producer [DEBUG] Found 0 on [2024-06-08, 2024-06-09]
2025-10-16 01:57:06,156 producer [DEBUG] Found 2 on [2024-06-09, 2024-06-10]
2025-10-16 01:57:06,165 consumer #0 [INFO] Processing feature: S2A_MSIL2A_20240609T183921_N0510_R070_T10SGF_20240610T012249 (Tile code: T10SGF)
2025-10-16 01:57:06,166 consumer #0 [INFO] Downloading 'S2A_MSIL2A_20240609T183921_N0510_R070_T10SGF_20240610T012249' (Tile: T10SGF)
2025-10-16 01:57:06,171 consumer #1 [INFO] Processing feature: S2A_MSIL2A_20240609T183921_N0510_R070_T11SKA_20240610T012249 (Tile code: T11SKA)
2025-10-16 01:57:06,172 consumer #1 [INFO] Downloading 'S2A_MSIL2A_20240609T183921_N0510_R070_T11SKA_20240610T012249' (Tile: T11SKA)
2025-10-16 01:57:06,263 producer [DEBUG] Found 0 on [2024-05-08, 2024-05-09]
2025-10-16 01:57:07,849 producer [DEBUG] Found 0 on [2024-06-10, 2024-06-11]
2025-10-16 01:57:08,114 producer [DEBUG] Found 0 on [2024-05-09, 2024-05-10]
2025-10-16 01:57:09,857 producer [DEBUG] Found 2 on [2024-05-10, 2024-05-11]
2025-10-16 01:57:11,033 producer [DEBUG] Found 0 on [2024-06-11, 2024-06-12]
2025-10-16 01:57:11,455 producer [DEBUG] Found 0 on [2024-05-11, 2024-05-12]
2025-10-16 01:57:12,793 producer [DEBUG] Found 0 on [2024-06-12, 2024-06-13]
2025-10-16 01:57:13,211 producer [DEBUG] Found 0 on [2024-05-12, 2024-05-13]
2025-10-16 01:57:14,586 producer [DEBUG] Found 0 on [2024-06-13, 2024-06-14]
2025-10-16 01:57:15,070 producer [DEBUG] Found 0 on [2024-05-13, 2024-05-14]
2025-10-16 01:57:16,484 producer [DEBUG] Found 2 on [2024-06-14, 2024-06-15]
2025-10-16 01:57:16,816 producer [DEBUG] Found 0 on [2024-05-14, 2024-05-15]
2025-10-16 01:57:18,123 producer [DEBUG] Found 0 on [2024-06-15, 2024-06-16]
2025-10-16 01:57:19,554 producer [DEBUG] Found 0 on [2024-05-15, 2024-05-16]
2025-10-16 01:57:19,700 producer [DEBUG] Found 0 on [2024-06-16, 2024-06-17]
2025-10-16 01:57:21,771 producer [DEBUG] Found 0 on [2024-06-17, 2024-06-18]
2025-10-16 01:57:22,078 producer [DEBUG] Found 0 on [2024-05-16, 2024-05-17]
2025-10-16 01:57:23,384 producer [DEBUG] Found 0 on [2024-06-18, 2024-06-19]
2025-10-16 01:57:23,795 producer [DEBUG] Found 0 on [2024-05-17, 2024-05-18]
2025-10-16 01:57:25,287 producer [DEBUG] Found 2 on [2024-06-19, 2024-06-20]
2025-10-16 01:57:25,626 producer [DEBUG] Found 0 on [2024-05-18, 2024-05-19]
2025-10-16 01:57:27,203 producer [DEBUG] Found 0 on [2024-06-20, 2024-06-21]
2025-10-16 01:57:27,414 producer [DEBUG] Found 0 on [2024-05-19, 2024-05-20]
2025-10-16 01:57:29,021 producer [DEBUG] Found 0 on [2024-06-21, 2024-06-22]
2025-10-16 01:57:29,288 producer [DEBUG] Found 2 on [2024-05-20, 2024-05-21]
2025-10-16 01:57:30,952 producer [DEBUG] Found 0 on [2024-06-22, 2024-06-23]
2025-10-16 01:57:32,149 producer [DEBUG] Found 0 on [2024-05-21, 2024-05-22]
2025-10-16 01:57:32,839 producer [DEBUG] Found 0 on [2024-06-23, 2024-06-24]
2025-10-16 01:57:34,388 producer [DEBUG] Found 0 on [2024-05-22, 2024-05-23]
2025-10-16 01:57:35,379 producer [DEBUG] Found 0 on [2024-06-24, 2024-06-25]
2025-10-16 01:57:35,985 producer [DEBUG] Found 0 on [2024-05-23, 2024-05-24]
2025-10-16 01:57:37,208 producer [DEBUG] Found 0 on [2024-06-25, 2024-06-26]
2025-10-16 01:57:37,904 producer [DEBUG] Found 0 on [2024-05-24, 2024-05-25]
2025-10-16 01:57:39,090 producer [DEBUG] Found 0 on [2024-06-26, 2024-06-27]
2025-10-16 01:57:39,742 producer [DEBUG] Found 2 on [2024-05-25, 2024-05-26]
2025-10-16 01:57:41,112 producer [DEBUG] Found 0 on [2024-06-27, 2024-06-28]
2025-10-16 01:57:41,512 producer [DEBUG] Found 0 on [2024-05-26, 2024-05-27]
2025-10-16 01:57:42,784 producer [DEBUG] Found 0 on [2024-06-28, 2024-06-29]
2025-10-16 01:57:44,368 producer [DEBUG] Found 0 on [2024-05-27, 2024-05-28]
2025-10-16 01:57:44,897 consumer #3 [ERROR] Error processing S2A_MSIL2A_20240311T184151_N0510_R070_T11SKA_20240311T234450: [Errno 122] Disk quota exceeded
2025-10-16 01:57:44,901 consumer #3 [WARNING] Retrying S2A_MSIL2A_20240311T184151_N0510_R070_T11SKA_20240311T234450, remaining: 3
2025-10-16 01:57:44,901 consumer #3 [INFO] Processing feature: S2A_MSIL2A_20240311T184151_N0510_R070_T11SKA_20240311T234450 (Tile code: T11SKA)
2025-10-16 01:57:44,901 consumer #3 [INFO] Downloading 'S2A_MSIL2A_20240311T184151_N0510_R070_T11SKA_20240311T234450' (Tile: T11SKA)
2025-10-16 01:57:44,901 consumer #3 [INFO] Processing ZIP to 6-band for 'S2A_MSIL2A_20240311T184151_N0510_R070_T11SKA_20240311T234450' (Tile: T11SKA)
2025-10-16 01:57:44,902 consumer #3 [DEBUG] Processing early_season_2024/2024-03-11/S2A_MSIL2A_20240311T184151_N0510_R070_T11SKA_20240311T234450.SAFE.zip into early_season_2024/2024-03-11/S2A_MSIL2A_20240311T184151_N0510_R070_T11SKA_20240311T234450.tif
2025-10-16 01:57:44,930 consumer #3 [DEBUG] Extracting S2A_MSIL2A_20240311T184151_N0510_R070_T11SKA_20240311T234450 to temporary directory: early_season_2024/2024-03-11/extract_S2A_MSIL2A_20240311T184151_N0510_R070_T11SKA_20240311T234450__hu4240u
2025-10-16 01:57:44,931 consumer #3 [ERROR] Error processing S2A_MSIL2A_20240311T184151_N0510_R070_T11SKA_20240311T234450: File is not a zip file
2025-10-16 01:57:44,931 consumer #3 [WARNING] Retrying S2A_MSIL2A_20240311T184151_N0510_R070_T11SKA_20240311T234450, remaining: 2
2025-10-16 01:57:44,931 consumer #3 [INFO] Processing feature: S2A_MSIL2A_20240311T184151_N0510_R070_T11SKA_20240311T234450 (Tile code: T11SKA)
2025-10-16 01:57:44,931 consumer #3 [INFO] Downloading 'S2A_MSIL2A_20240311T184151_N0510_R070_T11SKA_20240311T234450' (Tile: T11SKA)
2025-10-16 01:57:44,931 consumer #3 [INFO] Processing ZIP to 6-band for 'S2A_MSIL2A_20240311T184151_N0510_R070_T11SKA_20240311T234450' (Tile: T11SKA)
2025-10-16 01:57:44,932 consumer #3 [DEBUG] Processing early_season_2024/2024-03-11/S2A_MSIL2A_20240311T184151_N0510_R070_T11SKA_20240311T234450.SAFE.zip into early_season_2024/2024-03-11/S2A_MSIL2A_20240311T184151_N0510_R070_T11SKA_20240311T234450.tif
2025-10-16 01:57:44,932 consumer #3 [DEBUG] Extracting S2A_MSIL2A_20240311T184151_N0510_R070_T11SKA_20240311T234450 to temporary directory: early_season_2024/2024-03-11/extract_S2A_MSIL2A_20240311T184151_N0510_R070_T11SKA_20240311T234450_dw2efcv8
2025-10-16 01:57:44,932 consumer #3 [ERROR] Error processing S2A_MSIL2A_20240311T184151_N0510_R070_T11SKA_20240311T234450: File is not a zip file
2025-10-16 01:57:44,932 consumer #3 [WARNING] Retrying S2A_MSIL2A_20240311T184151_N0510_R070_T11SKA_20240311T234450, remaining: 1
2025-10-16 01:57:44,932 consumer #3 [INFO] Processing feature: S2A_MSIL2A_20240311T184151_N0510_R070_T11SKA_20240311T234450 (Tile code: T11SKA)
2025-10-16 01:57:44,933 consumer #3 [INFO] Downloading 'S2A_MSIL2A_20240311T184151_N0510_R070_T11SKA_20240311T234450' (Tile: T11SKA)
2025-10-16 01:57:44,933 consumer #3 [INFO] Processing ZIP to 6-band for 'S2A_MSIL2A_20240311T184151_N0510_R070_T11SKA_20240311T234450' (Tile: T11SKA)
2025-10-16 01:57:44,933 consumer #3 [DEBUG] Processing early_season_2024/2024-03-11/S2A_MSIL2A_20240311T184151_N0510_R070_T11SKA_20240311T234450.SAFE.zip into early_season_2024/2024-03-11/S2A_MSIL2A_20240311T184151_N0510_R070_T11SKA_20240311T234450.tif
2025-10-16 01:57:44,955 consumer #3 [DEBUG] Extracting S2A_MSIL2A_20240311T184151_N0510_R070_T11SKA_20240311T234450 to temporary directory: early_season_2024/2024-03-11/extract_S2A_MSIL2A_20240311T184151_N0510_R070_T11SKA_20240311T234450_5vkwti0l
2025-10-16 01:57:44,956 consumer #3 [ERROR] Error processing S2A_MSIL2A_20240311T184151_N0510_R070_T11SKA_20240311T234450: File is not a zip file
2025-10-16 01:57:44,957 consumer #3 [INFO] Processing feature: S2A_MSIL2A_20240430T183921_N0510_R070_T11SKA_20240501T002051 (Tile code: T11SKA)
2025-10-16 01:57:44,958 consumer #3 [INFO] Downloading 'S2A_MSIL2A_20240430T183921_N0510_R070_T11SKA_20240501T002051' (Tile: T11SKA)
2025-10-16 01:57:45,288 producer [DEBUG] Found 2 on [2024-06-29, 2024-06-30]
2025-10-16 01:57:46,016 producer [DEBUG] Found 0 on [2024-05-28, 2024-05-29]
2025-10-16 01:57:47,433 producer [DEBUG] Found 0 on [2024-06-30, 2024-07-01]
2025-10-16 01:57:48,161 producer [DEBUG] Found 0 on [2024-05-29, 2024-05-30]
2025-10-16 01:57:48,529 producer [DEBUG] Found 0 on [2024-07-01, 2024-07-02]
2025-10-16 01:57:49,793 producer [DEBUG] Found 0 on [2024-07-02, 2024-07-03]
2025-10-16 01:57:49,852 producer [DEBUG] Found 2 on [2024-05-30, 2024-05-31]
2025-10-16 01:57:50,795 producer [DEBUG] Found 0 on [2024-07-03, 2024-07-04]
2025-10-16 01:57:51,656 producer [DEBUG] Found 0 on [2024-05-31, 2024-06-01]
2025-10-16 01:57:51,987 producer [DEBUG] Found 2 on [2024-07-04, 2024-07-05]
2025-10-16 01:57:53,090 producer [DEBUG] Found 0 on [2024-07-05, 2024-07-06]
2025-10-16 01:57:54,163 producer [DEBUG] Found 0 on [2024-07-06, 2024-07-07]
2025-10-16 01:57:55,166 producer [DEBUG] Found 0 on [2024-07-07, 2024-07-08]
2025-10-16 01:57:56,229 producer [DEBUG] Found 0 on [2024-07-08, 2024-07-09]
2025-10-16 01:57:57,464 producer [DEBUG] Found 2 on [2024-07-09, 2024-07-10]
2025-10-16 01:57:58,785 producer [DEBUG] Found 0 on [2024-07-10, 2024-07-11]
2025-10-16 01:58:00,603 producer [DEBUG] Found 0 on [2024-07-11, 2024-07-12]
2025-10-16 01:58:02,466 producer [DEBUG] Found 0 on [2024-07-12, 2024-07-13]
2025-10-16 01:58:03,232 consumer #2 [ERROR] Error processing S2A_MSIL2A_20240321T184041_N0510_R070_T10SGF_20240322T000054: [Errno 122] Disk quota exceeded
2025-10-16 01:58:03,237 consumer #2 [WARNING] Retrying S2A_MSIL2A_20240321T184041_N0510_R070_T10SGF_20240322T000054, remaining: 3
2025-10-16 01:58:03,237 consumer #2 [INFO] Processing feature: S2A_MSIL2A_20240321T184041_N0510_R070_T10SGF_20240322T000054 (Tile code: T10SGF)
2025-10-16 01:58:03,237 consumer #2 [INFO] Downloading 'S2A_MSIL2A_20240321T184041_N0510_R070_T10SGF_20240322T000054' (Tile: T10SGF)
2025-10-16 01:58:03,237 consumer #2 [INFO] Processing ZIP to 6-band for 'S2A_MSIL2A_20240321T184041_N0510_R070_T10SGF_20240322T000054' (Tile: T10SGF)
2025-10-16 01:58:03,237 consumer #2 [DEBUG] Processing early_season_2024/2024-03-21/S2A_MSIL2A_20240321T184041_N0510_R070_T10SGF_20240322T000054.SAFE.zip into early_season_2024/2024-03-21/S2A_MSIL2A_20240321T184041_N0510_R070_T10SGF_20240322T000054.tif
2025-10-16 01:58:03,249 consumer #2 [DEBUG] Extracting S2A_MSIL2A_20240321T184041_N0510_R070_T10SGF_20240322T000054 to temporary directory: early_season_2024/2024-03-21/extract_S2A_MSIL2A_20240321T184041_N0510_R070_T10SGF_20240322T000054_ems485g9
2025-10-16 01:58:03,250 consumer #2 [ERROR] Error processing S2A_MSIL2A_20240321T184041_N0510_R070_T10SGF_20240322T000054: File is not a zip file
2025-10-16 01:58:03,250 consumer #2 [WARNING] Retrying S2A_MSIL2A_20240321T184041_N0510_R070_T10SGF_20240322T000054, remaining: 2
2025-10-16 01:58:03,250 consumer #2 [INFO] Processing feature: S2A_MSIL2A_20240321T184041_N0510_R070_T10SGF_20240322T000054 (Tile code: T10SGF)
2025-10-16 01:58:03,250 consumer #2 [INFO] Downloading 'S2A_MSIL2A_20240321T184041_N0510_R070_T10SGF_20240322T000054' (Tile: T10SGF)
2025-10-16 01:58:03,250 consumer #2 [INFO] Processing ZIP to 6-band for 'S2A_MSIL2A_20240321T184041_N0510_R070_T10SGF_20240322T000054' (Tile: T10SGF)
2025-10-16 01:58:03,250 consumer #2 [DEBUG] Processing early_season_2024/2024-03-21/S2A_MSIL2A_20240321T184041_N0510_R070_T10SGF_20240322T000054.SAFE.zip into early_season_2024/2024-03-21/S2A_MSIL2A_20240321T184041_N0510_R070_T10SGF_20240322T000054.tif
2025-10-16 01:58:03,251 consumer #2 [DEBUG] Extracting S2A_MSIL2A_20240321T184041_N0510_R070_T10SGF_20240322T000054 to temporary directory: early_season_2024/2024-03-21/extract_S2A_MSIL2A_20240321T184041_N0510_R070_T10SGF_20240322T000054_mxq_gxn6
2025-10-16 01:58:03,251 consumer #2 [ERROR] Error processing S2A_MSIL2A_20240321T184041_N0510_R070_T10SGF_20240322T000054: File is not a zip file
2025-10-16 01:58:03,251 consumer #2 [WARNING] Retrying S2A_MSIL2A_20240321T184041_N0510_R070_T10SGF_20240322T000054, remaining: 1
2025-10-16 01:58:03,251 consumer #2 [INFO] Processing feature: S2A_MSIL2A_20240321T184041_N0510_R070_T10SGF_20240322T000054 (Tile code: T10SGF)
2025-10-16 01:58:03,251 consumer #2 [INFO] Downloading 'S2A_MSIL2A_20240321T184041_N0510_R070_T10SGF_20240322T000054' (Tile: T10SGF)
2025-10-16 01:58:03,251 consumer #2 [INFO] Processing ZIP to 6-band for 'S2A_MSIL2A_20240321T184041_N0510_R070_T10SGF_20240322T000054' (Tile: T10SGF)
2025-10-16 01:58:03,251 consumer #2 [DEBUG] Processing early_season_2024/2024-03-21/S2A_MSIL2A_20240321T184041_N0510_R070_T10SGF_20240322T000054.SAFE.zip into early_season_2024/2024-03-21/S2A_MSIL2A_20240321T184041_N0510_R070_T10SGF_20240322T000054.tif
2025-10-16 01:58:03,278 consumer #2 [DEBUG] Extracting S2A_MSIL2A_20240321T184041_N0510_R070_T10SGF_20240322T000054 to temporary directory: early_season_2024/2024-03-21/extract_S2A_MSIL2A_20240321T184041_N0510_R070_T10SGF_20240322T000054_0npwccd8
2025-10-16 01:58:03,279 consumer #2 [ERROR] Error processing S2A_MSIL2A_20240321T184041_N0510_R070_T10SGF_20240322T000054: File is not a zip file
2025-10-16 01:58:03,281 consumer #2 [INFO] Processing feature: S2A_MSIL2A_20240430T183921_N0510_R070_T10SGF_20240501T002051 (Tile code: T10SGF)
2025-10-16 01:58:03,281 consumer #2 [INFO] Downloading 'S2A_MSIL2A_20240430T183921_N0510_R070_T10SGF_20240501T002051' (Tile: T10SGF)
2025-10-16 01:58:04,297 producer [DEBUG] Found 0 on [2024-07-13, 2024-07-14]
2025-10-16 01:58:06,618 producer [DEBUG] Found 1 on [2024-07-14, 2024-07-15]
2025-10-16 01:58:08,641 producer [DEBUG] Found 0 on [2024-07-15, 2024-07-16]
2025-10-16 01:58:10,161 producer [DEBUG] Found 0 on [2024-07-16, 2024-07-17]
2025-10-16 01:58:11,778 producer [DEBUG] Found 0 on [2024-07-17, 2024-07-18]
2025-10-16 01:58:12,377 consumer #3 [ERROR] Error processing S2B_MSIL2A_20240604T183919_N0510_R070_T10SGF_20240604T221437: [Errno 122] Disk quota exceeded
2025-10-16 01:58:12,381 consumer #3 [WARNING] Retrying S2B_MSIL2A_20240604T183919_N0510_R070_T10SGF_20240604T221437, remaining: 3
2025-10-16 01:58:12,381 consumer #3 [INFO] Processing feature: S2B_MSIL2A_20240604T183919_N0510_R070_T10SGF_20240604T221437 (Tile code: T10SGF)
2025-10-16 01:58:12,382 consumer #3 [INFO] Downloading 'S2B_MSIL2A_20240604T183919_N0510_R070_T10SGF_20240604T221437' (Tile: T10SGF)
2025-10-16 01:58:12,382 consumer #3 [INFO] Processing ZIP to 6-band for 'S2B_MSIL2A_20240604T183919_N0510_R070_T10SGF_20240604T221437' (Tile: T10SGF)
2025-10-16 01:58:12,382 consumer #3 [DEBUG] Processing mid_season_2024/2024-06-04/S2B_MSIL2A_20240604T183919_N0510_R070_T10SGF_20240604T221437.SAFE.zip into mid_season_2024/2024-06-04/S2B_MSIL2A_20240604T183919_N0510_R070_T10SGF_20240604T221437.tif
2025-10-16 01:58:12,406 consumer #3 [DEBUG] Extracting S2B_MSIL2A_20240604T183919_N0510_R070_T10SGF_20240604T221437 to temporary directory: mid_season_2024/2024-06-04/extract_S2B_MSIL2A_20240604T183919_N0510_R070_T10SGF_20240604T221437_qdehmlkg
2025-10-16 01:58:12,407 consumer #3 [ERROR] Error processing S2B_MSIL2A_20240604T183919_N0510_R070_T10SGF_20240604T221437: File is not a zip file
2025-10-16 01:58:12,407 consumer #3 [WARNING] Retrying S2B_MSIL2A_20240604T183919_N0510_R070_T10SGF_20240604T221437, remaining: 2
2025-10-16 01:58:12,407 consumer #3 [INFO] Processing feature: S2B_MSIL2A_20240604T183919_N0510_R070_T10SGF_20240604T221437 (Tile code: T10SGF)
2025-10-16 01:58:12,407 consumer #3 [INFO] Downloading 'S2B_MSIL2A_20240604T183919_N0510_R070_T10SGF_20240604T221437' (Tile: T10SGF)
2025-10-16 01:58:12,407 consumer #3 [INFO] Processing ZIP to 6-band for 'S2B_MSIL2A_20240604T183919_N0510_R070_T10SGF_20240604T221437' (Tile: T10SGF)
2025-10-16 01:58:12,407 consumer #3 [DEBUG] Processing mid_season_2024/2024-06-04/S2B_MSIL2A_20240604T183919_N0510_R070_T10SGF_20240604T221437.SAFE.zip into mid_season_2024/2024-06-04/S2B_MSIL2A_20240604T183919_N0510_R070_T10SGF_20240604T221437.tif
2025-10-16 01:58:12,408 consumer #3 [DEBUG] Extracting S2B_MSIL2A_20240604T183919_N0510_R070_T10SGF_20240604T221437 to temporary directory: mid_season_2024/2024-06-04/extract_S2B_MSIL2A_20240604T183919_N0510_R070_T10SGF_20240604T221437_3x3qpx6u
2025-10-16 01:58:12,408 consumer #3 [ERROR] Error processing S2B_MSIL2A_20240604T183919_N0510_R070_T10SGF_20240604T221437: File is not a zip file
2025-10-16 01:58:12,408 consumer #3 [WARNING] Retrying S2B_MSIL2A_20240604T183919_N0510_R070_T10SGF_20240604T221437, remaining: 1
2025-10-16 01:58:12,408 consumer #3 [INFO] Processing feature: S2B_MSIL2A_20240604T183919_N0510_R070_T10SGF_20240604T221437 (Tile code: T10SGF)
2025-10-16 01:58:12,408 consumer #3 [INFO] Downloading 'S2B_MSIL2A_20240604T183919_N0510_R070_T10SGF_20240604T221437' (Tile: T10SGF)
2025-10-16 01:58:12,408 consumer #3 [INFO] Processing ZIP to 6-band for 'S2B_MSIL2A_20240604T183919_N0510_R070_T10SGF_20240604T221437' (Tile: T10SGF)
2025-10-16 01:58:12,408 consumer #3 [DEBUG] Processing mid_season_2024/2024-06-04/S2B_MSIL2A_20240604T183919_N0510_R070_T10SGF_20240604T221437.SAFE.zip into mid_season_2024/2024-06-04/S2B_MSIL2A_20240604T183919_N0510_R070_T10SGF_20240604T221437.tif
2025-10-16 01:58:12,428 consumer #3 [DEBUG] Extracting S2B_MSIL2A_20240604T183919_N0510_R070_T10SGF_20240604T221437 to temporary directory: mid_season_2024/2024-06-04/extract_S2B_MSIL2A_20240604T183919_N0510_R070_T10SGF_20240604T221437_pn355lmt
2025-10-16 01:58:12,428 consumer #3 [ERROR] Error processing S2B_MSIL2A_20240604T183919_N0510_R070_T10SGF_20240604T221437: File is not a zip file
2025-10-16 01:58:12,430 consumer #3 [INFO] Processing feature: S2B_MSIL2A_20240614T183919_N0510_R070_T11SKA_20240614T223610 (Tile code: T11SKA)
2025-10-16 01:58:12,431 consumer #3 [INFO] Downloading 'S2B_MSIL2A_20240614T183919_N0510_R070_T11SKA_20240614T223610' (Tile: T11SKA)
2025-10-16 01:58:13,601 producer [DEBUG] Found 0 on [2024-07-18, 2024-07-19]
2025-10-16 01:58:16,080 producer [DEBUG] Found 2 on [2024-07-19, 2024-07-20]
2025-10-16 01:58:17,885 producer [DEBUG] Found 0 on [2024-07-20, 2024-07-21]
2025-10-16 01:58:20,053 producer [DEBUG] Found 0 on [2024-07-21, 2024-07-22]
2025-10-16 01:58:22,562 producer [DEBUG] Found 0 on [2024-07-22, 2024-07-23]
2025-10-16 01:58:24,358 producer [DEBUG] Found 0 on [2024-07-23, 2024-07-24]
2025-10-16 01:58:26,277 producer [DEBUG] Found 0 on [2024-07-24, 2024-07-25]
2025-10-16 01:58:28,554 producer [DEBUG] Found 0 on [2024-07-25, 2024-07-26]
2025-10-16 01:58:30,652 producer [DEBUG] Found 0 on [2024-07-26, 2024-07-27]
2025-10-16 01:58:33,018 producer [DEBUG] Found 0 on [2024-07-27, 2024-07-28]
2025-10-16 01:58:35,170 producer [DEBUG] Found 0 on [2024-07-28, 2024-07-29]
2025-10-16 01:58:37,314 producer [DEBUG] Found 2 on [2024-07-29, 2024-07-30]
2025-10-16 01:58:39,245 producer [DEBUG] Found 0 on [2024-07-30, 2024-07-31]
2025-10-16 01:58:42,100 producer [DEBUG] Found 0 on [2024-07-31, 2024-08-01]
2025-10-16 01:58:44,864 producer [DEBUG] Found 0 on [2024-08-01, 2024-08-02]
2025-10-16 01:58:46,840 producer [DEBUG] Found 0 on [2024-08-02, 2024-08-03]
2025-10-16 01:58:50,035 producer [DEBUG] Found 0 on [2024-08-03, 2024-08-04]
2025-10-16 01:58:52,322 producer [DEBUG] Found 0 on [2024-08-04, 2024-08-05]
2025-10-16 01:58:54,678 producer [DEBUG] Found 0 on [2024-08-05, 2024-08-06]
2025-10-16 01:58:57,412 producer [DEBUG] Found 0 on [2024-08-06, 2024-08-07]
2025-10-16 01:58:59,760 producer [DEBUG] Found 0 on [2024-08-07, 2024-08-08]
2025-10-16 01:59:01,766 producer [DEBUG] Found 2 on [2024-08-08, 2024-08-09]
2025-10-16 01:59:03,928 producer [DEBUG] Found 0 on [2024-08-09, 2024-08-10]
2025-10-16 01:59:06,241 producer [DEBUG] Found 0 on [2024-08-10, 2024-08-11]
2025-10-16 01:59:08,471 producer [DEBUG] Found 0 on [2024-08-11, 2024-08-12]
2025-10-16 01:59:10,542 producer [DEBUG] Found 0 on [2024-08-12, 2024-08-13]
2025-10-16 01:59:12,656 producer [DEBUG] Found 2 on [2024-08-13, 2024-08-14]
2025-10-16 01:59:15,024 producer [DEBUG] Found 0 on [2024-08-14, 2024-08-15]
2025-10-16 01:59:16,913 producer [DEBUG] Found 0 on [2024-08-15, 2024-08-16]
2025-10-16 01:59:19,254 producer [DEBUG] Found 0 on [2024-08-16, 2024-08-17]
2025-10-16 01:59:21,489 producer [DEBUG] Found 0 on [2024-08-17, 2024-08-18]
2025-10-16 01:59:23,734 producer [DEBUG] Found 2 on [2024-08-18, 2024-08-19]
2025-10-16 01:59:25,593 producer [DEBUG] Found 0 on [2024-08-19, 2024-08-20]
2025-10-16 01:59:26,324 consumer #2 [ERROR] Error processing S2A_MSIL2A_20240430T183921_N0510_R070_T10SGF_20240501T002051: [Errno 122] Disk quota exceeded
2025-10-16 01:59:26,327 consumer #2 [WARNING] Retrying S2A_MSIL2A_20240430T183921_N0510_R070_T10SGF_20240501T002051, remaining: 3
2025-10-16 01:59:26,327 consumer #2 [INFO] Processing feature: S2A_MSIL2A_20240430T183921_N0510_R070_T10SGF_20240501T002051 (Tile code: T10SGF)
2025-10-16 01:59:26,328 consumer #2 [INFO] Downloading 'S2A_MSIL2A_20240430T183921_N0510_R070_T10SGF_20240501T002051' (Tile: T10SGF)
2025-10-16 01:59:26,328 consumer #2 [INFO] Processing ZIP to 6-band for 'S2A_MSIL2A_20240430T183921_N0510_R070_T10SGF_20240501T002051' (Tile: T10SGF)
2025-10-16 01:59:26,328 consumer #2 [DEBUG] Processing early_season_2024/2024-04-30/S2A_MSIL2A_20240430T183921_N0510_R070_T10SGF_20240501T002051.SAFE.zip into early_season_2024/2024-04-30/S2A_MSIL2A_20240430T183921_N0510_R070_T10SGF_20240501T002051.tif
2025-10-16 01:59:26,340 consumer #2 [DEBUG] Extracting S2A_MSIL2A_20240430T183921_N0510_R070_T10SGF_20240501T002051 to temporary directory: early_season_2024/2024-04-30/extract_S2A_MSIL2A_20240430T183921_N0510_R070_T10SGF_20240501T002051_xnrmoujx
2025-10-16 01:59:26,341 consumer #2 [ERROR] Error processing S2A_MSIL2A_20240430T183921_N0510_R070_T10SGF_20240501T002051: File is not a zip file
2025-10-16 01:59:26,341 consumer #2 [WARNING] Retrying S2A_MSIL2A_20240430T183921_N0510_R070_T10SGF_20240501T002051, remaining: 2
2025-10-16 01:59:26,341 consumer #2 [INFO] Processing feature: S2A_MSIL2A_20240430T183921_N0510_R070_T10SGF_20240501T002051 (Tile code: T10SGF)
2025-10-16 01:59:26,341 consumer #2 [INFO] Downloading 'S2A_MSIL2A_20240430T183921_N0510_R070_T10SGF_20240501T002051' (Tile: T10SGF)
2025-10-16 01:59:26,341 consumer #2 [INFO] Processing ZIP to 6-band for 'S2A_MSIL2A_20240430T183921_N0510_R070_T10SGF_20240501T002051' (Tile: T10SGF)
2025-10-16 01:59:26,341 consumer #2 [DEBUG] Processing early_season_2024/2024-04-30/S2A_MSIL2A_20240430T183921_N0510_R070_T10SGF_20240501T002051.SAFE.zip into early_season_2024/2024-04-30/S2A_MSIL2A_20240430T183921_N0510_R070_T10SGF_20240501T002051.tif
2025-10-16 01:59:26,342 consumer #2 [DEBUG] Extracting S2A_MSIL2A_20240430T183921_N0510_R070_T10SGF_20240501T002051 to temporary directory: early_season_2024/2024-04-30/extract_S2A_MSIL2A_20240430T183921_N0510_R070_T10SGF_20240501T002051_uubkern0
2025-10-16 01:59:26,342 consumer #2 [ERROR] Error processing S2A_MSIL2A_20240430T183921_N0510_R070_T10SGF_20240501T002051: File is not a zip file
2025-10-16 01:59:26,343 consumer #2 [WARNING] Retrying S2A_MSIL2A_20240430T183921_N0510_R070_T10SGF_20240501T002051, remaining: 1
2025-10-16 01:59:26,343 consumer #2 [INFO] Processing feature: S2A_MSIL2A_20240430T183921_N0510_R070_T10SGF_20240501T002051 (Tile code: T10SGF)
2025-10-16 01:59:26,343 consumer #2 [INFO] Downloading 'S2A_MSIL2A_20240430T183921_N0510_R070_T10SGF_20240501T002051' (Tile: T10SGF)
2025-10-16 01:59:26,343 consumer #2 [INFO] Processing ZIP to 6-band for 'S2A_MSIL2A_20240430T183921_N0510_R070_T10SGF_20240501T002051' (Tile: T10SGF)
2025-10-16 01:59:26,343 consumer #2 [DEBUG] Processing early_season_2024/2024-04-30/S2A_MSIL2A_20240430T183921_N0510_R070_T10SGF_20240501T002051.SAFE.zip into early_season_2024/2024-04-30/S2A_MSIL2A_20240430T183921_N0510_R070_T10SGF_20240501T002051.tif
2025-10-16 01:59:26,368 consumer #2 [DEBUG] Extracting S2A_MSIL2A_20240430T183921_N0510_R070_T10SGF_20240501T002051 to temporary directory: early_season_2024/2024-04-30/extract_S2A_MSIL2A_20240430T183921_N0510_R070_T10SGF_20240501T002051_p6h_krxz
2025-10-16 01:59:26,368 consumer #2 [ERROR] Error processing S2A_MSIL2A_20240430T183921_N0510_R070_T10SGF_20240501T002051: File is not a zip file
2025-10-16 01:59:26,369 consumer #2 [INFO] Processing feature: S2A_MSIL2A_20240510T183921_N0510_R070_T11SKA_20240511T002949 (Tile code: T11SKA)
2025-10-16 01:59:26,369 consumer #2 [INFO] Downloading 'S2A_MSIL2A_20240510T183921_N0510_R070_T11SKA_20240511T002949' (Tile: T11SKA)
2025-10-16 01:59:27,800 producer [DEBUG] Found 0 on [2024-08-20, 2024-08-21]
2025-10-16 01:59:30,212 producer [DEBUG] Found 0 on [2024-08-21, 2024-08-22]
2025-10-16 01:59:32,341 producer [DEBUG] Found 0 on [2024-08-22, 2024-08-23]
2025-10-16 01:59:34,414 producer [DEBUG] Found 0 on [2024-08-23, 2024-08-24]
2025-10-16 01:59:36,648 producer [DEBUG] Found 0 on [2024-08-24, 2024-08-25]
2025-10-16 01:59:38,838 producer [DEBUG] Found 0 on [2024-08-25, 2024-08-26]
2025-10-16 01:59:43,116 producer [DEBUG] Found 0 on [2024-08-26, 2024-08-27]
2025-10-16 01:59:45,487 producer [DEBUG] Found 0 on [2024-08-27, 2024-08-28]
2025-10-16 01:59:47,614 producer [DEBUG] Found 2 on [2024-08-28, 2024-08-29]
2025-10-16 01:59:49,089 consumer #1 [ERROR] Error processing S2B_MSIL2A_20240326T183929_N0510_R070_T10SGF_20240326T225901: [Errno 122] Disk quota exceeded
2025-10-16 01:59:49,093 consumer #1 [WARNING] Retrying S2B_MSIL2A_20240326T183929_N0510_R070_T10SGF_20240326T225901, remaining: 3
2025-10-16 01:59:49,093 consumer #1 [INFO] Processing feature: S2B_MSIL2A_20240326T183929_N0510_R070_T10SGF_20240326T225901 (Tile code: T10SGF)
2025-10-16 01:59:49,094 consumer #1 [INFO] Downloading 'S2B_MSIL2A_20240326T183929_N0510_R070_T10SGF_20240326T225901' (Tile: T10SGF)
2025-10-16 01:59:49,094 consumer #1 [INFO] Processing ZIP to 6-band for 'S2B_MSIL2A_20240326T183929_N0510_R070_T10SGF_20240326T225901' (Tile: T10SGF)
2025-10-16 01:59:49,094 consumer #1 [DEBUG] Processing early_season_2024/2024-03-26/S2B_MSIL2A_20240326T183929_N0510_R070_T10SGF_20240326T225901.SAFE.zip into early_season_2024/2024-03-26/S2B_MSIL2A_20240326T183929_N0510_R070_T10SGF_20240326T225901.tif
2025-10-16 01:59:49,116 consumer #1 [DEBUG] Extracting S2B_MSIL2A_20240326T183929_N0510_R070_T10SGF_20240326T225901 to temporary directory: early_season_2024/2024-03-26/extract_S2B_MSIL2A_20240326T183929_N0510_R070_T10SGF_20240326T225901_5wq2ocfi
2025-10-16 01:59:49,117 consumer #1 [ERROR] Error processing S2B_MSIL2A_20240326T183929_N0510_R070_T10SGF_20240326T225901: File is not a zip file
2025-10-16 01:59:49,117 consumer #1 [WARNING] Retrying S2B_MSIL2A_20240326T183929_N0510_R070_T10SGF_20240326T225901, remaining: 2
2025-10-16 01:59:49,117 consumer #1 [INFO] Processing feature: S2B_MSIL2A_20240326T183929_N0510_R070_T10SGF_20240326T225901 (Tile code: T10SGF)
2025-10-16 01:59:49,117 consumer #1 [INFO] Downloading 'S2B_MSIL2A_20240326T183929_N0510_R070_T10SGF_20240326T225901' (Tile: T10SGF)
2025-10-16 01:59:49,117 consumer #1 [INFO] Processing ZIP to 6-band for 'S2B_MSIL2A_20240326T183929_N0510_R070_T10SGF_20240326T225901' (Tile: T10SGF)
2025-10-16 01:59:49,117 consumer #1 [DEBUG] Processing early_season_2024/2024-03-26/S2B_MSIL2A_20240326T183929_N0510_R070_T10SGF_20240326T225901.SAFE.zip into early_season_2024/2024-03-26/S2B_MSIL2A_20240326T183929_N0510_R070_T10SGF_20240326T225901.tif
2025-10-16 01:59:49,118 consumer #1 [DEBUG] Extracting S2B_MSIL2A_20240326T183929_N0510_R070_T10SGF_20240326T225901 to temporary directory: early_season_2024/2024-03-26/extract_S2B_MSIL2A_20240326T183929_N0510_R070_T10SGF_20240326T225901_0x1ul4zu
2025-10-16 01:59:49,118 consumer #1 [ERROR] Error processing S2B_MSIL2A_20240326T183929_N0510_R070_T10SGF_20240326T225901: File is not a zip file
2025-10-16 01:59:49,118 consumer #1 [WARNING] Retrying S2B_MSIL2A_20240326T183929_N0510_R070_T10SGF_20240326T225901, remaining: 1
2025-10-16 01:59:49,118 consumer #1 [INFO] Processing feature: S2B_MSIL2A_20240326T183929_N0510_R070_T10SGF_20240326T225901 (Tile code: T10SGF)
2025-10-16 01:59:49,118 consumer #1 [INFO] Downloading 'S2B_MSIL2A_20240326T183929_N0510_R070_T10SGF_20240326T225901' (Tile: T10SGF)
2025-10-16 01:59:49,118 consumer #1 [INFO] Processing ZIP to 6-band for 'S2B_MSIL2A_20240326T183929_N0510_R070_T10SGF_20240326T225901' (Tile: T10SGF)
2025-10-16 01:59:49,118 consumer #1 [DEBUG] Processing early_season_2024/2024-03-26/S2B_MSIL2A_20240326T183929_N0510_R070_T10SGF_20240326T225901.SAFE.zip into early_season_2024/2024-03-26/S2B_MSIL2A_20240326T183929_N0510_R070_T10SGF_20240326T225901.tif
2025-10-16 01:59:49,135 consumer #1 [DEBUG] Extracting S2B_MSIL2A_20240326T183929_N0510_R070_T10SGF_20240326T225901 to temporary directory: early_season_2024/2024-03-26/extract_S2B_MSIL2A_20240326T183929_N0510_R070_T10SGF_20240326T225901_f4e_zlgu
2025-10-16 01:59:49,136 consumer #1 [ERROR] Error processing S2B_MSIL2A_20240326T183929_N0510_R070_T10SGF_20240326T225901: File is not a zip file
2025-10-16 01:59:49,137 consumer #1 [INFO] Processing feature: S2A_MSIL2A_20240510T183921_N0510_R070_T10SGF_20240511T002949 (Tile code: T10SGF)
2025-10-16 01:59:49,138 consumer #1 [INFO] Downloading 'S2A_MSIL2A_20240510T183921_N0510_R070_T10SGF_20240511T002949' (Tile: T10SGF)
2025-10-16 01:59:49,406 producer [DEBUG] Found 0 on [2024-08-29, 2024-08-30]
2025-10-16 01:59:50,446 MainThread [INFO] Logging to file: /bigdata/eldawylab/shared/MS_Research/scripts/sentinel2_downloader.log
2025-10-16 01:59:50,469 producer [DEBUG] Starting search process...
2025-10-16 01:59:50,469 consumer #0 [DEBUG] Starting downloader
2025-10-16 01:59:50,469 consumer #1 [DEBUG] Starting downloader
2025-10-16 01:59:50,471 consumer #2 [DEBUG] Starting downloader
2025-10-16 01:59:50,476 consumer #3 [DEBUG] Starting downloader
2025-10-16 01:59:50,476 MainThread [INFO] Checking thread statuses...
2025-10-16 01:59:51,410 producer [DEBUG] Found 0 on [2024-08-30, 2024-08-31]
2025-10-16 01:59:53,111 producer [DEBUG] Found 0 on [2024-09-01, 2024-09-02]
2025-10-16 01:59:55,331 producer [DEBUG] Found 0 on [2024-08-31, 2024-09-01]
2025-10-16 01:59:55,347 producer [DEBUG] Found 2 on [2024-09-02, 2024-09-03]
2025-10-16 01:59:55,357 consumer #0 [INFO] Processing feature: S2B_MSIL2A_20240902T183919_N0511_R070_T11SKA_20240902T225006 (Tile code: T11SKA)
2025-10-16 01:59:55,360 consumer #1 [INFO] Processing feature: S2B_MSIL2A_20240902T183919_N0511_R070_T10SGF_20240902T225006 (Tile code: T10SGF)
2025-10-16 01:59:55,375 consumer #0 [INFO] Downloading 'S2B_MSIL2A_20240902T183919_N0511_R070_T11SKA_20240902T225006' (Tile: T11SKA)
2025-10-16 01:59:55,375 consumer #1 [INFO] Downloading 'S2B_MSIL2A_20240902T183919_N0511_R070_T10SGF_20240902T225006' (Tile: T10SGF)
2025-10-16 01:59:57,620 producer [DEBUG] Found 0 on [2024-09-03, 2024-09-04]
2025-10-16 01:59:59,851 producer [DEBUG] Found 0 on [2024-09-04, 2024-09-05]
2025-10-16 02:00:01,768 producer [DEBUG] Found 0 on [2024-09-05, 2024-09-06]
2025-10-16 02:00:04,626 producer [DEBUG] Found 0 on [2024-09-06, 2024-09-07]
2025-10-16 02:00:06,784 producer [DEBUG] Found 1 on [2024-09-07, 2024-09-08]
2025-10-16 02:00:06,796 consumer #3 [INFO] Processing feature: S2A_MSIL2A_20240907T183921_N0511_R070_T10SGF_20240908T014752 (Tile code: T10SGF)
2025-10-16 02:00:06,799 consumer #3 [INFO] Downloading 'S2A_MSIL2A_20240907T183921_N0511_R070_T10SGF_20240908T014752' (Tile: T10SGF)
2025-10-16 02:00:09,412 producer [DEBUG] Found 0 on [2024-09-08, 2024-09-09]
2025-10-16 02:00:11,433 producer [DEBUG] Found 0 on [2024-09-09, 2024-09-10]
2025-10-16 02:00:13,936 producer [DEBUG] Found 0 on [2024-09-10, 2024-09-11]
2025-10-16 02:00:16,476 producer [DEBUG] Found 0 on [2024-09-11, 2024-09-12]
2025-10-16 02:00:19,133 producer [DEBUG] Found 2 on [2024-09-12, 2024-09-13]
2025-10-16 02:00:19,145 consumer #2 [INFO] Processing feature: S2B_MSIL2A_20240912T183919_N0511_R070_T10SGF_20240913T001358 (Tile code: T10SGF)
2025-10-16 02:00:19,147 consumer #2 [INFO] Downloading 'S2B_MSIL2A_20240912T183919_N0511_R070_T10SGF_20240913T001358' (Tile: T10SGF)
2025-10-16 02:00:21,839 producer [DEBUG] Found 0 on [2024-09-13, 2024-09-14]
2025-10-16 02:00:23,785 producer [DEBUG] Found 0 on [2024-09-14, 2024-09-15]
2025-10-16 02:00:25,722 producer [DEBUG] Found 0 on [2024-09-15, 2024-09-16]
2025-10-16 02:00:28,418 producer [DEBUG] Found 0 on [2024-09-16, 2024-09-17]
2025-10-16 02:00:30,383 producer [DEBUG] Found 2 on [2024-09-17, 2024-09-18]
2025-10-16 02:00:32,512 producer [DEBUG] Found 0 on [2024-09-18, 2024-09-19]
2025-10-16 02:00:34,701 producer [DEBUG] Found 0 on [2024-09-19, 2024-09-20]
2025-10-16 02:00:36,629 producer [DEBUG] Found 0 on [2024-09-20, 2024-09-21]
2025-10-16 02:00:39,051 producer [DEBUG] Found 0 on [2024-09-21, 2024-09-22]
2025-10-16 02:00:40,906 producer [DEBUG] Found 2 on [2024-09-22, 2024-09-23]
2025-10-16 02:00:43,129 producer [DEBUG] Found 0 on [2024-09-23, 2024-09-24]
2025-10-16 02:00:44,967 producer [DEBUG] Found 0 on [2024-09-24, 2024-09-25]
2025-10-16 02:00:46,964 producer [DEBUG] Found 0 on [2024-09-25, 2024-09-26]
2025-10-16 02:00:48,883 producer [DEBUG] Found 0 on [2024-09-26, 2024-09-27]
2025-10-16 02:00:51,177 producer [DEBUG] Found 4 on [2024-09-27, 2024-09-28]
2025-10-16 02:00:53,295 producer [DEBUG] Found 0 on [2024-09-28, 2024-09-29]
2025-10-16 02:00:55,495 producer [DEBUG] Found 0 on [2024-09-29, 2024-09-30]
2025-10-16 02:00:57,378 producer [DEBUG] Found 0 on [2024-09-30, 2024-10-01]
2025-10-16 02:01:14,877 consumer #3 [ERROR] Error processing S2B_MSIL2A_20240614T183919_N0510_R070_T11SKA_20240614T223610: [Errno 122] Disk quota exceeded
2025-10-16 02:01:14,881 consumer #3 [WARNING] Retrying S2B_MSIL2A_20240614T183919_N0510_R070_T11SKA_20240614T223610, remaining: 3
2025-10-16 02:01:14,881 consumer #3 [INFO] Processing feature: S2B_MSIL2A_20240614T183919_N0510_R070_T11SKA_20240614T223610 (Tile code: T11SKA)
2025-10-16 02:01:14,881 consumer #3 [INFO] Downloading 'S2B_MSIL2A_20240614T183919_N0510_R070_T11SKA_20240614T223610' (Tile: T11SKA)
2025-10-16 02:01:14,881 consumer #3 [INFO] Processing ZIP to 6-band for 'S2B_MSIL2A_20240614T183919_N0510_R070_T11SKA_20240614T223610' (Tile: T11SKA)
2025-10-16 02:01:14,881 consumer #3 [DEBUG] Processing mid_season_2024/2024-06-14/S2B_MSIL2A_20240614T183919_N0510_R070_T11SKA_20240614T223610.SAFE.zip into mid_season_2024/2024-06-14/S2B_MSIL2A_20240614T183919_N0510_R070_T11SKA_20240614T223610.tif
2025-10-16 02:01:14,898 consumer #3 [DEBUG] Extracting S2B_MSIL2A_20240614T183919_N0510_R070_T11SKA_20240614T223610 to temporary directory: mid_season_2024/2024-06-14/extract_S2B_MSIL2A_20240614T183919_N0510_R070_T11SKA_20240614T223610_qgmbwvok
2025-10-16 02:01:14,899 consumer #3 [ERROR] Error processing S2B_MSIL2A_20240614T183919_N0510_R070_T11SKA_20240614T223610: File is not a zip file
2025-10-16 02:01:14,899 consumer #3 [WARNING] Retrying S2B_MSIL2A_20240614T183919_N0510_R070_T11SKA_20240614T223610, remaining: 2
2025-10-16 02:01:14,899 consumer #3 [INFO] Processing feature: S2B_MSIL2A_20240614T183919_N0510_R070_T11SKA_20240614T223610 (Tile code: T11SKA)
2025-10-16 02:01:14,899 consumer #3 [INFO] Downloading 'S2B_MSIL2A_20240614T183919_N0510_R070_T11SKA_20240614T223610' (Tile: T11SKA)
2025-10-16 02:01:14,899 consumer #3 [INFO] Processing ZIP to 6-band for 'S2B_MSIL2A_20240614T183919_N0510_R070_T11SKA_20240614T223610' (Tile: T11SKA)
2025-10-16 02:01:14,899 consumer #3 [DEBUG] Processing mid_season_2024/2024-06-14/S2B_MSIL2A_20240614T183919_N0510_R070_T11SKA_20240614T223610.SAFE.zip into mid_season_2024/2024-06-14/S2B_MSIL2A_20240614T183919_N0510_R070_T11SKA_20240614T223610.tif
2025-10-16 02:01:14,900 consumer #3 [DEBUG] Extracting S2B_MSIL2A_20240614T183919_N0510_R070_T11SKA_20240614T223610 to temporary directory: mid_season_2024/2024-06-14/extract_S2B_MSIL2A_20240614T183919_N0510_R070_T11SKA_20240614T223610_a09d3fta
2025-10-16 02:01:14,900 consumer #3 [ERROR] Error processing S2B_MSIL2A_20240614T183919_N0510_R070_T11SKA_20240614T223610: File is not a zip file
2025-10-16 02:01:14,900 consumer #3 [WARNING] Retrying S2B_MSIL2A_20240614T183919_N0510_R070_T11SKA_20240614T223610, remaining: 1
2025-10-16 02:01:14,900 consumer #3 [INFO] Processing feature: S2B_MSIL2A_20240614T183919_N0510_R070_T11SKA_20240614T223610 (Tile code: T11SKA)
2025-10-16 02:01:14,900 consumer #3 [INFO] Downloading 'S2B_MSIL2A_20240614T183919_N0510_R070_T11SKA_20240614T223610' (Tile: T11SKA)
2025-10-16 02:01:14,900 consumer #3 [INFO] Processing ZIP to 6-band for 'S2B_MSIL2A_20240614T183919_N0510_R070_T11SKA_20240614T223610' (Tile: T11SKA)
2025-10-16 02:01:14,900 consumer #3 [DEBUG] Processing mid_season_2024/2024-06-14/S2B_MSIL2A_20240614T183919_N0510_R070_T11SKA_20240614T223610.SAFE.zip into mid_season_2024/2024-06-14/S2B_MSIL2A_20240614T183919_N0510_R070_T11SKA_20240614T223610.tif
2025-10-16 02:01:14,916 consumer #3 [DEBUG] Extracting S2B_MSIL2A_20240614T183919_N0510_R070_T11SKA_20240614T223610 to temporary directory: mid_season_2024/2024-06-14/extract_S2B_MSIL2A_20240614T183919_N0510_R070_T11SKA_20240614T223610_caxe_8oy
2025-10-16 02:01:14,917 consumer #3 [ERROR] Error processing S2B_MSIL2A_20240614T183919_N0510_R070_T11SKA_20240614T223610: File is not a zip file
2025-10-16 02:01:14,917 consumer #3 [INFO] Processing feature: S2B_MSIL2A_20240614T183919_N0510_R070_T10SGF_20240614T223610 (Tile code: T10SGF)
2025-10-16 02:01:14,917 consumer #3 [INFO] Downloading 'S2B_MSIL2A_20240614T183919_N0510_R070_T10SGF_20240614T223610' (Tile: T10SGF)
2025-10-16 02:01:15,907 consumer #1 [ERROR] Error processing S2A_MSIL2A_20240510T183921_N0510_R070_T10SGF_20240511T002949: [Errno 122] Disk quota exceeded
2025-10-16 02:01:15,910 consumer #1 [WARNING] Retrying S2A_MSIL2A_20240510T183921_N0510_R070_T10SGF_20240511T002949, remaining: 3
2025-10-16 02:01:15,910 consumer #1 [INFO] Processing feature: S2A_MSIL2A_20240510T183921_N0510_R070_T10SGF_20240511T002949 (Tile code: T10SGF)
2025-10-16 02:01:15,911 consumer #1 [INFO] Downloading 'S2A_MSIL2A_20240510T183921_N0510_R070_T10SGF_20240511T002949' (Tile: T10SGF)
2025-10-16 02:01:15,911 consumer #1 [INFO] Processing ZIP to 6-band for 'S2A_MSIL2A_20240510T183921_N0510_R070_T10SGF_20240511T002949' (Tile: T10SGF)
2025-10-16 02:01:15,911 consumer #1 [DEBUG] Processing early_season_2024/2024-05-10/S2A_MSIL2A_20240510T183921_N0510_R070_T10SGF_20240511T002949.SAFE.zip into early_season_2024/2024-05-10/S2A_MSIL2A_20240510T183921_N0510_R070_T10SGF_20240511T002949.tif
2025-10-16 02:01:15,926 consumer #1 [DEBUG] Extracting S2A_MSIL2A_20240510T183921_N0510_R070_T10SGF_20240511T002949 to temporary directory: early_season_2024/2024-05-10/extract_S2A_MSIL2A_20240510T183921_N0510_R070_T10SGF_20240511T002949_3anefvgl
2025-10-16 02:01:15,927 consumer #1 [ERROR] Error processing S2A_MSIL2A_20240510T183921_N0510_R070_T10SGF_20240511T002949: File is not a zip file
2025-10-16 02:01:15,927 consumer #1 [WARNING] Retrying S2A_MSIL2A_20240510T183921_N0510_R070_T10SGF_20240511T002949, remaining: 2
2025-10-16 02:01:15,927 consumer #1 [INFO] Processing feature: S2A_MSIL2A_20240510T183921_N0510_R070_T10SGF_20240511T002949 (Tile code: T10SGF)
2025-10-16 02:01:15,927 consumer #1 [INFO] Downloading 'S2A_MSIL2A_20240510T183921_N0510_R070_T10SGF_20240511T002949' (Tile: T10SGF)
2025-10-16 02:01:15,927 consumer #1 [INFO] Processing ZIP to 6-band for 'S2A_MSIL2A_20240510T183921_N0510_R070_T10SGF_20240511T002949' (Tile: T10SGF)
2025-10-16 02:01:15,927 consumer #1 [DEBUG] Processing early_season_2024/2024-05-10/S2A_MSIL2A_20240510T183921_N0510_R070_T10SGF_20240511T002949.SAFE.zip into early_season_2024/2024-05-10/S2A_MSIL2A_20240510T183921_N0510_R070_T10SGF_20240511T002949.tif
2025-10-16 02:01:15,927 consumer #1 [DEBUG] Extracting S2A_MSIL2A_20240510T183921_N0510_R070_T10SGF_20240511T002949 to temporary directory: early_season_2024/2024-05-10/extract_S2A_MSIL2A_20240510T183921_N0510_R070_T10SGF_20240511T002949_z15w434_
2025-10-16 02:01:15,928 consumer #1 [ERROR] Error processing S2A_MSIL2A_20240510T183921_N0510_R070_T10SGF_20240511T002949: File is not a zip file
2025-10-16 02:01:15,928 consumer #1 [WARNING] Retrying S2A_MSIL2A_20240510T183921_N0510_R070_T10SGF_20240511T002949, remaining: 1
2025-10-16 02:01:15,928 consumer #1 [INFO] Processing feature: S2A_MSIL2A_20240510T183921_N0510_R070_T10SGF_20240511T002949 (Tile code: T10SGF)
2025-10-16 02:01:15,928 consumer #1 [INFO] Downloading 'S2A_MSIL2A_20240510T183921_N0510_R070_T10SGF_20240511T002949' (Tile: T10SGF)
2025-10-16 02:01:15,928 consumer #1 [INFO] Processing ZIP to 6-band for 'S2A_MSIL2A_20240510T183921_N0510_R070_T10SGF_20240511T002949' (Tile: T10SGF)
2025-10-16 02:01:15,928 consumer #1 [DEBUG] Processing early_season_2024/2024-05-10/S2A_MSIL2A_20240510T183921_N0510_R070_T10SGF_20240511T002949.SAFE.zip into early_season_2024/2024-05-10/S2A_MSIL2A_20240510T183921_N0510_R070_T10SGF_20240511T002949.tif
2025-10-16 02:01:15,948 consumer #1 [DEBUG] Extracting S2A_MSIL2A_20240510T183921_N0510_R070_T10SGF_20240511T002949 to temporary directory: early_season_2024/2024-05-10/extract_S2A_MSIL2A_20240510T183921_N0510_R070_T10SGF_20240511T002949_9i2hk12l
2025-10-16 02:01:15,948 consumer #1 [ERROR] Error processing S2A_MSIL2A_20240510T183921_N0510_R070_T10SGF_20240511T002949: File is not a zip file
2025-10-16 02:01:15,949 consumer #1 [INFO] Processing feature: S2A_MSIL2A_20240520T183921_N0510_R070_T10SGF_20240521T011353 (Tile code: T10SGF)
2025-10-16 02:01:15,949 consumer #1 [INFO] Downloading 'S2A_MSIL2A_20240520T183921_N0510_R070_T10SGF_20240521T011353' (Tile: T10SGF)
2025-10-16 02:03:07,160 consumer #3 [ERROR] Error processing S2A_MSIL2A_20240430T183921_N0510_R070_T11SKA_20240501T002051: [Errno 122] Disk quota exceeded
2025-10-16 02:03:07,163 consumer #3 [WARNING] Retrying S2A_MSIL2A_20240430T183921_N0510_R070_T11SKA_20240501T002051, remaining: 3
2025-10-16 02:03:07,164 consumer #3 [INFO] Processing feature: S2A_MSIL2A_20240430T183921_N0510_R070_T11SKA_20240501T002051 (Tile code: T11SKA)
2025-10-16 02:03:07,164 consumer #3 [INFO] Downloading 'S2A_MSIL2A_20240430T183921_N0510_R070_T11SKA_20240501T002051' (Tile: T11SKA)
2025-10-16 02:03:07,164 consumer #3 [INFO] Processing ZIP to 6-band for 'S2A_MSIL2A_20240430T183921_N0510_R070_T11SKA_20240501T002051' (Tile: T11SKA)
2025-10-16 02:03:07,165 consumer #3 [DEBUG] Processing early_season_2024/2024-04-30/S2A_MSIL2A_20240430T183921_N0510_R070_T11SKA_20240501T002051.SAFE.zip into early_season_2024/2024-04-30/S2A_MSIL2A_20240430T183921_N0510_R070_T11SKA_20240501T002051.tif
2025-10-16 02:03:07,180 consumer #3 [DEBUG] Extracting S2A_MSIL2A_20240430T183921_N0510_R070_T11SKA_20240501T002051 to temporary directory: early_season_2024/2024-04-30/extract_S2A_MSIL2A_20240430T183921_N0510_R070_T11SKA_20240501T002051_25531l94
2025-10-16 02:03:07,181 consumer #3 [ERROR] Error processing S2A_MSIL2A_20240430T183921_N0510_R070_T11SKA_20240501T002051: File is not a zip file
2025-10-16 02:03:07,181 consumer #3 [WARNING] Retrying S2A_MSIL2A_20240430T183921_N0510_R070_T11SKA_20240501T002051, remaining: 2
2025-10-16 02:03:07,181 consumer #3 [INFO] Processing feature: S2A_MSIL2A_20240430T183921_N0510_R070_T11SKA_20240501T002051 (Tile code: T11SKA)
2025-10-16 02:03:07,181 consumer #3 [INFO] Downloading 'S2A_MSIL2A_20240430T183921_N0510_R070_T11SKA_20240501T002051' (Tile: T11SKA)
2025-10-16 02:03:07,181 consumer #3 [INFO] Processing ZIP to 6-band for 'S2A_MSIL2A_20240430T183921_N0510_R070_T11SKA_20240501T002051' (Tile: T11SKA)
2025-10-16 02:03:07,181 consumer #3 [DEBUG] Processing early_season_2024/2024-04-30/S2A_MSIL2A_20240430T183921_N0510_R070_T11SKA_20240501T002051.SAFE.zip into early_season_2024/2024-04-30/S2A_MSIL2A_20240430T183921_N0510_R070_T11SKA_20240501T002051.tif
2025-10-16 02:03:07,182 consumer #3 [DEBUG] Extracting S2A_MSIL2A_20240430T183921_N0510_R070_T11SKA_20240501T002051 to temporary directory: early_season_2024/2024-04-30/extract_S2A_MSIL2A_20240430T183921_N0510_R070_T11SKA_20240501T002051_5z5wj0xt
2025-10-16 02:03:07,182 consumer #3 [ERROR] Error processing S2A_MSIL2A_20240430T183921_N0510_R070_T11SKA_20240501T002051: File is not a zip file
2025-10-16 02:03:07,182 consumer #3 [WARNING] Retrying S2A_MSIL2A_20240430T183921_N0510_R070_T11SKA_20240501T002051, remaining: 1
2025-10-16 02:03:07,182 consumer #3 [INFO] Processing feature: S2A_MSIL2A_20240430T183921_N0510_R070_T11SKA_20240501T002051 (Tile code: T11SKA)
2025-10-16 02:03:07,182 consumer #3 [INFO] Downloading 'S2A_MSIL2A_20240430T183921_N0510_R070_T11SKA_20240501T002051' (Tile: T11SKA)
2025-10-16 02:03:07,182 consumer #3 [INFO] Processing ZIP to 6-band for 'S2A_MSIL2A_20240430T183921_N0510_R070_T11SKA_20240501T002051' (Tile: T11SKA)
2025-10-16 02:03:07,183 consumer #3 [DEBUG] Processing early_season_2024/2024-04-30/S2A_MSIL2A_20240430T183921_N0510_R070_T11SKA_20240501T002051.SAFE.zip into early_season_2024/2024-04-30/S2A_MSIL2A_20240430T183921_N0510_R070_T11SKA_20240501T002051.tif
2025-10-16 02:03:07,214 consumer #3 [DEBUG] Extracting S2A_MSIL2A_20240430T183921_N0510_R070_T11SKA_20240501T002051 to temporary directory: early_season_2024/2024-04-30/extract_S2A_MSIL2A_20240430T183921_N0510_R070_T11SKA_20240501T002051_bxyujqnf
2025-10-16 02:03:07,214 consumer #3 [ERROR] Error processing S2A_MSIL2A_20240430T183921_N0510_R070_T11SKA_20240501T002051: File is not a zip file
2025-10-16 02:03:07,215 consumer #3 [INFO] Processing feature: S2A_MSIL2A_20240520T183921_N0510_R070_T11SKA_20240521T011353 (Tile code: T11SKA)
2025-10-16 02:03:07,215 consumer #3 [INFO] Downloading 'S2A_MSIL2A_20240520T183921_N0510_R070_T11SKA_20240521T011353' (Tile: T11SKA)
2025-10-16 02:04:12,424 consumer #2 [ERROR] Error processing S2A_MSIL2A_20240510T183921_N0510_R070_T11SKA_20240511T002949: [Errno 122] Disk quota exceeded
2025-10-16 02:04:12,428 consumer #2 [WARNING] Retrying S2A_MSIL2A_20240510T183921_N0510_R070_T11SKA_20240511T002949, remaining: 3
2025-10-16 02:04:12,429 consumer #2 [INFO] Processing feature: S2A_MSIL2A_20240510T183921_N0510_R070_T11SKA_20240511T002949 (Tile code: T11SKA)
2025-10-16 02:04:12,429 consumer #2 [INFO] Downloading 'S2A_MSIL2A_20240510T183921_N0510_R070_T11SKA_20240511T002949' (Tile: T11SKA)
2025-10-16 02:04:12,429 consumer #2 [INFO] Processing ZIP to 6-band for 'S2A_MSIL2A_20240510T183921_N0510_R070_T11SKA_20240511T002949' (Tile: T11SKA)
2025-10-16 02:04:12,429 consumer #2 [DEBUG] Processing early_season_2024/2024-05-10/S2A_MSIL2A_20240510T183921_N0510_R070_T11SKA_20240511T002949.SAFE.zip into early_season_2024/2024-05-10/S2A_MSIL2A_20240510T183921_N0510_R070_T11SKA_20240511T002949.tif
2025-10-16 02:04:12,446 consumer #2 [DEBUG] Extracting S2A_MSIL2A_20240510T183921_N0510_R070_T11SKA_20240511T002949 to temporary directory: early_season_2024/2024-05-10/extract_S2A_MSIL2A_20240510T183921_N0510_R070_T11SKA_20240511T002949_u0_h5k2o
2025-10-16 02:04:12,446 consumer #2 [ERROR] Error processing S2A_MSIL2A_20240510T183921_N0510_R070_T11SKA_20240511T002949: File is not a zip file
2025-10-16 02:04:12,447 consumer #2 [WARNING] Retrying S2A_MSIL2A_20240510T183921_N0510_R070_T11SKA_20240511T002949, remaining: 2
2025-10-16 02:04:12,447 consumer #2 [INFO] Processing feature: S2A_MSIL2A_20240510T183921_N0510_R070_T11SKA_20240511T002949 (Tile code: T11SKA)
2025-10-16 02:04:12,447 consumer #2 [INFO] Downloading 'S2A_MSIL2A_20240510T183921_N0510_R070_T11SKA_20240511T002949' (Tile: T11SKA)
2025-10-16 02:04:12,447 consumer #2 [INFO] Processing ZIP to 6-band for 'S2A_MSIL2A_20240510T183921_N0510_R070_T11SKA_20240511T002949' (Tile: T11SKA)
2025-10-16 02:04:12,447 consumer #2 [DEBUG] Processing early_season_2024/2024-05-10/S2A_MSIL2A_20240510T183921_N0510_R070_T11SKA_20240511T002949.SAFE.zip into early_season_2024/2024-05-10/S2A_MSIL2A_20240510T183921_N0510_R070_T11SKA_20240511T002949.tif
2025-10-16 02:04:12,447 consumer #2 [DEBUG] Extracting S2A_MSIL2A_20240510T183921_N0510_R070_T11SKA_20240511T002949 to temporary directory: early_season_2024/2024-05-10/extract_S2A_MSIL2A_20240510T183921_N0510_R070_T11SKA_20240511T002949_gxaa98n1
2025-10-16 02:04:12,448 consumer #2 [ERROR] Error processing S2A_MSIL2A_20240510T183921_N0510_R070_T11SKA_20240511T002949: File is not a zip file
2025-10-16 02:04:12,448 consumer #2 [WARNING] Retrying S2A_MSIL2A_20240510T183921_N0510_R070_T11SKA_20240511T002949, remaining: 1
2025-10-16 02:04:12,448 consumer #2 [INFO] Processing feature: S2A_MSIL2A_20240510T183921_N0510_R070_T11SKA_20240511T002949 (Tile code: T11SKA)
2025-10-16 02:04:12,448 consumer #2 [INFO] Downloading 'S2A_MSIL2A_20240510T183921_N0510_R070_T11SKA_20240511T002949' (Tile: T11SKA)
2025-10-16 02:04:12,448 consumer #2 [INFO] Processing ZIP to 6-band for 'S2A_MSIL2A_20240510T183921_N0510_R070_T11SKA_20240511T002949' (Tile: T11SKA)
2025-10-16 02:04:12,448 consumer #2 [DEBUG] Processing early_season_2024/2024-05-10/S2A_MSIL2A_20240510T183921_N0510_R070_T11SKA_20240511T002949.SAFE.zip into early_season_2024/2024-05-10/S2A_MSIL2A_20240510T183921_N0510_R070_T11SKA_20240511T002949.tif
2025-10-16 02:04:12,468 consumer #2 [DEBUG] Extracting S2A_MSIL2A_20240510T183921_N0510_R070_T11SKA_20240511T002949 to temporary directory: early_season_2024/2024-05-10/extract_S2A_MSIL2A_20240510T183921_N0510_R070_T11SKA_20240511T002949_2hgo8mog
2025-10-16 02:04:12,468 consumer #2 [ERROR] Error processing S2A_MSIL2A_20240510T183921_N0510_R070_T11SKA_20240511T002949: File is not a zip file
2025-10-16 02:04:12,468 consumer #2 [INFO] Processing feature: S2B_MSIL2A_20240525T183919_N0510_R070_T11SKA_20240525T220718 (Tile code: T11SKA)
2025-10-16 02:04:12,469 consumer #2 [INFO] Downloading 'S2B_MSIL2A_20240525T183919_N0510_R070_T11SKA_20240525T220718' (Tile: T11SKA)
2025-10-16 02:05:07,522 MainThread [INFO] Checking thread statuses...
2025-10-16 02:05:33,285 consumer #3 [ERROR] Error processing S2A_MSIL2A_20240520T183921_N0510_R070_T11SKA_20240521T011353: [Errno 122] Disk quota exceeded
2025-10-16 02:05:33,288 consumer #3 [WARNING] Retrying S2A_MSIL2A_20240520T183921_N0510_R070_T11SKA_20240521T011353, remaining: 3
2025-10-16 02:05:33,289 consumer #3 [INFO] Processing feature: S2A_MSIL2A_20240520T183921_N0510_R070_T11SKA_20240521T011353 (Tile code: T11SKA)
2025-10-16 02:05:33,289 consumer #3 [INFO] Downloading 'S2A_MSIL2A_20240520T183921_N0510_R070_T11SKA_20240521T011353' (Tile: T11SKA)
2025-10-16 02:05:33,289 consumer #3 [INFO] Processing ZIP to 6-band for 'S2A_MSIL2A_20240520T183921_N0510_R070_T11SKA_20240521T011353' (Tile: T11SKA)
2025-10-16 02:05:33,289 consumer #3 [DEBUG] Processing early_season_2024/2024-05-20/S2A_MSIL2A_20240520T183921_N0510_R070_T11SKA_20240521T011353.SAFE.zip into early_season_2024/2024-05-20/S2A_MSIL2A_20240520T183921_N0510_R070_T11SKA_20240521T011353.tif
2025-10-16 02:05:33,311 consumer #3 [DEBUG] Extracting S2A_MSIL2A_20240520T183921_N0510_R070_T11SKA_20240521T011353 to temporary directory: early_season_2024/2024-05-20/extract_S2A_MSIL2A_20240520T183921_N0510_R070_T11SKA_20240521T011353_8ajsx0mm
2025-10-16 02:05:33,312 consumer #3 [ERROR] Error processing S2A_MSIL2A_20240520T183921_N0510_R070_T11SKA_20240521T011353: File is not a zip file
2025-10-16 02:05:33,312 consumer #3 [WARNING] Retrying S2A_MSIL2A_20240520T183921_N0510_R070_T11SKA_20240521T011353, remaining: 2
2025-10-16 02:05:33,312 consumer #3 [INFO] Processing feature: S2A_MSIL2A_20240520T183921_N0510_R070_T11SKA_20240521T011353 (Tile code: T11SKA)
2025-10-16 02:05:33,312 consumer #3 [INFO] Downloading 'S2A_MSIL2A_20240520T183921_N0510_R070_T11SKA_20240521T011353' (Tile: T11SKA)
2025-10-16 02:05:33,312 consumer #3 [INFO] Processing ZIP to 6-band for 'S2A_MSIL2A_20240520T183921_N0510_R070_T11SKA_20240521T011353' (Tile: T11SKA)
2025-10-16 02:05:33,312 consumer #3 [DEBUG] Processing early_season_2024/2024-05-20/S2A_MSIL2A_20240520T183921_N0510_R070_T11SKA_20240521T011353.SAFE.zip into early_season_2024/2024-05-20/S2A_MSIL2A_20240520T183921_N0510_R070_T11SKA_20240521T011353.tif
2025-10-16 02:05:33,313 consumer #3 [DEBUG] Extracting S2A_MSIL2A_20240520T183921_N0510_R070_T11SKA_20240521T011353 to temporary directory: early_season_2024/2024-05-20/extract_S2A_MSIL2A_20240520T183921_N0510_R070_T11SKA_20240521T011353_98gnrdgr
2025-10-16 02:05:33,313 consumer #3 [ERROR] Error processing S2A_MSIL2A_20240520T183921_N0510_R070_T11SKA_20240521T011353: File is not a zip file
2025-10-16 02:05:33,313 consumer #3 [WARNING] Retrying S2A_MSIL2A_20240520T183921_N0510_R070_T11SKA_20240521T011353, remaining: 1
2025-10-16 02:05:33,313 consumer #3 [INFO] Processing feature: S2A_MSIL2A_20240520T183921_N0510_R070_T11SKA_20240521T011353 (Tile code: T11SKA)
2025-10-16 02:05:33,313 consumer #3 [INFO] Downloading 'S2A_MSIL2A_20240520T183921_N0510_R070_T11SKA_20240521T011353' (Tile: T11SKA)
2025-10-16 02:05:33,313 consumer #3 [INFO] Processing ZIP to 6-band for 'S2A_MSIL2A_20240520T183921_N0510_R070_T11SKA_20240521T011353' (Tile: T11SKA)
2025-10-16 02:05:33,313 consumer #3 [DEBUG] Processing early_season_2024/2024-05-20/S2A_MSIL2A_20240520T183921_N0510_R070_T11SKA_20240521T011353.SAFE.zip into early_season_2024/2024-05-20/S2A_MSIL2A_20240520T183921_N0510_R070_T11SKA_20240521T011353.tif
2025-10-16 02:05:33,338 consumer #3 [DEBUG] Extracting S2A_MSIL2A_20240520T183921_N0510_R070_T11SKA_20240521T011353 to temporary directory: early_season_2024/2024-05-20/extract_S2A_MSIL2A_20240520T183921_N0510_R070_T11SKA_20240521T011353_zq8za6yb
2025-10-16 02:05:33,338 consumer #3 [ERROR] Error processing S2A_MSIL2A_20240520T183921_N0510_R070_T11SKA_20240521T011353: File is not a zip file
2025-10-16 02:05:33,339 consumer #3 [INFO] Processing feature: S2B_MSIL2A_20240525T183919_N0510_R070_T10SGF_20240525T220718 (Tile code: T10SGF)
2025-10-16 02:05:33,339 consumer #3 [INFO] Downloading 'S2B_MSIL2A_20240525T183919_N0510_R070_T10SGF_20240525T220718' (Tile: T10SGF)
2025-10-16 02:06:25,413 consumer #2 [ERROR] Error processing S2B_MSIL2A_20240604T183919_N0510_R070_T11SKA_20240604T221437: [Errno 122] Disk quota exceeded
2025-10-16 02:06:25,415 consumer #2 [WARNING] Retrying S2B_MSIL2A_20240604T183919_N0510_R070_T11SKA_20240604T221437, remaining: 3
2025-10-16 02:06:25,415 consumer #2 [INFO] Processing feature: S2B_MSIL2A_20240604T183919_N0510_R070_T11SKA_20240604T221437 (Tile code: T11SKA)
2025-10-16 02:06:25,415 consumer #2 [INFO] Downloading 'S2B_MSIL2A_20240604T183919_N0510_R070_T11SKA_20240604T221437' (Tile: T11SKA)
2025-10-16 02:06:25,415 consumer #2 [INFO] Processing ZIP to 6-band for 'S2B_MSIL2A_20240604T183919_N0510_R070_T11SKA_20240604T221437' (Tile: T11SKA)
2025-10-16 02:06:25,415 consumer #2 [DEBUG] Processing mid_season_2024/2024-06-04/S2B_MSIL2A_20240604T183919_N0510_R070_T11SKA_20240604T221437.SAFE.zip into mid_season_2024/2024-06-04/S2B_MSIL2A_20240604T183919_N0510_R070_T11SKA_20240604T221437.tif
2025-10-16 02:06:25,430 consumer #2 [DEBUG] Extracting S2B_MSIL2A_20240604T183919_N0510_R070_T11SKA_20240604T221437 to temporary directory: mid_season_2024/2024-06-04/extract_S2B_MSIL2A_20240604T183919_N0510_R070_T11SKA_20240604T221437_noll2_dl
2025-10-16 02:06:25,431 consumer #2 [ERROR] Error processing S2B_MSIL2A_20240604T183919_N0510_R070_T11SKA_20240604T221437: File is not a zip file
2025-10-16 02:06:25,431 consumer #2 [WARNING] Retrying S2B_MSIL2A_20240604T183919_N0510_R070_T11SKA_20240604T221437, remaining: 2
2025-10-16 02:06:25,431 consumer #2 [INFO] Processing feature: S2B_MSIL2A_20240604T183919_N0510_R070_T11SKA_20240604T221437 (Tile code: T11SKA)
2025-10-16 02:06:25,431 consumer #2 [INFO] Downloading 'S2B_MSIL2A_20240604T183919_N0510_R070_T11SKA_20240604T221437' (Tile: T11SKA)
2025-10-16 02:06:25,431 consumer #2 [INFO] Processing ZIP to 6-band for 'S2B_MSIL2A_20240604T183919_N0510_R070_T11SKA_20240604T221437' (Tile: T11SKA)
2025-10-16 02:06:25,431 consumer #2 [DEBUG] Processing mid_season_2024/2024-06-04/S2B_MSIL2A_20240604T183919_N0510_R070_T11SKA_20240604T221437.SAFE.zip into mid_season_2024/2024-06-04/S2B_MSIL2A_20240604T183919_N0510_R070_T11SKA_20240604T221437.tif
2025-10-16 02:06:25,432 consumer #2 [DEBUG] Extracting S2B_MSIL2A_20240604T183919_N0510_R070_T11SKA_20240604T221437 to temporary directory: mid_season_2024/2024-06-04/extract_S2B_MSIL2A_20240604T183919_N0510_R070_T11SKA_20240604T221437_fyl9kfsu
2025-10-16 02:06:25,432 consumer #2 [ERROR] Error processing S2B_MSIL2A_20240604T183919_N0510_R070_T11SKA_20240604T221437: File is not a zip file
2025-10-16 02:06:25,432 consumer #2 [WARNING] Retrying S2B_MSIL2A_20240604T183919_N0510_R070_T11SKA_20240604T221437, remaining: 1
2025-10-16 02:06:25,432 consumer #2 [INFO] Processing feature: S2B_MSIL2A_20240604T183919_N0510_R070_T11SKA_20240604T221437 (Tile code: T11SKA)
2025-10-16 02:06:25,432 consumer #2 [INFO] Downloading 'S2B_MSIL2A_20240604T183919_N0510_R070_T11SKA_20240604T221437' (Tile: T11SKA)
2025-10-16 02:06:25,432 consumer #2 [INFO] Processing ZIP to 6-band for 'S2B_MSIL2A_20240604T183919_N0510_R070_T11SKA_20240604T221437' (Tile: T11SKA)
2025-10-16 02:06:25,432 consumer #2 [DEBUG] Processing mid_season_2024/2024-06-04/S2B_MSIL2A_20240604T183919_N0510_R070_T11SKA_20240604T221437.SAFE.zip into mid_season_2024/2024-06-04/S2B_MSIL2A_20240604T183919_N0510_R070_T11SKA_20240604T221437.tif
2025-10-16 02:06:25,451 consumer #2 [DEBUG] Extracting S2B_MSIL2A_20240604T183919_N0510_R070_T11SKA_20240604T221437 to temporary directory: mid_season_2024/2024-06-04/extract_S2B_MSIL2A_20240604T183919_N0510_R070_T11SKA_20240604T221437_yozr3bun
2025-10-16 02:06:25,451 consumer #2 [ERROR] Error processing S2B_MSIL2A_20240604T183919_N0510_R070_T11SKA_20240604T221437: File is not a zip file
2025-10-16 02:06:25,453 consumer #2 [INFO] Processing feature: S2A_MSIL2A_20240619T183921_N0510_R070_T10SGF_20240620T005757 (Tile code: T10SGF)
2025-10-16 02:06:25,454 consumer #2 [INFO] Downloading 'S2A_MSIL2A_20240619T183921_N0510_R070_T10SGF_20240620T005757' (Tile: T10SGF)
2025-10-16 02:06:34,146 consumer #0 [ERROR] Error processing S2A_MSIL2A_20240609T183921_N0510_R070_T10SGF_20240610T012249: [Errno 122] Disk quota exceeded
2025-10-16 02:06:34,149 consumer #0 [WARNING] Retrying S2A_MSIL2A_20240609T183921_N0510_R070_T10SGF_20240610T012249, remaining: 3
2025-10-16 02:06:34,149 consumer #0 [INFO] Processing feature: S2A_MSIL2A_20240609T183921_N0510_R070_T10SGF_20240610T012249 (Tile code: T10SGF)
2025-10-16 02:06:34,149 consumer #0 [INFO] Downloading 'S2A_MSIL2A_20240609T183921_N0510_R070_T10SGF_20240610T012249' (Tile: T10SGF)
2025-10-16 02:06:34,149 consumer #0 [INFO] Processing ZIP to 6-band for 'S2A_MSIL2A_20240609T183921_N0510_R070_T10SGF_20240610T012249' (Tile: T10SGF)
2025-10-16 02:06:34,149 consumer #0 [DEBUG] Processing mid_season_2024/2024-06-09/S2A_MSIL2A_20240609T183921_N0510_R070_T10SGF_20240610T012249.SAFE.zip into mid_season_2024/2024-06-09/S2A_MSIL2A_20240609T183921_N0510_R070_T10SGF_20240610T012249.tif
2025-10-16 02:06:34,176 consumer #0 [DEBUG] Extracting S2A_MSIL2A_20240609T183921_N0510_R070_T10SGF_20240610T012249 to temporary directory: mid_season_2024/2024-06-09/extract_S2A_MSIL2A_20240609T183921_N0510_R070_T10SGF_20240610T012249_lccy9_ys
2025-10-16 02:06:34,177 consumer #0 [ERROR] Error processing S2A_MSIL2A_20240609T183921_N0510_R070_T10SGF_20240610T012249: File is not a zip file
2025-10-16 02:06:34,177 consumer #0 [WARNING] Retrying S2A_MSIL2A_20240609T183921_N0510_R070_T10SGF_20240610T012249, remaining: 2
2025-10-16 02:06:34,177 consumer #0 [INFO] Processing feature: S2A_MSIL2A_20240609T183921_N0510_R070_T10SGF_20240610T012249 (Tile code: T10SGF)
2025-10-16 02:06:34,177 consumer #0 [INFO] Downloading 'S2A_MSIL2A_20240609T183921_N0510_R070_T10SGF_20240610T012249' (Tile: T10SGF)
2025-10-16 02:06:34,177 consumer #0 [INFO] Processing ZIP to 6-band for 'S2A_MSIL2A_20240609T183921_N0510_R070_T10SGF_20240610T012249' (Tile: T10SGF)
2025-10-16 02:06:34,177 consumer #0 [DEBUG] Processing mid_season_2024/2024-06-09/S2A_MSIL2A_20240609T183921_N0510_R070_T10SGF_20240610T012249.SAFE.zip into mid_season_2024/2024-06-09/S2A_MSIL2A_20240609T183921_N0510_R070_T10SGF_20240610T012249.tif
2025-10-16 02:06:34,178 consumer #0 [DEBUG] Extracting S2A_MSIL2A_20240609T183921_N0510_R070_T10SGF_20240610T012249 to temporary directory: mid_season_2024/2024-06-09/extract_S2A_MSIL2A_20240609T183921_N0510_R070_T10SGF_20240610T012249_430ih9ur
2025-10-16 02:06:34,178 consumer #0 [ERROR] Error processing S2A_MSIL2A_20240609T183921_N0510_R070_T10SGF_20240610T012249: File is not a zip file
2025-10-16 02:06:34,178 consumer #0 [WARNING] Retrying S2A_MSIL2A_20240609T183921_N0510_R070_T10SGF_20240610T012249, remaining: 1
2025-10-16 02:06:34,178 consumer #0 [INFO] Processing feature: S2A_MSIL2A_20240609T183921_N0510_R070_T10SGF_20240610T012249 (Tile code: T10SGF)
2025-10-16 02:06:34,178 consumer #0 [INFO] Downloading 'S2A_MSIL2A_20240609T183921_N0510_R070_T10SGF_20240610T012249' (Tile: T10SGF)
2025-10-16 02:06:34,179 consumer #0 [INFO] Processing ZIP to 6-band for 'S2A_MSIL2A_20240609T183921_N0510_R070_T10SGF_20240610T012249' (Tile: T10SGF)
2025-10-16 02:06:34,179 consumer #0 [DEBUG] Processing mid_season_2024/2024-06-09/S2A_MSIL2A_20240609T183921_N0510_R070_T10SGF_20240610T012249.SAFE.zip into mid_season_2024/2024-06-09/S2A_MSIL2A_20240609T183921_N0510_R070_T10SGF_20240610T012249.tif
2025-10-16 02:06:34,203 consumer #0 [DEBUG] Extracting S2A_MSIL2A_20240609T183921_N0510_R070_T10SGF_20240610T012249 to temporary directory: mid_season_2024/2024-06-09/extract_S2A_MSIL2A_20240609T183921_N0510_R070_T10SGF_20240610T012249_xmewggpi
2025-10-16 02:06:34,204 consumer #0 [ERROR] Error processing S2A_MSIL2A_20240609T183921_N0510_R070_T10SGF_20240610T012249: File is not a zip file
2025-10-16 02:06:34,206 consumer #0 [INFO] Processing feature: S2A_MSIL2A_20240619T183921_N0510_R070_T11SKA_20240620T005757 (Tile code: T11SKA)
2025-10-16 02:06:34,206 consumer #0 [INFO] Downloading 'S2A_MSIL2A_20240619T183921_N0510_R070_T11SKA_20240620T005757' (Tile: T11SKA)
2025-10-16 02:06:48,281 MainThread [INFO] Checking thread statuses...
2025-10-16 02:07:17,432 consumer #0 [ERROR] Error processing S2B_MSIL2A_20240326T183929_N0510_R070_T11SKA_20240326T225901: [Errno 122] Disk quota exceeded
2025-10-16 02:07:17,434 consumer #0 [WARNING] Retrying S2B_MSIL2A_20240326T183929_N0510_R070_T11SKA_20240326T225901, remaining: 3
2025-10-16 02:07:17,434 consumer #0 [INFO] Processing feature: S2B_MSIL2A_20240326T183929_N0510_R070_T11SKA_20240326T225901 (Tile code: T11SKA)
2025-10-16 02:07:17,434 consumer #0 [INFO] Downloading 'S2B_MSIL2A_20240326T183929_N0510_R070_T11SKA_20240326T225901' (Tile: T11SKA)
2025-10-16 02:07:17,435 consumer #0 [INFO] Processing ZIP to 6-band for 'S2B_MSIL2A_20240326T183929_N0510_R070_T11SKA_20240326T225901' (Tile: T11SKA)
2025-10-16 02:07:17,435 consumer #0 [DEBUG] Processing early_season_2024/2024-03-26/S2B_MSIL2A_20240326T183929_N0510_R070_T11SKA_20240326T225901.SAFE.zip into early_season_2024/2024-03-26/S2B_MSIL2A_20240326T183929_N0510_R070_T11SKA_20240326T225901.tif
2025-10-16 02:07:17,460 consumer #0 [DEBUG] Extracting S2B_MSIL2A_20240326T183929_N0510_R070_T11SKA_20240326T225901 to temporary directory: early_season_2024/2024-03-26/extract_S2B_MSIL2A_20240326T183929_N0510_R070_T11SKA_20240326T225901_z7vdbjej
2025-10-16 02:07:17,461 consumer #0 [ERROR] Error processing S2B_MSIL2A_20240326T183929_N0510_R070_T11SKA_20240326T225901: File is not a zip file
2025-10-16 02:07:17,461 consumer #0 [WARNING] Retrying S2B_MSIL2A_20240326T183929_N0510_R070_T11SKA_20240326T225901, remaining: 2
2025-10-16 02:07:17,461 consumer #0 [INFO] Processing feature: S2B_MSIL2A_20240326T183929_N0510_R070_T11SKA_20240326T225901 (Tile code: T11SKA)
2025-10-16 02:07:17,461 consumer #0 [INFO] Downloading 'S2B_MSIL2A_20240326T183929_N0510_R070_T11SKA_20240326T225901' (Tile: T11SKA)
2025-10-16 02:07:17,461 consumer #0 [INFO] Processing ZIP to 6-band for 'S2B_MSIL2A_20240326T183929_N0510_R070_T11SKA_20240326T225901' (Tile: T11SKA)
2025-10-16 02:07:17,461 consumer #0 [DEBUG] Processing early_season_2024/2024-03-26/S2B_MSIL2A_20240326T183929_N0510_R070_T11SKA_20240326T225901.SAFE.zip into early_season_2024/2024-03-26/S2B_MSIL2A_20240326T183929_N0510_R070_T11SKA_20240326T225901.tif
2025-10-16 02:07:17,462 consumer #0 [DEBUG] Extracting S2B_MSIL2A_20240326T183929_N0510_R070_T11SKA_20240326T225901 to temporary directory: early_season_2024/2024-03-26/extract_S2B_MSIL2A_20240326T183929_N0510_R070_T11SKA_20240326T225901_g8a8fdgz
2025-10-16 02:07:17,462 consumer #0 [ERROR] Error processing S2B_MSIL2A_20240326T183929_N0510_R070_T11SKA_20240326T225901: File is not a zip file
2025-10-16 02:07:17,462 consumer #0 [WARNING] Retrying S2B_MSIL2A_20240326T183929_N0510_R070_T11SKA_20240326T225901, remaining: 1
2025-10-16 02:07:17,462 consumer #0 [INFO] Processing feature: S2B_MSIL2A_20240326T183929_N0510_R070_T11SKA_20240326T225901 (Tile code: T11SKA)
2025-10-16 02:07:17,462 consumer #0 [INFO] Downloading 'S2B_MSIL2A_20240326T183929_N0510_R070_T11SKA_20240326T225901' (Tile: T11SKA)
2025-10-16 02:07:17,462 consumer #0 [INFO] Processing ZIP to 6-band for 'S2B_MSIL2A_20240326T183929_N0510_R070_T11SKA_20240326T225901' (Tile: T11SKA)
2025-10-16 02:07:17,462 consumer #0 [DEBUG] Processing early_season_2024/2024-03-26/S2B_MSIL2A_20240326T183929_N0510_R070_T11SKA_20240326T225901.SAFE.zip into early_season_2024/2024-03-26/S2B_MSIL2A_20240326T183929_N0510_R070_T11SKA_20240326T225901.tif
2025-10-16 02:07:17,488 consumer #0 [DEBUG] Extracting S2B_MSIL2A_20240326T183929_N0510_R070_T11SKA_20240326T225901 to temporary directory: early_season_2024/2024-03-26/extract_S2B_MSIL2A_20240326T183929_N0510_R070_T11SKA_20240326T225901_syp46k5c
2025-10-16 02:07:17,489 consumer #0 [ERROR] Error processing S2B_MSIL2A_20240326T183929_N0510_R070_T11SKA_20240326T225901: File is not a zip file
2025-10-16 02:07:17,489 consumer #0 [INFO] Processing feature: S2A_MSIL2A_20240530T183921_N0510_R070_T11SKA_20240531T012300 (Tile code: T11SKA)
2025-10-16 02:07:17,490 consumer #0 [INFO] Downloading 'S2A_MSIL2A_20240530T183921_N0510_R070_T11SKA_20240531T012300' (Tile: T11SKA)
2025-10-16 02:07:28,064 consumer #1 [ERROR] Error processing S2B_MSIL2A_20240902T183919_N0511_R070_T10SGF_20240902T225006: [Errno 122] Disk quota exceeded
2025-10-16 02:07:28,066 consumer #1 [WARNING] Retrying S2B_MSIL2A_20240902T183919_N0511_R070_T10SGF_20240902T225006, remaining: 3
2025-10-16 02:07:28,066 consumer #1 [INFO] Processing feature: S2B_MSIL2A_20240902T183919_N0511_R070_T10SGF_20240902T225006 (Tile code: T10SGF)
2025-10-16 02:07:28,066 consumer #1 [INFO] Downloading 'S2B_MSIL2A_20240902T183919_N0511_R070_T10SGF_20240902T225006' (Tile: T10SGF)
2025-10-16 02:07:28,066 consumer #1 [INFO] Processing ZIP to 6-band for 'S2B_MSIL2A_20240902T183919_N0511_R070_T10SGF_20240902T225006' (Tile: T10SGF)
2025-10-16 02:07:28,066 consumer #1 [DEBUG] Processing late_season_2024/2024-09-02/S2B_MSIL2A_20240902T183919_N0511_R070_T10SGF_20240902T225006.SAFE.zip into late_season_2024/2024-09-02/S2B_MSIL2A_20240902T183919_N0511_R070_T10SGF_20240902T225006.tif
2025-10-16 02:07:28,083 consumer #1 [DEBUG] Extracting S2B_MSIL2A_20240902T183919_N0511_R070_T10SGF_20240902T225006 to temporary directory: late_season_2024/2024-09-02/extract_S2B_MSIL2A_20240902T183919_N0511_R070_T10SGF_20240902T225006_3df3e40z
2025-10-16 02:07:28,083 consumer #1 [ERROR] Error processing S2B_MSIL2A_20240902T183919_N0511_R070_T10SGF_20240902T225006: File is not a zip file
2025-10-16 02:07:28,084 consumer #1 [WARNING] Retrying S2B_MSIL2A_20240902T183919_N0511_R070_T10SGF_20240902T225006, remaining: 2
2025-10-16 02:07:28,084 consumer #1 [INFO] Processing feature: S2B_MSIL2A_20240902T183919_N0511_R070_T10SGF_20240902T225006 (Tile code: T10SGF)
2025-10-16 02:07:28,084 consumer #1 [INFO] Downloading 'S2B_MSIL2A_20240902T183919_N0511_R070_T10SGF_20240902T225006' (Tile: T10SGF)
2025-10-16 02:07:28,084 consumer #1 [INFO] Processing ZIP to 6-band for 'S2B_MSIL2A_20240902T183919_N0511_R070_T10SGF_20240902T225006' (Tile: T10SGF)
2025-10-16 02:07:28,084 consumer #1 [DEBUG] Processing late_season_2024/2024-09-02/S2B_MSIL2A_20240902T183919_N0511_R070_T10SGF_20240902T225006.SAFE.zip into late_season_2024/2024-09-02/S2B_MSIL2A_20240902T183919_N0511_R070_T10SGF_20240902T225006.tif
2025-10-16 02:07:28,084 consumer #1 [DEBUG] Extracting S2B_MSIL2A_20240902T183919_N0511_R070_T10SGF_20240902T225006 to temporary directory: late_season_2024/2024-09-02/extract_S2B_MSIL2A_20240902T183919_N0511_R070_T10SGF_20240902T225006_wpwores0
2025-10-16 02:07:28,085 consumer #1 [ERROR] Error processing S2B_MSIL2A_20240902T183919_N0511_R070_T10SGF_20240902T225006: File is not a zip file
2025-10-16 02:07:28,085 consumer #1 [WARNING] Retrying S2B_MSIL2A_20240902T183919_N0511_R070_T10SGF_20240902T225006, remaining: 1
2025-10-16 02:07:28,085 consumer #1 [INFO] Processing feature: S2B_MSIL2A_20240902T183919_N0511_R070_T10SGF_20240902T225006 (Tile code: T10SGF)
2025-10-16 02:07:28,085 consumer #1 [INFO] Downloading 'S2B_MSIL2A_20240902T183919_N0511_R070_T10SGF_20240902T225006' (Tile: T10SGF)
2025-10-16 02:07:28,085 consumer #1 [INFO] Processing ZIP to 6-band for 'S2B_MSIL2A_20240902T183919_N0511_R070_T10SGF_20240902T225006' (Tile: T10SGF)
2025-10-16 02:07:28,085 consumer #1 [DEBUG] Processing late_season_2024/2024-09-02/S2B_MSIL2A_20240902T183919_N0511_R070_T10SGF_20240902T225006.SAFE.zip into late_season_2024/2024-09-02/S2B_MSIL2A_20240902T183919_N0511_R070_T10SGF_20240902T225006.tif
2025-10-16 02:07:28,102 consumer #1 [DEBUG] Extracting S2B_MSIL2A_20240902T183919_N0511_R070_T10SGF_20240902T225006 to temporary directory: late_season_2024/2024-09-02/extract_S2B_MSIL2A_20240902T183919_N0511_R070_T10SGF_20240902T225006_m03j61pv
2025-10-16 02:07:28,102 consumer #1 [ERROR] Error processing S2B_MSIL2A_20240902T183919_N0511_R070_T10SGF_20240902T225006: File is not a zip file
2025-10-16 02:07:28,104 consumer #1 [INFO] Processing feature: S2B_MSIL2A_20240912T183919_N0511_R070_T11SKA_20240913T001358 (Tile code: T11SKA)
2025-10-16 02:07:28,104 consumer #1 [INFO] Downloading 'S2B_MSIL2A_20240912T183919_N0511_R070_T11SKA_20240913T001358' (Tile: T11SKA)
2025-10-16 02:08:01,037 consumer #2 [ERROR] Error processing S2A_MSIL2A_20240619T183921_N0510_R070_T10SGF_20240620T005757: Token exchange failed: {"error":"invalid_grant","error_description":"Session not active"}
2025-10-16 02:08:01,039 consumer #2 [WARNING] Retrying S2A_MSIL2A_20240619T183921_N0510_R070_T10SGF_20240620T005757, remaining: 3
2025-10-16 02:08:01,040 consumer #2 [INFO] Processing feature: S2A_MSIL2A_20240619T183921_N0510_R070_T10SGF_20240620T005757 (Tile code: T10SGF)
2025-10-16 02:08:01,040 consumer #2 [INFO] Downloading 'S2A_MSIL2A_20240619T183921_N0510_R070_T10SGF_20240620T005757' (Tile: T10SGF)
2025-10-16 02:08:01,550 consumer #2 [ERROR] Error processing S2A_MSIL2A_20240619T183921_N0510_R070_T10SGF_20240620T005757: Token exchange failed: {"error":"invalid_grant","error_description":"Session not active"}
2025-10-16 02:08:01,551 consumer #2 [WARNING] Retrying S2A_MSIL2A_20240619T183921_N0510_R070_T10SGF_20240620T005757, remaining: 2
2025-10-16 02:08:01,552 consumer #2 [INFO] Processing feature: S2A_MSIL2A_20240619T183921_N0510_R070_T10SGF_20240620T005757 (Tile code: T10SGF)
2025-10-16 02:08:01,552 consumer #2 [INFO] Downloading 'S2A_MSIL2A_20240619T183921_N0510_R070_T10SGF_20240620T005757' (Tile: T10SGF)
2025-10-16 02:08:02,072 consumer #2 [ERROR] Error processing S2A_MSIL2A_20240619T183921_N0510_R070_T10SGF_20240620T005757: Token exchange failed: {"error":"invalid_grant","error_description":"Session not active"}
2025-10-16 02:08:02,075 consumer #2 [WARNING] Retrying S2A_MSIL2A_20240619T183921_N0510_R070_T10SGF_20240620T005757, remaining: 1
2025-10-16 02:08:02,076 consumer #2 [INFO] Processing feature: S2A_MSIL2A_20240619T183921_N0510_R070_T10SGF_20240620T005757 (Tile code: T10SGF)
2025-10-16 02:08:02,076 consumer #2 [INFO] Downloading 'S2A_MSIL2A_20240619T183921_N0510_R070_T10SGF_20240620T005757' (Tile: T10SGF)
2025-10-16 02:08:02,591 consumer #2 [ERROR] Error processing S2A_MSIL2A_20240619T183921_N0510_R070_T10SGF_20240620T005757: Token exchange failed: {"error":"invalid_grant","error_description":"Session not active"}
2025-10-16 02:08:02,592 consumer #2 [INFO] Processing feature: S2A_MSIL2A_20240629T183921_N0510_R070_T11SKA_20240630T013100 (Tile code: T11SKA)
2025-10-16 02:08:02,593 consumer #2 [INFO] Downloading 'S2A_MSIL2A_20240629T183921_N0510_R070_T11SKA_20240630T013100' (Tile: T11SKA)
2025-10-16 02:08:03,152 consumer #2 [ERROR] Error processing S2A_MSIL2A_20240629T183921_N0510_R070_T11SKA_20240630T013100: Token exchange failed: {"error":"invalid_grant","error_description":"Session not active"}
2025-10-16 02:08:03,153 consumer #2 [WARNING] Retrying S2A_MSIL2A_20240629T183921_N0510_R070_T11SKA_20240630T013100, remaining: 3
2025-10-16 02:08:03,153 consumer #2 [INFO] Processing feature: S2A_MSIL2A_20240629T183921_N0510_R070_T11SKA_20240630T013100 (Tile code: T11SKA)
2025-10-16 02:08:03,153 consumer #2 [INFO] Downloading 'S2A_MSIL2A_20240629T183921_N0510_R070_T11SKA_20240630T013100' (Tile: T11SKA)
2025-10-16 02:08:03,667 consumer #2 [ERROR] Error processing S2A_MSIL2A_20240629T183921_N0510_R070_T11SKA_20240630T013100: Token exchange failed: {"error":"invalid_grant","error_description":"Session not active"}
2025-10-16 02:08:03,668 consumer #2 [WARNING] Retrying S2A_MSIL2A_20240629T183921_N0510_R070_T11SKA_20240630T013100, remaining: 2
2025-10-16 02:08:03,668 consumer #2 [INFO] Processing feature: S2A_MSIL2A_20240629T183921_N0510_R070_T11SKA_20240630T013100 (Tile code: T11SKA)
2025-10-16 02:08:03,668 consumer #2 [INFO] Downloading 'S2A_MSIL2A_20240629T183921_N0510_R070_T11SKA_20240630T013100' (Tile: T11SKA)
2025-10-16 02:08:04,175 consumer #2 [ERROR] Error processing S2A_MSIL2A_20240629T183921_N0510_R070_T11SKA_20240630T013100: Token exchange failed: {"error":"invalid_grant","error_description":"Session not active"}
2025-10-16 02:08:04,176 consumer #2 [WARNING] Retrying S2A_MSIL2A_20240629T183921_N0510_R070_T11SKA_20240630T013100, remaining: 1
2025-10-16 02:08:04,176 consumer #2 [INFO] Processing feature: S2A_MSIL2A_20240629T183921_N0510_R070_T11SKA_20240630T013100 (Tile code: T11SKA)
2025-10-16 02:08:04,176 consumer #2 [INFO] Downloading 'S2A_MSIL2A_20240629T183921_N0510_R070_T11SKA_20240630T013100' (Tile: T11SKA)
2025-10-16 02:08:04,692 consumer #2 [ERROR] Error processing S2A_MSIL2A_20240629T183921_N0510_R070_T11SKA_20240630T013100: Token exchange failed: {"error":"invalid_grant","error_description":"Session not active"}
2025-10-16 02:08:04,694 consumer #2 [INFO] Processing feature: S2A_MSIL2A_20240629T183921_N0510_R070_T10SGF_20240630T013100 (Tile code: T10SGF)
2025-10-16 02:08:04,694 consumer #2 [INFO] Downloading 'S2A_MSIL2A_20240629T183921_N0510_R070_T10SGF_20240630T013100' (Tile: T10SGF)
2025-10-16 02:08:05,207 consumer #2 [ERROR] Error processing S2A_MSIL2A_20240629T183921_N0510_R070_T10SGF_20240630T013100: Token exchange failed: {"error":"invalid_grant","error_description":"Session not active"}
2025-10-16 02:08:05,208 consumer #2 [WARNING] Retrying S2A_MSIL2A_20240629T183921_N0510_R070_T10SGF_20240630T013100, remaining: 3
2025-10-16 02:08:05,208 consumer #2 [INFO] Processing feature: S2A_MSIL2A_20240629T183921_N0510_R070_T10SGF_20240630T013100 (Tile code: T10SGF)
2025-10-16 02:08:05,208 consumer #2 [INFO] Downloading 'S2A_MSIL2A_20240629T183921_N0510_R070_T10SGF_20240630T013100' (Tile: T10SGF)
2025-10-16 02:08:05,719 consumer #2 [ERROR] Error processing S2A_MSIL2A_20240629T183921_N0510_R070_T10SGF_20240630T013100: Token exchange failed: {"error":"invalid_grant","error_description":"Session not active"}
2025-10-16 02:08:05,720 consumer #2 [WARNING] Retrying S2A_MSIL2A_20240629T183921_N0510_R070_T10SGF_20240630T013100, remaining: 2
2025-10-16 02:08:05,720 consumer #2 [INFO] Processing feature: S2A_MSIL2A_20240629T183921_N0510_R070_T10SGF_20240630T013100 (Tile code: T10SGF)
2025-10-16 02:08:05,720 consumer #2 [INFO] Downloading 'S2A_MSIL2A_20240629T183921_N0510_R070_T10SGF_20240630T013100' (Tile: T10SGF)
2025-10-16 02:08:06,236 consumer #2 [ERROR] Error processing S2A_MSIL2A_20240629T183921_N0510_R070_T10SGF_20240630T013100: Token exchange failed: {"error":"invalid_grant","error_description":"Session not active"}
2025-10-16 02:08:06,236 consumer #2 [WARNING] Retrying S2A_MSIL2A_20240629T183921_N0510_R070_T10SGF_20240630T013100, remaining: 1
2025-10-16 02:08:06,237 consumer #2 [INFO] Processing feature: S2A_MSIL2A_20240629T183921_N0510_R070_T10SGF_20240630T013100 (Tile code: T10SGF)
2025-10-16 02:08:06,237 consumer #2 [INFO] Downloading 'S2A_MSIL2A_20240629T183921_N0510_R070_T10SGF_20240630T013100' (Tile: T10SGF)
2025-10-16 02:08:06,752 consumer #2 [ERROR] Error processing S2A_MSIL2A_20240629T183921_N0510_R070_T10SGF_20240630T013100: Token exchange failed: {"error":"invalid_grant","error_description":"Session not active"}
2025-10-16 02:08:06,754 consumer #2 [INFO] Processing feature: S2B_MSIL2A_20240704T183919_N0510_R070_T10SGF_20240704T212737 (Tile code: T10SGF)
2025-10-16 02:08:06,813 consumer #2 [INFO] Downloading 'S2B_MSIL2A_20240704T183919_N0510_R070_T10SGF_20240704T212737' (Tile: T10SGF)
2025-10-16 02:08:07,321 consumer #2 [ERROR] Error processing S2B_MSIL2A_20240704T183919_N0510_R070_T10SGF_20240704T212737: Token exchange failed: {"error":"invalid_grant","error_description":"Session not active"}
2025-10-16 02:08:07,321 consumer #2 [WARNING] Retrying S2B_MSIL2A_20240704T183919_N0510_R070_T10SGF_20240704T212737, remaining: 3
2025-10-16 02:08:07,322 consumer #2 [INFO] Processing feature: S2B_MSIL2A_20240704T183919_N0510_R070_T10SGF_20240704T212737 (Tile code: T10SGF)
2025-10-16 02:08:07,322 consumer #2 [INFO] Downloading 'S2B_MSIL2A_20240704T183919_N0510_R070_T10SGF_20240704T212737' (Tile: T10SGF)
2025-10-16 02:08:07,840 consumer #2 [ERROR] Error processing S2B_MSIL2A_20240704T183919_N0510_R070_T10SGF_20240704T212737: Token exchange failed: {"error":"invalid_grant","error_description":"Session not active"}
2025-10-16 02:08:07,841 consumer #2 [WARNING] Retrying S2B_MSIL2A_20240704T183919_N0510_R070_T10SGF_20240704T212737, remaining: 2
2025-10-16 02:08:07,841 consumer #2 [INFO] Processing feature: S2B_MSIL2A_20240704T183919_N0510_R070_T10SGF_20240704T212737 (Tile code: T10SGF)
2025-10-16 02:08:07,841 consumer #2 [INFO] Downloading 'S2B_MSIL2A_20240704T183919_N0510_R070_T10SGF_20240704T212737' (Tile: T10SGF)
2025-10-16 02:08:08,356 consumer #2 [ERROR] Error processing S2B_MSIL2A_20240704T183919_N0510_R070_T10SGF_20240704T212737: Token exchange failed: {"error":"invalid_grant","error_description":"Session not active"}
2025-10-16 02:08:08,356 consumer #2 [WARNING] Retrying S2B_MSIL2A_20240704T183919_N0510_R070_T10SGF_20240704T212737, remaining: 1
2025-10-16 02:08:08,357 consumer #2 [INFO] Processing feature: S2B_MSIL2A_20240704T183919_N0510_R070_T10SGF_20240704T212737 (Tile code: T10SGF)
2025-10-16 02:08:08,357 consumer #2 [INFO] Downloading 'S2B_MSIL2A_20240704T183919_N0510_R070_T10SGF_20240704T212737' (Tile: T10SGF)
2025-10-16 02:08:08,893 consumer #2 [ERROR] Error processing S2B_MSIL2A_20240704T183919_N0510_R070_T10SGF_20240704T212737: Token exchange failed: {"error":"invalid_grant","error_description":"Session not active"}
2025-10-16 02:08:08,894 consumer #2 [INFO] Processing feature: S2B_MSIL2A_20240704T183919_N0510_R070_T11SKA_20240704T212737 (Tile code: T11SKA)
2025-10-16 02:08:08,894 consumer #2 [INFO] Downloading 'S2B_MSIL2A_20240704T183919_N0510_R070_T11SKA_20240704T212737' (Tile: T11SKA)
2025-10-16 02:08:09,401 consumer #2 [ERROR] Error processing S2B_MSIL2A_20240704T183919_N0510_R070_T11SKA_20240704T212737: Token exchange failed: {"error":"invalid_grant","error_description":"Session not active"}
2025-10-16 02:08:09,402 consumer #2 [WARNING] Retrying S2B_MSIL2A_20240704T183919_N0510_R070_T11SKA_20240704T212737, remaining: 3
2025-10-16 02:08:09,403 consumer #2 [INFO] Processing feature: S2B_MSIL2A_20240704T183919_N0510_R070_T11SKA_20240704T212737 (Tile code: T11SKA)
2025-10-16 02:08:09,403 consumer #2 [INFO] Downloading 'S2B_MSIL2A_20240704T183919_N0510_R070_T11SKA_20240704T212737' (Tile: T11SKA)
2025-10-16 02:08:09,910 consumer #2 [ERROR] Error processing S2B_MSIL2A_20240704T183919_N0510_R070_T11SKA_20240704T212737: Token exchange failed: {"error":"invalid_grant","error_description":"Session not active"}
2025-10-16 02:08:09,910 consumer #2 [WARNING] Retrying S2B_MSIL2A_20240704T183919_N0510_R070_T11SKA_20240704T212737, remaining: 2
2025-10-16 02:08:09,911 consumer #2 [INFO] Processing feature: S2B_MSIL2A_20240704T183919_N0510_R070_T11SKA_20240704T212737 (Tile code: T11SKA)
2025-10-16 02:08:09,911 consumer #2 [INFO] Downloading 'S2B_MSIL2A_20240704T183919_N0510_R070_T11SKA_20240704T212737' (Tile: T11SKA)
2025-10-16 02:08:10,429 consumer #2 [ERROR] Error processing S2B_MSIL2A_20240704T183919_N0510_R070_T11SKA_20240704T212737: Token exchange failed: {"error":"invalid_grant","error_description":"Session not active"}
2025-10-16 02:08:10,430 consumer #2 [WARNING] Retrying S2B_MSIL2A_20240704T183919_N0510_R070_T11SKA_20240704T212737, remaining: 1
2025-10-16 02:08:10,430 consumer #2 [INFO] Processing feature: S2B_MSIL2A_20240704T183919_N0510_R070_T11SKA_20240704T212737 (Tile code: T11SKA)
2025-10-16 02:08:10,431 consumer #2 [INFO] Downloading 'S2B_MSIL2A_20240704T183919_N0510_R070_T11SKA_20240704T212737' (Tile: T11SKA)
2025-10-16 02:08:10,951 consumer #2 [ERROR] Error processing S2B_MSIL2A_20240704T183919_N0510_R070_T11SKA_20240704T212737: Token exchange failed: {"error":"invalid_grant","error_description":"Session not active"}
2025-10-16 02:08:10,953 consumer #2 [INFO] Processing feature: S2A_MSIL2A_20240709T183921_N0510_R070_T11SKA_20240710T002450 (Tile code: T11SKA)
2025-10-16 02:08:10,954 consumer #2 [INFO] Downloading 'S2A_MSIL2A_20240709T183921_N0510_R070_T11SKA_20240710T002450' (Tile: T11SKA)
2025-10-16 02:08:11,466 consumer #2 [ERROR] Error processing S2A_MSIL2A_20240709T183921_N0510_R070_T11SKA_20240710T002450: Token exchange failed: {"error":"invalid_grant","error_description":"Session not active"}
2025-10-16 02:08:11,466 consumer #2 [WARNING] Retrying S2A_MSIL2A_20240709T183921_N0510_R070_T11SKA_20240710T002450, remaining: 3
2025-10-16 02:08:11,467 consumer #2 [INFO] Processing feature: S2A_MSIL2A_20240709T183921_N0510_R070_T11SKA_20240710T002450 (Tile code: T11SKA)
2025-10-16 02:08:11,467 consumer #2 [INFO] Downloading 'S2A_MSIL2A_20240709T183921_N0510_R070_T11SKA_20240710T002450' (Tile: T11SKA)
2025-10-16 02:08:11,983 consumer #2 [ERROR] Error processing S2A_MSIL2A_20240709T183921_N0510_R070_T11SKA_20240710T002450: Token exchange failed: {"error":"invalid_grant","error_description":"Session not active"}
2025-10-16 02:08:11,984 consumer #2 [WARNING] Retrying S2A_MSIL2A_20240709T183921_N0510_R070_T11SKA_20240710T002450, remaining: 2
2025-10-16 02:08:11,984 consumer #2 [INFO] Processing feature: S2A_MSIL2A_20240709T183921_N0510_R070_T11SKA_20240710T002450 (Tile code: T11SKA)
2025-10-16 02:08:11,984 consumer #2 [INFO] Downloading 'S2A_MSIL2A_20240709T183921_N0510_R070_T11SKA_20240710T002450' (Tile: T11SKA)
2025-10-16 02:08:12,492 consumer #2 [ERROR] Error processing S2A_MSIL2A_20240709T183921_N0510_R070_T11SKA_20240710T002450: Token exchange failed: {"error":"invalid_grant","error_description":"Session not active"}
2025-10-16 02:08:12,493 consumer #2 [WARNING] Retrying S2A_MSIL2A_20240709T183921_N0510_R070_T11SKA_20240710T002450, remaining: 1
2025-10-16 02:08:12,493 consumer #2 [INFO] Processing feature: S2A_MSIL2A_20240709T183921_N0510_R070_T11SKA_20240710T002450 (Tile code: T11SKA)
2025-10-16 02:08:12,493 consumer #2 [INFO] Downloading 'S2A_MSIL2A_20240709T183921_N0510_R070_T11SKA_20240710T002450' (Tile: T11SKA)
2025-10-16 02:08:12,999 consumer #2 [ERROR] Error processing S2A_MSIL2A_20240709T183921_N0510_R070_T11SKA_20240710T002450: Token exchange failed: {"error":"invalid_grant","error_description":"Session not active"}
2025-10-16 02:08:13,000 consumer #2 [INFO] Processing feature: S2A_MSIL2A_20240709T183921_N0510_R070_T10SGF_20240710T002450 (Tile code: T10SGF)
2025-10-16 02:08:13,000 consumer #2 [INFO] Downloading 'S2A_MSIL2A_20240709T183921_N0510_R070_T10SGF_20240710T002450' (Tile: T10SGF)
2025-10-16 02:08:13,550 consumer #2 [ERROR] Error processing S2A_MSIL2A_20240709T183921_N0510_R070_T10SGF_20240710T002450: Token exchange failed: {"error":"invalid_grant","error_description":"Session not active"}
2025-10-16 02:08:13,551 consumer #2 [WARNING] Retrying S2A_MSIL2A_20240709T183921_N0510_R070_T10SGF_20240710T002450, remaining: 3
2025-10-16 02:08:13,551 consumer #2 [INFO] Processing feature: S2A_MSIL2A_20240709T183921_N0510_R070_T10SGF_20240710T002450 (Tile code: T10SGF)
2025-10-16 02:08:13,551 consumer #2 [INFO] Downloading 'S2A_MSIL2A_20240709T183921_N0510_R070_T10SGF_20240710T002450' (Tile: T10SGF)
2025-10-16 02:08:14,078 consumer #2 [ERROR] Error processing S2A_MSIL2A_20240709T183921_N0510_R070_T10SGF_20240710T002450: Token exchange failed: {"error":"invalid_grant","error_description":"Session not active"}
2025-10-16 02:08:14,079 consumer #2 [WARNING] Retrying S2A_MSIL2A_20240709T183921_N0510_R070_T10SGF_20240710T002450, remaining: 2
2025-10-16 02:08:14,080 consumer #2 [INFO] Processing feature: S2A_MSIL2A_20240709T183921_N0510_R070_T10SGF_20240710T002450 (Tile code: T10SGF)
2025-10-16 02:08:14,080 consumer #2 [INFO] Downloading 'S2A_MSIL2A_20240709T183921_N0510_R070_T10SGF_20240710T002450' (Tile: T10SGF)
2025-10-16 02:08:14,597 consumer #2 [ERROR] Error processing S2A_MSIL2A_20240709T183921_N0510_R070_T10SGF_20240710T002450: Token exchange failed: {"error":"invalid_grant","error_description":"Session not active"}
2025-10-16 02:08:14,598 consumer #2 [WARNING] Retrying S2A_MSIL2A_20240709T183921_N0510_R070_T10SGF_20240710T002450, remaining: 1
2025-10-16 02:08:14,598 consumer #2 [INFO] Processing feature: S2A_MSIL2A_20240709T183921_N0510_R070_T10SGF_20240710T002450 (Tile code: T10SGF)
2025-10-16 02:08:14,598 consumer #2 [INFO] Downloading 'S2A_MSIL2A_20240709T183921_N0510_R070_T10SGF_20240710T002450' (Tile: T10SGF)
2025-10-16 02:08:15,104 consumer #2 [ERROR] Error processing S2A_MSIL2A_20240709T183921_N0510_R070_T10SGF_20240710T002450: Token exchange failed: {"error":"invalid_grant","error_description":"Session not active"}
2025-10-16 02:08:15,105 consumer #2 [INFO] Processing feature: S2B_MSIL2A_20240714T183919_N0510_R070_T10SGF_20240714T213402 (Tile code: T10SGF)
2025-10-16 02:08:15,132 consumer #2 [INFO] Downloading 'S2B_MSIL2A_20240714T183919_N0510_R070_T10SGF_20240714T213402' (Tile: T10SGF)
2025-10-16 02:08:15,637 consumer #2 [ERROR] Error processing S2B_MSIL2A_20240714T183919_N0510_R070_T10SGF_20240714T213402: Token exchange failed: {"error":"invalid_grant","error_description":"Session not active"}
2025-10-16 02:08:15,638 consumer #2 [WARNING] Retrying S2B_MSIL2A_20240714T183919_N0510_R070_T10SGF_20240714T213402, remaining: 3
2025-10-16 02:08:15,638 consumer #2 [INFO] Processing feature: S2B_MSIL2A_20240714T183919_N0510_R070_T10SGF_20240714T213402 (Tile code: T10SGF)
2025-10-16 02:08:15,638 consumer #2 [INFO] Downloading 'S2B_MSIL2A_20240714T183919_N0510_R070_T10SGF_20240714T213402' (Tile: T10SGF)
2025-10-16 02:08:16,142 consumer #2 [ERROR] Error processing S2B_MSIL2A_20240714T183919_N0510_R070_T10SGF_20240714T213402: Token exchange failed: {"error":"invalid_grant","error_description":"Session not active"}
2025-10-16 02:08:16,142 consumer #2 [WARNING] Retrying S2B_MSIL2A_20240714T183919_N0510_R070_T10SGF_20240714T213402, remaining: 2
2025-10-16 02:08:16,143 consumer #2 [INFO] Processing feature: S2B_MSIL2A_20240714T183919_N0510_R070_T10SGF_20240714T213402 (Tile code: T10SGF)
2025-10-16 02:08:16,143 consumer #2 [INFO] Downloading 'S2B_MSIL2A_20240714T183919_N0510_R070_T10SGF_20240714T213402' (Tile: T10SGF)
2025-10-16 02:08:16,656 consumer #2 [ERROR] Error processing S2B_MSIL2A_20240714T183919_N0510_R070_T10SGF_20240714T213402: Token exchange failed: {"error":"invalid_grant","error_description":"Session not active"}
2025-10-16 02:08:16,657 consumer #2 [WARNING] Retrying S2B_MSIL2A_20240714T183919_N0510_R070_T10SGF_20240714T213402, remaining: 1
2025-10-16 02:08:16,657 consumer #2 [INFO] Processing feature: S2B_MSIL2A_20240714T183919_N0510_R070_T10SGF_20240714T213402 (Tile code: T10SGF)
2025-10-16 02:08:16,657 consumer #2 [INFO] Downloading 'S2B_MSIL2A_20240714T183919_N0510_R070_T10SGF_20240714T213402' (Tile: T10SGF)
2025-10-16 02:08:17,178 consumer #2 [ERROR] Error processing S2B_MSIL2A_20240714T183919_N0510_R070_T10SGF_20240714T213402: Token exchange failed: {"error":"invalid_grant","error_description":"Session not active"}
2025-10-16 02:08:17,180 consumer #2 [INFO] Processing feature: S2A_MSIL2A_20240719T183921_N0510_R070_T11SKA_20240720T004450 (Tile code: T11SKA)
2025-10-16 02:08:17,181 consumer #2 [INFO] Downloading 'S2A_MSIL2A_20240719T183921_N0510_R070_T11SKA_20240720T004450' (Tile: T11SKA)
2025-10-16 02:08:17,687 consumer #2 [ERROR] Error processing S2A_MSIL2A_20240719T183921_N0510_R070_T11SKA_20240720T004450: Token exchange failed: {"error":"invalid_grant","error_description":"Session not active"}
2025-10-16 02:08:17,688 consumer #2 [WARNING] Retrying S2A_MSIL2A_20240719T183921_N0510_R070_T11SKA_20240720T004450, remaining: 3
2025-10-16 02:08:17,688 consumer #2 [INFO] Processing feature: S2A_MSIL2A_20240719T183921_N0510_R070_T11SKA_20240720T004450 (Tile code: T11SKA)
2025-10-16 02:08:17,688 consumer #2 [INFO] Downloading 'S2A_MSIL2A_20240719T183921_N0510_R070_T11SKA_20240720T004450' (Tile: T11SKA)
2025-10-16 02:08:18,220 consumer #2 [ERROR] Error processing S2A_MSIL2A_20240719T183921_N0510_R070_T11SKA_20240720T004450: Token exchange failed: {"error":"invalid_grant","error_description":"Session not active"}
2025-10-16 02:08:18,220 consumer #2 [WARNING] Retrying S2A_MSIL2A_20240719T183921_N0510_R070_T11SKA_20240720T004450, remaining: 2
2025-10-16 02:08:18,220 consumer #2 [INFO] Processing feature: S2A_MSIL2A_20240719T183921_N0510_R070_T11SKA_20240720T004450 (Tile code: T11SKA)
2025-10-16 02:08:18,221 consumer #2 [INFO] Downloading 'S2A_MSIL2A_20240719T183921_N0510_R070_T11SKA_20240720T004450' (Tile: T11SKA)
2025-10-16 02:08:18,729 consumer #2 [ERROR] Error processing S2A_MSIL2A_20240719T183921_N0510_R070_T11SKA_20240720T004450: Token exchange failed: {"error":"invalid_grant","error_description":"Session not active"}
2025-10-16 02:08:18,730 consumer #2 [WARNING] Retrying S2A_MSIL2A_20240719T183921_N0510_R070_T11SKA_20240720T004450, remaining: 1
2025-10-16 02:08:18,730 consumer #2 [INFO] Processing feature: S2A_MSIL2A_20240719T183921_N0510_R070_T11SKA_20240720T004450 (Tile code: T11SKA)
2025-10-16 02:08:18,730 consumer #2 [INFO] Downloading 'S2A_MSIL2A_20240719T183921_N0510_R070_T11SKA_20240720T004450' (Tile: T11SKA)
2025-10-16 02:08:19,242 consumer #2 [ERROR] Error processing S2A_MSIL2A_20240719T183921_N0510_R070_T11SKA_20240720T004450: Token exchange failed: {"error":"invalid_grant","error_description":"Session not active"}
2025-10-16 02:08:19,243 consumer #2 [INFO] Processing feature: S2A_MSIL2A_20240719T183921_N0510_R070_T10SGF_20240720T004450 (Tile code: T10SGF)
2025-10-16 02:08:19,243 consumer #2 [INFO] Downloading 'S2A_MSIL2A_20240719T183921_N0510_R070_T10SGF_20240720T004450' (Tile: T10SGF)
2025-10-16 02:08:19,760 consumer #2 [ERROR] Error processing S2A_MSIL2A_20240719T183921_N0510_R070_T10SGF_20240720T004450: Token exchange failed: {"error":"invalid_grant","error_description":"Session not active"}
2025-10-16 02:08:19,761 consumer #2 [WARNING] Retrying S2A_MSIL2A_20240719T183921_N0510_R070_T10SGF_20240720T004450, remaining: 3
2025-10-16 02:08:19,762 consumer #2 [INFO] Processing feature: S2A_MSIL2A_20240719T183921_N0510_R070_T10SGF_20240720T004450 (Tile code: T10SGF)
2025-10-16 02:08:19,762 consumer #2 [INFO] Downloading 'S2A_MSIL2A_20240719T183921_N0510_R070_T10SGF_20240720T004450' (Tile: T10SGF)
2025-10-16 02:08:20,270 consumer #2 [ERROR] Error processing S2A_MSIL2A_20240719T183921_N0510_R070_T10SGF_20240720T004450: Token exchange failed: {"error":"invalid_grant","error_description":"Session not active"}
2025-10-16 02:08:20,271 consumer #2 [WARNING] Retrying S2A_MSIL2A_20240719T183921_N0510_R070_T10SGF_20240720T004450, remaining: 2
2025-10-16 02:08:20,272 consumer #2 [INFO] Processing feature: S2A_MSIL2A_20240719T183921_N0510_R070_T10SGF_20240720T004450 (Tile code: T10SGF)
2025-10-16 02:08:20,272 consumer #2 [INFO] Downloading 'S2A_MSIL2A_20240719T183921_N0510_R070_T10SGF_20240720T004450' (Tile: T10SGF)
2025-10-16 02:08:20,785 consumer #2 [ERROR] Error processing S2A_MSIL2A_20240719T183921_N0510_R070_T10SGF_20240720T004450: Token exchange failed: {"error":"invalid_grant","error_description":"Session not active"}
2025-10-16 02:08:20,785 consumer #2 [WARNING] Retrying S2A_MSIL2A_20240719T183921_N0510_R070_T10SGF_20240720T004450, remaining: 1
2025-10-16 02:08:20,786 consumer #2 [INFO] Processing feature: S2A_MSIL2A_20240719T183921_N0510_R070_T10SGF_20240720T004450 (Tile code: T10SGF)
2025-10-16 02:08:20,786 consumer #2 [INFO] Downloading 'S2A_MSIL2A_20240719T183921_N0510_R070_T10SGF_20240720T004450' (Tile: T10SGF)
2025-10-16 02:08:21,303 consumer #2 [ERROR] Error processing S2A_MSIL2A_20240719T183921_N0510_R070_T10SGF_20240720T004450: Token exchange failed: {"error":"invalid_grant","error_description":"Session not active"}
2025-10-16 02:08:21,305 consumer #2 [INFO] Processing feature: S2A_MSIL2A_20240729T183921_N0511_R070_T10SGF_20240730T023050 (Tile code: T10SGF)
2025-10-16 02:08:21,316 consumer #2 [INFO] Downloading 'S2A_MSIL2A_20240729T183921_N0511_R070_T10SGF_20240730T023050' (Tile: T10SGF)
2025-10-16 02:08:21,829 consumer #2 [ERROR] Error processing S2A_MSIL2A_20240729T183921_N0511_R070_T10SGF_20240730T023050: Token exchange failed: {"error":"invalid_grant","error_description":"Session not active"}
2025-10-16 02:08:21,830 consumer #2 [WARNING] Retrying S2A_MSIL2A_20240729T183921_N0511_R070_T10SGF_20240730T023050, remaining: 3
2025-10-16 02:08:21,830 consumer #2 [INFO] Processing feature: S2A_MSIL2A_20240729T183921_N0511_R070_T10SGF_20240730T023050 (Tile code: T10SGF)
2025-10-16 02:08:21,831 consumer #2 [INFO] Downloading 'S2A_MSIL2A_20240729T183921_N0511_R070_T10SGF_20240730T023050' (Tile: T10SGF)
2025-10-16 02:08:22,345 consumer #2 [ERROR] Error processing S2A_MSIL2A_20240729T183921_N0511_R070_T10SGF_20240730T023050: Token exchange failed: {"error":"invalid_grant","error_description":"Session not active"}
2025-10-16 02:08:22,345 consumer #2 [WARNING] Retrying S2A_MSIL2A_20240729T183921_N0511_R070_T10SGF_20240730T023050, remaining: 2
2025-10-16 02:08:22,346 consumer #2 [INFO] Processing feature: S2A_MSIL2A_20240729T183921_N0511_R070_T10SGF_20240730T023050 (Tile code: T10SGF)
2025-10-16 02:08:22,346 consumer #2 [INFO] Downloading 'S2A_MSIL2A_20240729T183921_N0511_R070_T10SGF_20240730T023050' (Tile: T10SGF)
2025-10-16 02:08:22,864 consumer #2 [ERROR] Error processing S2A_MSIL2A_20240729T183921_N0511_R070_T10SGF_20240730T023050: Token exchange failed: {"error":"invalid_grant","error_description":"Session not active"}
2025-10-16 02:08:22,865 consumer #2 [WARNING] Retrying S2A_MSIL2A_20240729T183921_N0511_R070_T10SGF_20240730T023050, remaining: 1
2025-10-16 02:08:22,865 consumer #2 [INFO] Processing feature: S2A_MSIL2A_20240729T183921_N0511_R070_T10SGF_20240730T023050 (Tile code: T10SGF)
2025-10-16 02:08:22,865 consumer #2 [INFO] Downloading 'S2A_MSIL2A_20240729T183921_N0511_R070_T10SGF_20240730T023050' (Tile: T10SGF)
2025-10-16 02:08:23,378 consumer #2 [ERROR] Error processing S2A_MSIL2A_20240729T183921_N0511_R070_T10SGF_20240730T023050: Token exchange failed: {"error":"invalid_grant","error_description":"Session not active"}
2025-10-16 02:08:23,380 consumer #2 [INFO] Processing feature: S2A_MSIL2A_20240729T183921_N0511_R070_T11SKA_20240730T023050 (Tile code: T11SKA)
2025-10-16 02:08:23,380 consumer #2 [INFO] Downloading 'S2A_MSIL2A_20240729T183921_N0511_R070_T11SKA_20240730T023050' (Tile: T11SKA)
2025-10-16 02:08:23,900 consumer #2 [ERROR] Error processing S2A_MSIL2A_20240729T183921_N0511_R070_T11SKA_20240730T023050: Token exchange failed: {"error":"invalid_grant","error_description":"Session not active"}
2025-10-16 02:08:23,901 consumer #2 [WARNING] Retrying S2A_MSIL2A_20240729T183921_N0511_R070_T11SKA_20240730T023050, remaining: 3
2025-10-16 02:08:23,901 consumer #2 [INFO] Processing feature: S2A_MSIL2A_20240729T183921_N0511_R070_T11SKA_20240730T023050 (Tile code: T11SKA)
2025-10-16 02:08:23,901 consumer #2 [INFO] Downloading 'S2A_MSIL2A_20240729T183921_N0511_R070_T11SKA_20240730T023050' (Tile: T11SKA)
2025-10-16 02:08:24,414 consumer #2 [ERROR] Error processing S2A_MSIL2A_20240729T183921_N0511_R070_T11SKA_20240730T023050: Token exchange failed: {"error":"invalid_grant","error_description":"Session not active"}
2025-10-16 02:08:24,415 consumer #2 [WARNING] Retrying S2A_MSIL2A_20240729T183921_N0511_R070_T11SKA_20240730T023050, remaining: 2
2025-10-16 02:08:24,415 consumer #2 [INFO] Processing feature: S2A_MSIL2A_20240729T183921_N0511_R070_T11SKA_20240730T023050 (Tile code: T11SKA)
2025-10-16 02:08:24,415 consumer #2 [INFO] Downloading 'S2A_MSIL2A_20240729T183921_N0511_R070_T11SKA_20240730T023050' (Tile: T11SKA)
2025-10-16 02:08:24,925 consumer #3 [ERROR] Error processing S2A_MSIL2A_20240907T183921_N0511_R070_T10SGF_20240908T014752: [Errno 122] Disk quota exceeded
2025-10-16 02:08:24,927 consumer #3 [WARNING] Retrying S2A_MSIL2A_20240907T183921_N0511_R070_T10SGF_20240908T014752, remaining: 3
2025-10-16 02:08:24,927 consumer #3 [INFO] Processing feature: S2A_MSIL2A_20240907T183921_N0511_R070_T10SGF_20240908T014752 (Tile code: T10SGF)
2025-10-16 02:08:24,927 consumer #3 [INFO] Downloading 'S2A_MSIL2A_20240907T183921_N0511_R070_T10SGF_20240908T014752' (Tile: T10SGF)
2025-10-16 02:08:24,927 consumer #3 [INFO] Processing ZIP to 6-band for 'S2A_MSIL2A_20240907T183921_N0511_R070_T10SGF_20240908T014752' (Tile: T10SGF)
2025-10-16 02:08:24,927 consumer #3 [DEBUG] Processing late_season_2024/2024-09-07/S2A_MSIL2A_20240907T183921_N0511_R070_T10SGF_20240908T014752.SAFE.zip into late_season_2024/2024-09-07/S2A_MSIL2A_20240907T183921_N0511_R070_T10SGF_20240908T014752.tif
2025-10-16 02:08:24,974 consumer #2 [ERROR] Error processing S2A_MSIL2A_20240729T183921_N0511_R070_T11SKA_20240730T023050: Token exchange failed: {"error":"invalid_grant","error_description":"Session not active"}
2025-10-16 02:08:24,975 consumer #2 [WARNING] Retrying S2A_MSIL2A_20240729T183921_N0511_R070_T11SKA_20240730T023050, remaining: 1
2025-10-16 02:08:24,975 consumer #2 [INFO] Processing feature: S2A_MSIL2A_20240729T183921_N0511_R070_T11SKA_20240730T023050 (Tile code: T11SKA)
2025-10-16 02:08:24,975 consumer #2 [INFO] Downloading 'S2A_MSIL2A_20240729T183921_N0511_R070_T11SKA_20240730T023050' (Tile: T11SKA)
2025-10-16 02:08:25,078 consumer #3 [DEBUG] Extracting S2A_MSIL2A_20240907T183921_N0511_R070_T10SGF_20240908T014752 to temporary directory: late_season_2024/2024-09-07/extract_S2A_MSIL2A_20240907T183921_N0511_R070_T10SGF_20240908T014752_5p0605t2
2025-10-16 02:08:25,078 consumer #3 [ERROR] Error processing S2A_MSIL2A_20240907T183921_N0511_R070_T10SGF_20240908T014752: File is not a zip file
2025-10-16 02:08:25,079 consumer #3 [WARNING] Retrying S2A_MSIL2A_20240907T183921_N0511_R070_T10SGF_20240908T014752, remaining: 2
2025-10-16 02:08:25,079 consumer #3 [INFO] Processing feature: S2A_MSIL2A_20240907T183921_N0511_R070_T10SGF_20240908T014752 (Tile code: T10SGF)
2025-10-16 02:08:25,079 consumer #3 [INFO] Downloading 'S2A_MSIL2A_20240907T183921_N0511_R070_T10SGF_20240908T014752' (Tile: T10SGF)
2025-10-16 02:08:25,079 consumer #3 [INFO] Processing ZIP to 6-band for 'S2A_MSIL2A_20240907T183921_N0511_R070_T10SGF_20240908T014752' (Tile: T10SGF)
2025-10-16 02:08:25,079 consumer #3 [DEBUG] Processing late_season_2024/2024-09-07/S2A_MSIL2A_20240907T183921_N0511_R070_T10SGF_20240908T014752.SAFE.zip into late_season_2024/2024-09-07/S2A_MSIL2A_20240907T183921_N0511_R070_T10SGF_20240908T014752.tif
2025-10-16 02:08:25,079 consumer #3 [DEBUG] Extracting S2A_MSIL2A_20240907T183921_N0511_R070_T10SGF_20240908T014752 to temporary directory: late_season_2024/2024-09-07/extract_S2A_MSIL2A_20240907T183921_N0511_R070_T10SGF_20240908T014752_tyzg91pa
2025-10-16 02:08:25,080 consumer #3 [ERROR] Error processing S2A_MSIL2A_20240907T183921_N0511_R070_T10SGF_20240908T014752: File is not a zip file
2025-10-16 02:08:25,080 consumer #3 [WARNING] Retrying S2A_MSIL2A_20240907T183921_N0511_R070_T10SGF_20240908T014752, remaining: 1
2025-10-16 02:08:25,080 consumer #3 [INFO] Processing feature: S2A_MSIL2A_20240907T183921_N0511_R070_T10SGF_20240908T014752 (Tile code: T10SGF)
2025-10-16 02:08:25,080 consumer #3 [INFO] Downloading 'S2A_MSIL2A_20240907T183921_N0511_R070_T10SGF_20240908T014752' (Tile: T10SGF)
2025-10-16 02:08:25,080 consumer #3 [INFO] Processing ZIP to 6-band for 'S2A_MSIL2A_20240907T183921_N0511_R070_T10SGF_20240908T014752' (Tile: T10SGF)
2025-10-16 02:08:25,080 consumer #3 [DEBUG] Processing late_season_2024/2024-09-07/S2A_MSIL2A_20240907T183921_N0511_R070_T10SGF_20240908T014752.SAFE.zip into late_season_2024/2024-09-07/S2A_MSIL2A_20240907T183921_N0511_R070_T10SGF_20240908T014752.tif
2025-10-16 02:08:25,094 consumer #3 [DEBUG] Extracting S2A_MSIL2A_20240907T183921_N0511_R070_T10SGF_20240908T014752 to temporary directory: late_season_2024/2024-09-07/extract_S2A_MSIL2A_20240907T183921_N0511_R070_T10SGF_20240908T014752_3ffn4436
2025-10-16 02:08:25,094 consumer #3 [ERROR] Error processing S2A_MSIL2A_20240907T183921_N0511_R070_T10SGF_20240908T014752: File is not a zip file
2025-10-16 02:08:25,096 consumer #3 [INFO] Processing feature: S2A_MSIL2A_20240917T184031_N0511_R070_T11SKA_20240918T005327 (Tile code: T11SKA)
2025-10-16 02:08:25,097 consumer #3 [INFO] Downloading 'S2A_MSIL2A_20240917T184031_N0511_R070_T11SKA_20240918T005327' (Tile: T11SKA)
2025-10-16 02:08:25,483 consumer #2 [ERROR] Error processing S2A_MSIL2A_20240729T183921_N0511_R070_T11SKA_20240730T023050: Token exchange failed: {"error":"invalid_grant","error_description":"Session not active"}
2025-10-16 02:08:25,484 consumer #2 [INFO] Processing feature: S2A_MSIL2A_20240808T183921_N0511_R070_T11SKA_20240809T012502 (Tile code: T11SKA)
2025-10-16 02:08:25,500 consumer #2 [INFO] Downloading 'S2A_MSIL2A_20240808T183921_N0511_R070_T11SKA_20240809T012502' (Tile: T11SKA)
2025-10-16 02:08:26,008 consumer #2 [ERROR] Error processing S2A_MSIL2A_20240808T183921_N0511_R070_T11SKA_20240809T012502: Token exchange failed: {"error":"invalid_grant","error_description":"Session not active"}
2025-10-16 02:08:26,009 consumer #2 [WARNING] Retrying S2A_MSIL2A_20240808T183921_N0511_R070_T11SKA_20240809T012502, remaining: 3
2025-10-16 02:08:26,010 consumer #2 [INFO] Processing feature: S2A_MSIL2A_20240808T183921_N0511_R070_T11SKA_20240809T012502 (Tile code: T11SKA)
2025-10-16 02:08:26,010 consumer #2 [INFO] Downloading 'S2A_MSIL2A_20240808T183921_N0511_R070_T11SKA_20240809T012502' (Tile: T11SKA)
2025-10-16 02:08:26,526 consumer #2 [ERROR] Error processing S2A_MSIL2A_20240808T183921_N0511_R070_T11SKA_20240809T012502: Token exchange failed: {"error":"invalid_grant","error_description":"Session not active"}
2025-10-16 02:08:26,527 consumer #2 [WARNING] Retrying S2A_MSIL2A_20240808T183921_N0511_R070_T11SKA_20240809T012502, remaining: 2
2025-10-16 02:08:26,527 consumer #2 [INFO] Processing feature: S2A_MSIL2A_20240808T183921_N0511_R070_T11SKA_20240809T012502 (Tile code: T11SKA)
2025-10-16 02:08:26,527 consumer #2 [INFO] Downloading 'S2A_MSIL2A_20240808T183921_N0511_R070_T11SKA_20240809T012502' (Tile: T11SKA)
2025-10-16 02:08:27,045 consumer #2 [ERROR] Error processing S2A_MSIL2A_20240808T183921_N0511_R070_T11SKA_20240809T012502: Token exchange failed: {"error":"invalid_grant","error_description":"Session not active"}
2025-10-16 02:08:27,046 consumer #2 [WARNING] Retrying S2A_MSIL2A_20240808T183921_N0511_R070_T11SKA_20240809T012502, remaining: 1
2025-10-16 02:08:27,046 consumer #2 [INFO] Processing feature: S2A_MSIL2A_20240808T183921_N0511_R070_T11SKA_20240809T012502 (Tile code: T11SKA)
2025-10-16 02:08:27,046 consumer #2 [INFO] Downloading 'S2A_MSIL2A_20240808T183921_N0511_R070_T11SKA_20240809T012502' (Tile: T11SKA)
2025-10-16 02:08:27,558 consumer #2 [ERROR] Error processing S2A_MSIL2A_20240808T183921_N0511_R070_T11SKA_20240809T012502: Token exchange failed: {"error":"invalid_grant","error_description":"Session not active"}
2025-10-16 02:08:27,559 consumer #2 [INFO] Processing feature: S2A_MSIL2A_20240808T183921_N0511_R070_T10SGF_20240809T012502 (Tile code: T10SGF)
2025-10-16 02:08:27,559 consumer #2 [INFO] Downloading 'S2A_MSIL2A_20240808T183921_N0511_R070_T10SGF_20240809T012502' (Tile: T10SGF)
2025-10-16 02:08:28,071 consumer #2 [ERROR] Error processing S2A_MSIL2A_20240808T183921_N0511_R070_T10SGF_20240809T012502: Token exchange failed: {"error":"invalid_grant","error_description":"Session not active"}
2025-10-16 02:08:28,072 consumer #2 [WARNING] Retrying S2A_MSIL2A_20240808T183921_N0511_R070_T10SGF_20240809T012502, remaining: 3
2025-10-16 02:08:28,073 consumer #2 [INFO] Processing feature: S2A_MSIL2A_20240808T183921_N0511_R070_T10SGF_20240809T012502 (Tile code: T10SGF)
2025-10-16 02:08:28,073 consumer #2 [INFO] Downloading 'S2A_MSIL2A_20240808T183921_N0511_R070_T10SGF_20240809T012502' (Tile: T10SGF)
2025-10-16 02:08:28,610 consumer #2 [ERROR] Error processing S2A_MSIL2A_20240808T183921_N0511_R070_T10SGF_20240809T012502: Token exchange failed: {"error":"invalid_grant","error_description":"Session not active"}
2025-10-16 02:08:28,611 consumer #2 [WARNING] Retrying S2A_MSIL2A_20240808T183921_N0511_R070_T10SGF_20240809T012502, remaining: 2
2025-10-16 02:08:28,611 consumer #2 [INFO] Processing feature: S2A_MSIL2A_20240808T183921_N0511_R070_T10SGF_20240809T012502 (Tile code: T10SGF)
2025-10-16 02:08:28,611 consumer #2 [INFO] Downloading 'S2A_MSIL2A_20240808T183921_N0511_R070_T10SGF_20240809T012502' (Tile: T10SGF)
2025-10-16 02:08:29,128 consumer #2 [ERROR] Error processing S2A_MSIL2A_20240808T183921_N0511_R070_T10SGF_20240809T012502: Token exchange failed: {"error":"invalid_grant","error_description":"Session not active"}
2025-10-16 02:08:29,129 consumer #2 [WARNING] Retrying S2A_MSIL2A_20240808T183921_N0511_R070_T10SGF_20240809T012502, remaining: 1
2025-10-16 02:08:29,129 consumer #2 [INFO] Processing feature: S2A_MSIL2A_20240808T183921_N0511_R070_T10SGF_20240809T012502 (Tile code: T10SGF)
2025-10-16 02:08:29,129 consumer #2 [INFO] Downloading 'S2A_MSIL2A_20240808T183921_N0511_R070_T10SGF_20240809T012502' (Tile: T10SGF)
2025-10-16 02:08:29,679 consumer #2 [ERROR] Error processing S2A_MSIL2A_20240808T183921_N0511_R070_T10SGF_20240809T012502: Token exchange failed: {"error":"invalid_grant","error_description":"Session not active"}
2025-10-16 02:08:29,681 consumer #2 [INFO] Processing feature: S2B_MSIL2A_20240813T183919_N0511_R070_T10SGF_20240813T224159 (Tile code: T10SGF)
2025-10-16 02:08:29,682 consumer #2 [INFO] Downloading 'S2B_MSIL2A_20240813T183919_N0511_R070_T10SGF_20240813T224159' (Tile: T10SGF)
2025-10-16 02:08:30,195 consumer #2 [ERROR] Error processing S2B_MSIL2A_20240813T183919_N0511_R070_T10SGF_20240813T224159: Token exchange failed: {"error":"invalid_grant","error_description":"Session not active"}
2025-10-16 02:08:30,196 consumer #2 [WARNING] Retrying S2B_MSIL2A_20240813T183919_N0511_R070_T10SGF_20240813T224159, remaining: 3
2025-10-16 02:08:30,196 consumer #2 [INFO] Processing feature: S2B_MSIL2A_20240813T183919_N0511_R070_T10SGF_20240813T224159 (Tile code: T10SGF)
2025-10-16 02:08:30,196 consumer #2 [INFO] Downloading 'S2B_MSIL2A_20240813T183919_N0511_R070_T10SGF_20240813T224159' (Tile: T10SGF)
2025-10-16 02:08:30,712 consumer #2 [ERROR] Error processing S2B_MSIL2A_20240813T183919_N0511_R070_T10SGF_20240813T224159: Token exchange failed: {"error":"invalid_grant","error_description":"Session not active"}
2025-10-16 02:08:30,713 consumer #2 [WARNING] Retrying S2B_MSIL2A_20240813T183919_N0511_R070_T10SGF_20240813T224159, remaining: 2
2025-10-16 02:08:30,713 consumer #2 [INFO] Processing feature: S2B_MSIL2A_20240813T183919_N0511_R070_T10SGF_20240813T224159 (Tile code: T10SGF)
2025-10-16 02:08:30,713 consumer #2 [INFO] Downloading 'S2B_MSIL2A_20240813T183919_N0511_R070_T10SGF_20240813T224159' (Tile: T10SGF)
2025-10-16 02:08:31,226 consumer #2 [ERROR] Error processing S2B_MSIL2A_20240813T183919_N0511_R070_T10SGF_20240813T224159: Token exchange failed: {"error":"invalid_grant","error_description":"Session not active"}
2025-10-16 02:08:31,228 consumer #2 [WARNING] Retrying S2B_MSIL2A_20240813T183919_N0511_R070_T10SGF_20240813T224159, remaining: 1
2025-10-16 02:08:31,228 consumer #2 [INFO] Processing feature: S2B_MSIL2A_20240813T183919_N0511_R070_T10SGF_20240813T224159 (Tile code: T10SGF)
2025-10-16 02:08:31,228 consumer #2 [INFO] Downloading 'S2B_MSIL2A_20240813T183919_N0511_R070_T10SGF_20240813T224159' (Tile: T10SGF)
2025-10-16 02:08:31,738 consumer #2 [ERROR] Error processing S2B_MSIL2A_20240813T183919_N0511_R070_T10SGF_20240813T224159: Token exchange failed: {"error":"invalid_grant","error_description":"Session not active"}
2025-10-16 02:08:31,740 consumer #2 [INFO] Processing feature: S2B_MSIL2A_20240813T183919_N0511_R070_T11SKA_20240813T224159 (Tile code: T11SKA)
2025-10-16 02:08:31,740 consumer #2 [INFO] Downloading 'S2B_MSIL2A_20240813T183919_N0511_R070_T11SKA_20240813T224159' (Tile: T11SKA)
2025-10-16 02:08:32,253 consumer #2 [ERROR] Error processing S2B_MSIL2A_20240813T183919_N0511_R070_T11SKA_20240813T224159: Token exchange failed: {"error":"invalid_grant","error_description":"Session not active"}
2025-10-16 02:08:32,254 consumer #2 [WARNING] Retrying S2B_MSIL2A_20240813T183919_N0511_R070_T11SKA_20240813T224159, remaining: 3
2025-10-16 02:08:32,254 consumer #2 [INFO] Processing feature: S2B_MSIL2A_20240813T183919_N0511_R070_T11SKA_20240813T224159 (Tile code: T11SKA)
2025-10-16 02:08:32,254 consumer #2 [INFO] Downloading 'S2B_MSIL2A_20240813T183919_N0511_R070_T11SKA_20240813T224159' (Tile: T11SKA)
2025-10-16 02:08:32,773 consumer #2 [ERROR] Error processing S2B_MSIL2A_20240813T183919_N0511_R070_T11SKA_20240813T224159: Token exchange failed: {"error":"invalid_grant","error_description":"Session not active"}
2025-10-16 02:08:32,774 consumer #2 [WARNING] Retrying S2B_MSIL2A_20240813T183919_N0511_R070_T11SKA_20240813T224159, remaining: 2
2025-10-16 02:08:32,774 consumer #2 [INFO] Processing feature: S2B_MSIL2A_20240813T183919_N0511_R070_T11SKA_20240813T224159 (Tile code: T11SKA)
2025-10-16 02:08:32,774 consumer #2 [INFO] Downloading 'S2B_MSIL2A_20240813T183919_N0511_R070_T11SKA_20240813T224159' (Tile: T11SKA)
2025-10-16 02:08:33,285 consumer #2 [ERROR] Error processing S2B_MSIL2A_20240813T183919_N0511_R070_T11SKA_20240813T224159: Token exchange failed: {"error":"invalid_grant","error_description":"Session not active"}
2025-10-16 02:08:33,286 consumer #2 [WARNING] Retrying S2B_MSIL2A_20240813T183919_N0511_R070_T11SKA_20240813T224159, remaining: 1
2025-10-16 02:08:33,286 consumer #2 [INFO] Processing feature: S2B_MSIL2A_20240813T183919_N0511_R070_T11SKA_20240813T224159 (Tile code: T11SKA)
2025-10-16 02:08:33,286 consumer #2 [INFO] Downloading 'S2B_MSIL2A_20240813T183919_N0511_R070_T11SKA_20240813T224159' (Tile: T11SKA)
2025-10-16 02:08:33,812 consumer #2 [ERROR] Error processing S2B_MSIL2A_20240813T183919_N0511_R070_T11SKA_20240813T224159: Token exchange failed: {"error":"invalid_grant","error_description":"Session not active"}
2025-10-16 02:08:33,813 consumer #2 [INFO] Processing feature: S2A_MSIL2A_20240818T183921_N0511_R070_T10SGF_20240819T015050 (Tile code: T10SGF)
2025-10-16 02:08:33,814 consumer #2 [INFO] Downloading 'S2A_MSIL2A_20240818T183921_N0511_R070_T10SGF_20240819T015050' (Tile: T10SGF)
2025-10-16 02:08:34,331 consumer #2 [ERROR] Error processing S2A_MSIL2A_20240818T183921_N0511_R070_T10SGF_20240819T015050: Token exchange failed: {"error":"invalid_grant","error_description":"Session not active"}
2025-10-16 02:08:34,331 consumer #2 [WARNING] Retrying S2A_MSIL2A_20240818T183921_N0511_R070_T10SGF_20240819T015050, remaining: 3
2025-10-16 02:08:34,332 consumer #2 [INFO] Processing feature: S2A_MSIL2A_20240818T183921_N0511_R070_T10SGF_20240819T015050 (Tile code: T10SGF)
2025-10-16 02:08:34,332 consumer #2 [INFO] Downloading 'S2A_MSIL2A_20240818T183921_N0511_R070_T10SGF_20240819T015050' (Tile: T10SGF)
2025-10-16 02:08:34,844 consumer #2 [ERROR] Error processing S2A_MSIL2A_20240818T183921_N0511_R070_T10SGF_20240819T015050: Token exchange failed: {"error":"invalid_grant","error_description":"Session not active"}
2025-10-16 02:08:34,845 consumer #2 [WARNING] Retrying S2A_MSIL2A_20240818T183921_N0511_R070_T10SGF_20240819T015050, remaining: 2
2025-10-16 02:08:34,845 consumer #2 [INFO] Processing feature: S2A_MSIL2A_20240818T183921_N0511_R070_T10SGF_20240819T015050 (Tile code: T10SGF)
2025-10-16 02:08:34,845 consumer #2 [INFO] Downloading 'S2A_MSIL2A_20240818T183921_N0511_R070_T10SGF_20240819T015050' (Tile: T10SGF)
2025-10-16 02:08:35,354 consumer #2 [ERROR] Error processing S2A_MSIL2A_20240818T183921_N0511_R070_T10SGF_20240819T015050: Token exchange failed: {"error":"invalid_grant","error_description":"Session not active"}
2025-10-16 02:08:35,354 consumer #2 [WARNING] Retrying S2A_MSIL2A_20240818T183921_N0511_R070_T10SGF_20240819T015050, remaining: 1
2025-10-16 02:08:35,354 consumer #2 [INFO] Processing feature: S2A_MSIL2A_20240818T183921_N0511_R070_T10SGF_20240819T015050 (Tile code: T10SGF)
2025-10-16 02:08:35,354 consumer #2 [INFO] Downloading 'S2A_MSIL2A_20240818T183921_N0511_R070_T10SGF_20240819T015050' (Tile: T10SGF)
2025-10-16 02:08:35,869 consumer #2 [ERROR] Error processing S2A_MSIL2A_20240818T183921_N0511_R070_T10SGF_20240819T015050: Token exchange failed: {"error":"invalid_grant","error_description":"Session not active"}
2025-10-16 02:08:35,870 consumer #2 [INFO] Processing feature: S2A_MSIL2A_20240818T183921_N0511_R070_T11SKA_20240819T015050 (Tile code: T11SKA)
2025-10-16 02:08:35,870 consumer #2 [INFO] Downloading 'S2A_MSIL2A_20240818T183921_N0511_R070_T11SKA_20240819T015050' (Tile: T11SKA)
2025-10-16 02:08:36,378 consumer #2 [ERROR] Error processing S2A_MSIL2A_20240818T183921_N0511_R070_T11SKA_20240819T015050: Token exchange failed: {"error":"invalid_grant","error_description":"Session not active"}
2025-10-16 02:08:36,379 consumer #2 [WARNING] Retrying S2A_MSIL2A_20240818T183921_N0511_R070_T11SKA_20240819T015050, remaining: 3
2025-10-16 02:08:36,379 consumer #2 [INFO] Processing feature: S2A_MSIL2A_20240818T183921_N0511_R070_T11SKA_20240819T015050 (Tile code: T11SKA)
2025-10-16 02:08:36,379 consumer #2 [INFO] Downloading 'S2A_MSIL2A_20240818T183921_N0511_R070_T11SKA_20240819T015050' (Tile: T11SKA)
2025-10-16 02:08:36,895 consumer #2 [ERROR] Error processing S2A_MSIL2A_20240818T183921_N0511_R070_T11SKA_20240819T015050: Token exchange failed: {"error":"invalid_grant","error_description":"Session not active"}
2025-10-16 02:08:36,896 consumer #2 [WARNING] Retrying S2A_MSIL2A_20240818T183921_N0511_R070_T11SKA_20240819T015050, remaining: 2
2025-10-16 02:08:36,896 consumer #2 [INFO] Processing feature: S2A_MSIL2A_20240818T183921_N0511_R070_T11SKA_20240819T015050 (Tile code: T11SKA)
2025-10-16 02:08:36,896 consumer #2 [INFO] Downloading 'S2A_MSIL2A_20240818T183921_N0511_R070_T11SKA_20240819T015050' (Tile: T11SKA)
2025-10-16 02:08:37,443 consumer #2 [ERROR] Error processing S2A_MSIL2A_20240818T183921_N0511_R070_T11SKA_20240819T015050: Token exchange failed: {"error":"invalid_grant","error_description":"Session not active"}
2025-10-16 02:08:37,445 consumer #2 [WARNING] Retrying S2A_MSIL2A_20240818T183921_N0511_R070_T11SKA_20240819T015050, remaining: 1
2025-10-16 02:08:37,445 consumer #2 [INFO] Processing feature: S2A_MSIL2A_20240818T183921_N0511_R070_T11SKA_20240819T015050 (Tile code: T11SKA)
2025-10-16 02:08:37,445 consumer #2 [INFO] Downloading 'S2A_MSIL2A_20240818T183921_N0511_R070_T11SKA_20240819T015050' (Tile: T11SKA)
2025-10-16 02:08:37,955 consumer #2 [ERROR] Error processing S2A_MSIL2A_20240818T183921_N0511_R070_T11SKA_20240819T015050: Token exchange failed: {"error":"invalid_grant","error_description":"Session not active"}
2025-10-16 02:08:37,957 consumer #2 [INFO] Processing feature: S2A_MSIL2A_20240828T183921_N0511_R070_T11SKA_20240829T011944 (Tile code: T11SKA)
2025-10-16 02:08:37,957 consumer #2 [INFO] Downloading 'S2A_MSIL2A_20240828T183921_N0511_R070_T11SKA_20240829T011944' (Tile: T11SKA)
2025-10-16 02:08:38,468 consumer #2 [ERROR] Error processing S2A_MSIL2A_20240828T183921_N0511_R070_T11SKA_20240829T011944: Token exchange failed: {"error":"invalid_grant","error_description":"Session not active"}
2025-10-16 02:08:38,468 consumer #2 [WARNING] Retrying S2A_MSIL2A_20240828T183921_N0511_R070_T11SKA_20240829T011944, remaining: 3
2025-10-16 02:08:38,468 consumer #2 [INFO] Processing feature: S2A_MSIL2A_20240828T183921_N0511_R070_T11SKA_20240829T011944 (Tile code: T11SKA)
2025-10-16 02:08:38,469 consumer #2 [INFO] Downloading 'S2A_MSIL2A_20240828T183921_N0511_R070_T11SKA_20240829T011944' (Tile: T11SKA)
2025-10-16 02:08:38,983 consumer #2 [ERROR] Error processing S2A_MSIL2A_20240828T183921_N0511_R070_T11SKA_20240829T011944: Token exchange failed: {"error":"invalid_grant","error_description":"Session not active"}
2025-10-16 02:08:38,984 consumer #2 [WARNING] Retrying S2A_MSIL2A_20240828T183921_N0511_R070_T11SKA_20240829T011944, remaining: 2
2025-10-16 02:08:38,984 consumer #2 [INFO] Processing feature: S2A_MSIL2A_20240828T183921_N0511_R070_T11SKA_20240829T011944 (Tile code: T11SKA)
2025-10-16 02:08:38,984 consumer #2 [INFO] Downloading 'S2A_MSIL2A_20240828T183921_N0511_R070_T11SKA_20240829T011944' (Tile: T11SKA)
2025-10-16 02:08:39,505 consumer #2 [ERROR] Error processing S2A_MSIL2A_20240828T183921_N0511_R070_T11SKA_20240829T011944: Token exchange failed: {"error":"invalid_grant","error_description":"Session not active"}
2025-10-16 02:08:39,506 consumer #2 [WARNING] Retrying S2A_MSIL2A_20240828T183921_N0511_R070_T11SKA_20240829T011944, remaining: 1
2025-10-16 02:08:39,506 consumer #2 [INFO] Processing feature: S2A_MSIL2A_20240828T183921_N0511_R070_T11SKA_20240829T011944 (Tile code: T11SKA)
2025-10-16 02:08:39,506 consumer #2 [INFO] Downloading 'S2A_MSIL2A_20240828T183921_N0511_R070_T11SKA_20240829T011944' (Tile: T11SKA)
2025-10-16 02:08:40,018 consumer #2 [ERROR] Error processing S2A_MSIL2A_20240828T183921_N0511_R070_T11SKA_20240829T011944: Token exchange failed: {"error":"invalid_grant","error_description":"Session not active"}
2025-10-16 02:08:40,019 consumer #2 [INFO] Processing feature: S2A_MSIL2A_20240828T183921_N0511_R070_T10SGF_20240829T011944 (Tile code: T10SGF)
2025-10-16 02:08:40,020 consumer #2 [INFO] Downloading 'S2A_MSIL2A_20240828T183921_N0511_R070_T10SGF_20240829T011944' (Tile: T10SGF)
2025-10-16 02:08:40,529 consumer #2 [ERROR] Error processing S2A_MSIL2A_20240828T183921_N0511_R070_T10SGF_20240829T011944: Token exchange failed: {"error":"invalid_grant","error_description":"Session not active"}
2025-10-16 02:08:40,530 consumer #2 [WARNING] Retrying S2A_MSIL2A_20240828T183921_N0511_R070_T10SGF_20240829T011944, remaining: 3
2025-10-16 02:08:40,530 consumer #2 [INFO] Processing feature: S2A_MSIL2A_20240828T183921_N0511_R070_T10SGF_20240829T011944 (Tile code: T10SGF)
2025-10-16 02:08:40,530 consumer #2 [INFO] Downloading 'S2A_MSIL2A_20240828T183921_N0511_R070_T10SGF_20240829T011944' (Tile: T10SGF)
2025-10-16 02:08:41,046 consumer #2 [ERROR] Error processing S2A_MSIL2A_20240828T183921_N0511_R070_T10SGF_20240829T011944: Token exchange failed: {"error":"invalid_grant","error_description":"Session not active"}
2025-10-16 02:08:41,047 consumer #2 [WARNING] Retrying S2A_MSIL2A_20240828T183921_N0511_R070_T10SGF_20240829T011944, remaining: 2
2025-10-16 02:08:41,047 consumer #2 [INFO] Processing feature: S2A_MSIL2A_20240828T183921_N0511_R070_T10SGF_20240829T011944 (Tile code: T10SGF)
2025-10-16 02:08:41,047 consumer #2 [INFO] Downloading 'S2A_MSIL2A_20240828T183921_N0511_R070_T10SGF_20240829T011944' (Tile: T10SGF)
2025-10-16 02:08:41,561 consumer #2 [ERROR] Error processing S2A_MSIL2A_20240828T183921_N0511_R070_T10SGF_20240829T011944: Token exchange failed: {"error":"invalid_grant","error_description":"Session not active"}
2025-10-16 02:08:41,562 consumer #2 [WARNING] Retrying S2A_MSIL2A_20240828T183921_N0511_R070_T10SGF_20240829T011944, remaining: 1
2025-10-16 02:08:41,562 consumer #2 [INFO] Processing feature: S2A_MSIL2A_20240828T183921_N0511_R070_T10SGF_20240829T011944 (Tile code: T10SGF)
2025-10-16 02:08:41,562 consumer #2 [INFO] Downloading 'S2A_MSIL2A_20240828T183921_N0511_R070_T10SGF_20240829T011944' (Tile: T10SGF)
2025-10-16 02:08:42,091 consumer #2 [ERROR] Error processing S2A_MSIL2A_20240828T183921_N0511_R070_T10SGF_20240829T011944: Token exchange failed: {"error":"invalid_grant","error_description":"Session not active"}
2025-10-16 02:08:42,092 consumer #2 [DEBUG] Downloader is done
2025-10-16 02:08:57,380 MainThread [INFO] Checking thread statuses...
2025-10-16 02:12:42,848 consumer #1 [ERROR] Error processing S2A_MSIL2A_20240520T183921_N0510_R070_T10SGF_20240521T011353: [Errno 122] Disk quota exceeded: '/scratch/sdas050/S2A_MSIL2A_20240520T183921_N0510_R070_T10SGF_20240521T011353.SAFE____vuh1pw3s/download.zip' -> 'early_season_2024/2024-05-20/S2A_MSIL2A_20240520T183921_N0510_R070_T10SGF_20240521T011353.SAFE.zip'
2025-10-16 02:12:42,851 consumer #1 [WARNING] Retrying S2A_MSIL2A_20240520T183921_N0510_R070_T10SGF_20240521T011353, remaining: 3
2025-10-16 02:12:42,851 consumer #1 [INFO] Processing feature: S2A_MSIL2A_20240520T183921_N0510_R070_T10SGF_20240521T011353 (Tile code: T10SGF)
2025-10-16 02:12:42,851 consumer #1 [INFO] Downloading 'S2A_MSIL2A_20240520T183921_N0510_R070_T10SGF_20240521T011353' (Tile: T10SGF)
2025-10-16 02:12:42,852 consumer #1 [INFO] Processing ZIP to 6-band for 'S2A_MSIL2A_20240520T183921_N0510_R070_T10SGF_20240521T011353' (Tile: T10SGF)
2025-10-16 02:12:42,852 consumer #1 [DEBUG] Processing early_season_2024/2024-05-20/S2A_MSIL2A_20240520T183921_N0510_R070_T10SGF_20240521T011353.SAFE.zip into early_season_2024/2024-05-20/S2A_MSIL2A_20240520T183921_N0510_R070_T10SGF_20240521T011353.tif
2025-10-16 02:12:42,859 consumer #1 [DEBUG] Extracting S2A_MSIL2A_20240520T183921_N0510_R070_T10SGF_20240521T011353 to temporary directory: early_season_2024/2024-05-20/extract_S2A_MSIL2A_20240520T183921_N0510_R070_T10SGF_20240521T011353____54c7o
2025-10-16 02:12:42,860 consumer #1 [ERROR] Error processing S2A_MSIL2A_20240520T183921_N0510_R070_T10SGF_20240521T011353: File is not a zip file
2025-10-16 02:12:42,861 consumer #1 [WARNING] Retrying S2A_MSIL2A_20240520T183921_N0510_R070_T10SGF_20240521T011353, remaining: 2
2025-10-16 02:12:42,861 consumer #1 [INFO] Processing feature: S2A_MSIL2A_20240520T183921_N0510_R070_T10SGF_20240521T011353 (Tile code: T10SGF)
2025-10-16 02:12:42,861 consumer #1 [INFO] Downloading 'S2A_MSIL2A_20240520T183921_N0510_R070_T10SGF_20240521T011353' (Tile: T10SGF)
2025-10-16 02:12:42,861 consumer #1 [INFO] Processing ZIP to 6-band for 'S2A_MSIL2A_20240520T183921_N0510_R070_T10SGF_20240521T011353' (Tile: T10SGF)
2025-10-16 02:12:42,861 consumer #1 [DEBUG] Processing early_season_2024/2024-05-20/S2A_MSIL2A_20240520T183921_N0510_R070_T10SGF_20240521T011353.SAFE.zip into early_season_2024/2024-05-20/S2A_MSIL2A_20240520T183921_N0510_R070_T10SGF_20240521T011353.tif
2025-10-16 02:12:42,861 consumer #1 [DEBUG] Extracting S2A_MSIL2A_20240520T183921_N0510_R070_T10SGF_20240521T011353 to temporary directory: early_season_2024/2024-05-20/extract_S2A_MSIL2A_20240520T183921_N0510_R070_T10SGF_20240521T011353_rfmhi09q
2025-10-16 02:12:42,862 consumer #1 [ERROR] Error processing S2A_MSIL2A_20240520T183921_N0510_R070_T10SGF_20240521T011353: File is not a zip file
2025-10-16 02:12:42,862 consumer #1 [WARNING] Retrying S2A_MSIL2A_20240520T183921_N0510_R070_T10SGF_20240521T011353, remaining: 1
2025-10-16 02:12:42,862 consumer #1 [INFO] Processing feature: S2A_MSIL2A_20240520T183921_N0510_R070_T10SGF_20240521T011353 (Tile code: T10SGF)
2025-10-16 02:12:42,862 consumer #1 [INFO] Downloading 'S2A_MSIL2A_20240520T183921_N0510_R070_T10SGF_20240521T011353' (Tile: T10SGF)
2025-10-16 02:12:42,862 consumer #1 [INFO] Processing ZIP to 6-band for 'S2A_MSIL2A_20240520T183921_N0510_R070_T10SGF_20240521T011353' (Tile: T10SGF)
2025-10-16 02:12:42,862 consumer #1 [DEBUG] Processing early_season_2024/2024-05-20/S2A_MSIL2A_20240520T183921_N0510_R070_T10SGF_20240521T011353.SAFE.zip into early_season_2024/2024-05-20/S2A_MSIL2A_20240520T183921_N0510_R070_T10SGF_20240521T011353.tif
2025-10-16 02:12:42,882 consumer #1 [DEBUG] Extracting S2A_MSIL2A_20240520T183921_N0510_R070_T10SGF_20240521T011353 to temporary directory: early_season_2024/2024-05-20/extract_S2A_MSIL2A_20240520T183921_N0510_R070_T10SGF_20240521T011353_vky6n6xr
2025-10-16 02:12:42,882 consumer #1 [ERROR] Error processing S2A_MSIL2A_20240520T183921_N0510_R070_T10SGF_20240521T011353: File is not a zip file
2025-10-16 02:12:42,883 consumer #1 [INFO] Processing feature: S2A_MSIL2A_20240530T183921_N0510_R070_T10SGF_20240531T012300 (Tile code: T10SGF)
2025-10-16 02:12:42,883 consumer #1 [INFO] Downloading 'S2A_MSIL2A_20240530T183921_N0510_R070_T10SGF_20240531T012300' (Tile: T10SGF)
2025-10-16 02:12:48,282 MainThread [INFO] Checking thread statuses...
2025-10-16 02:13:02,052 consumer #2 [ERROR] Error processing S2B_MSIL2A_20240912T183919_N0511_R070_T10SGF_20240913T001358: [Errno 122] Disk quota exceeded
2025-10-16 02:13:02,054 consumer #2 [WARNING] Retrying S2B_MSIL2A_20240912T183919_N0511_R070_T10SGF_20240913T001358, remaining: 3
2025-10-16 02:13:02,054 consumer #2 [INFO] Processing feature: S2B_MSIL2A_20240912T183919_N0511_R070_T10SGF_20240913T001358 (Tile code: T10SGF)
2025-10-16 02:13:02,054 consumer #2 [INFO] Downloading 'S2B_MSIL2A_20240912T183919_N0511_R070_T10SGF_20240913T001358' (Tile: T10SGF)
2025-10-16 02:13:02,054 consumer #2 [INFO] Processing ZIP to 6-band for 'S2B_MSIL2A_20240912T183919_N0511_R070_T10SGF_20240913T001358' (Tile: T10SGF)
2025-10-16 02:13:02,054 consumer #2 [DEBUG] Processing late_season_2024/2024-09-12/S2B_MSIL2A_20240912T183919_N0511_R070_T10SGF_20240913T001358.SAFE.zip into late_season_2024/2024-09-12/S2B_MSIL2A_20240912T183919_N0511_R070_T10SGF_20240913T001358.tif
2025-10-16 02:13:02,069 consumer #2 [DEBUG] Extracting S2B_MSIL2A_20240912T183919_N0511_R070_T10SGF_20240913T001358 to temporary directory: late_season_2024/2024-09-12/extract_S2B_MSIL2A_20240912T183919_N0511_R070_T10SGF_20240913T001358_qqc9rmdi
2025-10-16 02:13:02,070 consumer #2 [ERROR] Error processing S2B_MSIL2A_20240912T183919_N0511_R070_T10SGF_20240913T001358: File is not a zip file
2025-10-16 02:13:02,070 consumer #2 [WARNING] Retrying S2B_MSIL2A_20240912T183919_N0511_R070_T10SGF_20240913T001358, remaining: 2
2025-10-16 02:13:02,070 consumer #2 [INFO] Processing feature: S2B_MSIL2A_20240912T183919_N0511_R070_T10SGF_20240913T001358 (Tile code: T10SGF)
2025-10-16 02:13:02,070 consumer #2 [INFO] Downloading 'S2B_MSIL2A_20240912T183919_N0511_R070_T10SGF_20240913T001358' (Tile: T10SGF)
2025-10-16 02:13:02,070 consumer #2 [INFO] Processing ZIP to 6-band for 'S2B_MSIL2A_20240912T183919_N0511_R070_T10SGF_20240913T001358' (Tile: T10SGF)
2025-10-16 02:13:02,070 consumer #2 [DEBUG] Processing late_season_2024/2024-09-12/S2B_MSIL2A_20240912T183919_N0511_R070_T10SGF_20240913T001358.SAFE.zip into late_season_2024/2024-09-12/S2B_MSIL2A_20240912T183919_N0511_R070_T10SGF_20240913T001358.tif
2025-10-16 02:13:02,071 consumer #2 [DEBUG] Extracting S2B_MSIL2A_20240912T183919_N0511_R070_T10SGF_20240913T001358 to temporary directory: late_season_2024/2024-09-12/extract_S2B_MSIL2A_20240912T183919_N0511_R070_T10SGF_20240913T001358_towpcn5m
2025-10-16 02:13:02,071 consumer #2 [ERROR] Error processing S2B_MSIL2A_20240912T183919_N0511_R070_T10SGF_20240913T001358: File is not a zip file
2025-10-16 02:13:02,071 consumer #2 [WARNING] Retrying S2B_MSIL2A_20240912T183919_N0511_R070_T10SGF_20240913T001358, remaining: 1
2025-10-16 02:13:02,071 consumer #2 [INFO] Processing feature: S2B_MSIL2A_20240912T183919_N0511_R070_T10SGF_20240913T001358 (Tile code: T10SGF)
2025-10-16 02:13:02,071 consumer #2 [INFO] Downloading 'S2B_MSIL2A_20240912T183919_N0511_R070_T10SGF_20240913T001358' (Tile: T10SGF)
2025-10-16 02:13:02,071 consumer #2 [INFO] Processing ZIP to 6-band for 'S2B_MSIL2A_20240912T183919_N0511_R070_T10SGF_20240913T001358' (Tile: T10SGF)
2025-10-16 02:13:02,071 consumer #2 [DEBUG] Processing late_season_2024/2024-09-12/S2B_MSIL2A_20240912T183919_N0511_R070_T10SGF_20240913T001358.SAFE.zip into late_season_2024/2024-09-12/S2B_MSIL2A_20240912T183919_N0511_R070_T10SGF_20240913T001358.tif
2025-10-16 02:13:02,088 consumer #2 [DEBUG] Extracting S2B_MSIL2A_20240912T183919_N0511_R070_T10SGF_20240913T001358 to temporary directory: late_season_2024/2024-09-12/extract_S2B_MSIL2A_20240912T183919_N0511_R070_T10SGF_20240913T001358_pxl3fhph
2025-10-16 02:13:02,088 consumer #2 [ERROR] Error processing S2B_MSIL2A_20240912T183919_N0511_R070_T10SGF_20240913T001358: File is not a zip file
2025-10-16 02:13:02,090 consumer #2 [INFO] Processing feature: S2A_MSIL2A_20240917T184031_N0511_R070_T10SGF_20240918T005327 (Tile code: T10SGF)
2025-10-16 02:13:02,090 consumer #2 [INFO] Downloading 'S2A_MSIL2A_20240917T184031_N0511_R070_T10SGF_20240918T005327' (Tile: T10SGF)
2025-10-16 02:13:07,523 MainThread [INFO] Checking thread statuses...
2025-10-16 02:13:39,149 consumer #3 [ERROR] Error processing S2B_MSIL2A_20240614T183919_N0510_R070_T10SGF_20240614T223610: [Errno 122] Disk quota exceeded
2025-10-16 02:13:39,151 consumer #3 [WARNING] Retrying S2B_MSIL2A_20240614T183919_N0510_R070_T10SGF_20240614T223610, remaining: 3
2025-10-16 02:13:39,151 consumer #3 [INFO] Processing feature: S2B_MSIL2A_20240614T183919_N0510_R070_T10SGF_20240614T223610 (Tile code: T10SGF)
2025-10-16 02:13:39,151 consumer #3 [INFO] Downloading 'S2B_MSIL2A_20240614T183919_N0510_R070_T10SGF_20240614T223610' (Tile: T10SGF)
2025-10-16 02:13:39,151 consumer #3 [INFO] Processing ZIP to 6-band for 'S2B_MSIL2A_20240614T183919_N0510_R070_T10SGF_20240614T223610' (Tile: T10SGF)
2025-10-16 02:13:39,151 consumer #3 [DEBUG] Processing mid_season_2024/2024-06-14/S2B_MSIL2A_20240614T183919_N0510_R070_T10SGF_20240614T223610.SAFE.zip into mid_season_2024/2024-06-14/S2B_MSIL2A_20240614T183919_N0510_R070_T10SGF_20240614T223610.tif
2025-10-16 02:13:39,177 consumer #3 [DEBUG] Extracting S2B_MSIL2A_20240614T183919_N0510_R070_T10SGF_20240614T223610 to temporary directory: mid_season_2024/2024-06-14/extract_S2B_MSIL2A_20240614T183919_N0510_R070_T10SGF_20240614T223610_rwjv6xkv
2025-10-16 02:13:39,178 consumer #3 [ERROR] Error processing S2B_MSIL2A_20240614T183919_N0510_R070_T10SGF_20240614T223610: File is not a zip file
2025-10-16 02:13:39,178 consumer #3 [WARNING] Retrying S2B_MSIL2A_20240614T183919_N0510_R070_T10SGF_20240614T223610, remaining: 2
2025-10-16 02:13:39,178 consumer #3 [INFO] Processing feature: S2B_MSIL2A_20240614T183919_N0510_R070_T10SGF_20240614T223610 (Tile code: T10SGF)
2025-10-16 02:13:39,178 consumer #3 [INFO] Downloading 'S2B_MSIL2A_20240614T183919_N0510_R070_T10SGF_20240614T223610' (Tile: T10SGF)
2025-10-16 02:13:39,178 consumer #3 [INFO] Processing ZIP to 6-band for 'S2B_MSIL2A_20240614T183919_N0510_R070_T10SGF_20240614T223610' (Tile: T10SGF)
2025-10-16 02:13:39,179 consumer #3 [DEBUG] Processing mid_season_2024/2024-06-14/S2B_MSIL2A_20240614T183919_N0510_R070_T10SGF_20240614T223610.SAFE.zip into mid_season_2024/2024-06-14/S2B_MSIL2A_20240614T183919_N0510_R070_T10SGF_20240614T223610.tif
2025-10-16 02:13:39,179 consumer #3 [DEBUG] Extracting S2B_MSIL2A_20240614T183919_N0510_R070_T10SGF_20240614T223610 to temporary directory: mid_season_2024/2024-06-14/extract_S2B_MSIL2A_20240614T183919_N0510_R070_T10SGF_20240614T223610_jcpo6083
2025-10-16 02:13:39,179 consumer #3 [ERROR] Error processing S2B_MSIL2A_20240614T183919_N0510_R070_T10SGF_20240614T223610: File is not a zip file
2025-10-16 02:13:39,179 consumer #3 [WARNING] Retrying S2B_MSIL2A_20240614T183919_N0510_R070_T10SGF_20240614T223610, remaining: 1
2025-10-16 02:13:39,180 consumer #3 [INFO] Processing feature: S2B_MSIL2A_20240614T183919_N0510_R070_T10SGF_20240614T223610 (Tile code: T10SGF)
2025-10-16 02:13:39,180 consumer #3 [INFO] Downloading 'S2B_MSIL2A_20240614T183919_N0510_R070_T10SGF_20240614T223610' (Tile: T10SGF)
2025-10-16 02:13:39,180 consumer #3 [INFO] Processing ZIP to 6-band for 'S2B_MSIL2A_20240614T183919_N0510_R070_T10SGF_20240614T223610' (Tile: T10SGF)
2025-10-16 02:13:39,180 consumer #3 [DEBUG] Processing mid_season_2024/2024-06-14/S2B_MSIL2A_20240614T183919_N0510_R070_T10SGF_20240614T223610.SAFE.zip into mid_season_2024/2024-06-14/S2B_MSIL2A_20240614T183919_N0510_R070_T10SGF_20240614T223610.tif
2025-10-16 02:13:39,203 consumer #3 [DEBUG] Extracting S2B_MSIL2A_20240614T183919_N0510_R070_T10SGF_20240614T223610 to temporary directory: mid_season_2024/2024-06-14/extract_S2B_MSIL2A_20240614T183919_N0510_R070_T10SGF_20240614T223610_dmruv1ro
2025-10-16 02:13:39,203 consumer #3 [ERROR] Error processing S2B_MSIL2A_20240614T183919_N0510_R070_T10SGF_20240614T223610: File is not a zip file
2025-10-16 02:13:39,204 consumer #3 [DEBUG] Downloader is done
2025-10-16 02:14:16,407 consumer #1 [ERROR] Error processing S2B_MSIL2A_20240912T183919_N0511_R070_T11SKA_20240913T001358: [Errno 122] Disk quota exceeded
2025-10-16 02:14:16,409 consumer #1 [WARNING] Retrying S2B_MSIL2A_20240912T183919_N0511_R070_T11SKA_20240913T001358, remaining: 3
2025-10-16 02:14:16,409 consumer #1 [INFO] Processing feature: S2B_MSIL2A_20240912T183919_N0511_R070_T11SKA_20240913T001358 (Tile code: T11SKA)
2025-10-16 02:14:16,409 consumer #1 [INFO] Downloading 'S2B_MSIL2A_20240912T183919_N0511_R070_T11SKA_20240913T001358' (Tile: T11SKA)
2025-10-16 02:14:16,409 consumer #1 [INFO] Processing ZIP to 6-band for 'S2B_MSIL2A_20240912T183919_N0511_R070_T11SKA_20240913T001358' (Tile: T11SKA)
2025-10-16 02:14:16,409 consumer #1 [DEBUG] Processing late_season_2024/2024-09-12/S2B_MSIL2A_20240912T183919_N0511_R070_T11SKA_20240913T001358.SAFE.zip into late_season_2024/2024-09-12/S2B_MSIL2A_20240912T183919_N0511_R070_T11SKA_20240913T001358.tif
2025-10-16 02:14:16,424 consumer #1 [DEBUG] Extracting S2B_MSIL2A_20240912T183919_N0511_R070_T11SKA_20240913T001358 to temporary directory: late_season_2024/2024-09-12/extract_S2B_MSIL2A_20240912T183919_N0511_R070_T11SKA_20240913T001358_tl7q12l7
2025-10-16 02:14:16,425 consumer #1 [ERROR] Error processing S2B_MSIL2A_20240912T183919_N0511_R070_T11SKA_20240913T001358: File is not a zip file
2025-10-16 02:14:16,425 consumer #1 [WARNING] Retrying S2B_MSIL2A_20240912T183919_N0511_R070_T11SKA_20240913T001358, remaining: 2
2025-10-16 02:14:16,425 consumer #1 [INFO] Processing feature: S2B_MSIL2A_20240912T183919_N0511_R070_T11SKA_20240913T001358 (Tile code: T11SKA)
2025-10-16 02:14:16,425 consumer #1 [INFO] Downloading 'S2B_MSIL2A_20240912T183919_N0511_R070_T11SKA_20240913T001358' (Tile: T11SKA)
2025-10-16 02:14:16,425 consumer #1 [INFO] Processing ZIP to 6-band for 'S2B_MSIL2A_20240912T183919_N0511_R070_T11SKA_20240913T001358' (Tile: T11SKA)
2025-10-16 02:14:16,425 consumer #1 [DEBUG] Processing late_season_2024/2024-09-12/S2B_MSIL2A_20240912T183919_N0511_R070_T11SKA_20240913T001358.SAFE.zip into late_season_2024/2024-09-12/S2B_MSIL2A_20240912T183919_N0511_R070_T11SKA_20240913T001358.tif
2025-10-16 02:14:16,426 consumer #1 [DEBUG] Extracting S2B_MSIL2A_20240912T183919_N0511_R070_T11SKA_20240913T001358 to temporary directory: late_season_2024/2024-09-12/extract_S2B_MSIL2A_20240912T183919_N0511_R070_T11SKA_20240913T001358_6xl39c56
2025-10-16 02:14:16,426 consumer #1 [ERROR] Error processing S2B_MSIL2A_20240912T183919_N0511_R070_T11SKA_20240913T001358: File is not a zip file
2025-10-16 02:14:16,426 consumer #1 [WARNING] Retrying S2B_MSIL2A_20240912T183919_N0511_R070_T11SKA_20240913T001358, remaining: 1
2025-10-16 02:14:16,426 consumer #1 [INFO] Processing feature: S2B_MSIL2A_20240912T183919_N0511_R070_T11SKA_20240913T001358 (Tile code: T11SKA)
2025-10-16 02:14:16,426 consumer #1 [INFO] Downloading 'S2B_MSIL2A_20240912T183919_N0511_R070_T11SKA_20240913T001358' (Tile: T11SKA)
2025-10-16 02:14:16,426 consumer #1 [INFO] Processing ZIP to 6-band for 'S2B_MSIL2A_20240912T183919_N0511_R070_T11SKA_20240913T001358' (Tile: T11SKA)
2025-10-16 02:14:16,427 consumer #1 [DEBUG] Processing late_season_2024/2024-09-12/S2B_MSIL2A_20240912T183919_N0511_R070_T11SKA_20240913T001358.SAFE.zip into late_season_2024/2024-09-12/S2B_MSIL2A_20240912T183919_N0511_R070_T11SKA_20240913T001358.tif
2025-10-16 02:14:16,450 consumer #1 [DEBUG] Extracting S2B_MSIL2A_20240912T183919_N0511_R070_T11SKA_20240913T001358 to temporary directory: late_season_2024/2024-09-12/extract_S2B_MSIL2A_20240912T183919_N0511_R070_T11SKA_20240913T001358_aws1wcbl
2025-10-16 02:14:16,451 consumer #1 [ERROR] Error processing S2B_MSIL2A_20240912T183919_N0511_R070_T11SKA_20240913T001358: File is not a zip file
2025-10-16 02:14:16,451 consumer #1 [INFO] Processing feature: S2B_MSIL2A_20240922T184009_N0511_R070_T11SKA_20240922T225505 (Tile code: T11SKA)
2025-10-16 02:14:16,452 consumer #1 [INFO] Downloading 'S2B_MSIL2A_20240922T184009_N0511_R070_T11SKA_20240922T225505' (Tile: T11SKA)
2025-10-16 02:15:36,534 consumer #2 [ERROR] Error processing S2B_MSIL2A_20240525T183919_N0510_R070_T11SKA_20240525T220718: [Errno 122] Disk quota exceeded
2025-10-16 02:15:36,536 consumer #2 [WARNING] Retrying S2B_MSIL2A_20240525T183919_N0510_R070_T11SKA_20240525T220718, remaining: 3
2025-10-16 02:15:36,536 consumer #2 [INFO] Processing feature: S2B_MSIL2A_20240525T183919_N0510_R070_T11SKA_20240525T220718 (Tile code: T11SKA)
2025-10-16 02:15:36,536 consumer #2 [INFO] Downloading 'S2B_MSIL2A_20240525T183919_N0510_R070_T11SKA_20240525T220718' (Tile: T11SKA)
2025-10-16 02:15:36,536 consumer #2 [INFO] Processing ZIP to 6-band for 'S2B_MSIL2A_20240525T183919_N0510_R070_T11SKA_20240525T220718' (Tile: T11SKA)
2025-10-16 02:15:36,536 consumer #2 [DEBUG] Processing early_season_2024/2024-05-25/S2B_MSIL2A_20240525T183919_N0510_R070_T11SKA_20240525T220718.SAFE.zip into early_season_2024/2024-05-25/S2B_MSIL2A_20240525T183919_N0510_R070_T11SKA_20240525T220718.tif
2025-10-16 02:15:36,551 consumer #2 [DEBUG] Extracting S2B_MSIL2A_20240525T183919_N0510_R070_T11SKA_20240525T220718 to temporary directory: early_season_2024/2024-05-25/extract_S2B_MSIL2A_20240525T183919_N0510_R070_T11SKA_20240525T220718_7zmj22xx
2025-10-16 02:15:36,552 consumer #2 [ERROR] Error processing S2B_MSIL2A_20240525T183919_N0510_R070_T11SKA_20240525T220718: File is not a zip file
2025-10-16 02:15:36,552 consumer #2 [WARNING] Retrying S2B_MSIL2A_20240525T183919_N0510_R070_T11SKA_20240525T220718, remaining: 2
2025-10-16 02:15:36,552 consumer #2 [INFO] Processing feature: S2B_MSIL2A_20240525T183919_N0510_R070_T11SKA_20240525T220718 (Tile code: T11SKA)
2025-10-16 02:15:36,552 consumer #2 [INFO] Downloading 'S2B_MSIL2A_20240525T183919_N0510_R070_T11SKA_20240525T220718' (Tile: T11SKA)
2025-10-16 02:15:36,552 consumer #2 [INFO] Processing ZIP to 6-band for 'S2B_MSIL2A_20240525T183919_N0510_R070_T11SKA_20240525T220718' (Tile: T11SKA)
2025-10-16 02:15:36,552 consumer #2 [DEBUG] Processing early_season_2024/2024-05-25/S2B_MSIL2A_20240525T183919_N0510_R070_T11SKA_20240525T220718.SAFE.zip into early_season_2024/2024-05-25/S2B_MSIL2A_20240525T183919_N0510_R070_T11SKA_20240525T220718.tif
2025-10-16 02:15:36,553 consumer #2 [DEBUG] Extracting S2B_MSIL2A_20240525T183919_N0510_R070_T11SKA_20240525T220718 to temporary directory: early_season_2024/2024-05-25/extract_S2B_MSIL2A_20240525T183919_N0510_R070_T11SKA_20240525T220718_3cstg01o
2025-10-16 02:15:36,553 consumer #2 [ERROR] Error processing S2B_MSIL2A_20240525T183919_N0510_R070_T11SKA_20240525T220718: File is not a zip file
2025-10-16 02:15:36,553 consumer #2 [WARNING] Retrying S2B_MSIL2A_20240525T183919_N0510_R070_T11SKA_20240525T220718, remaining: 1
2025-10-16 02:15:36,553 consumer #2 [INFO] Processing feature: S2B_MSIL2A_20240525T183919_N0510_R070_T11SKA_20240525T220718 (Tile code: T11SKA)
2025-10-16 02:15:36,553 consumer #2 [INFO] Downloading 'S2B_MSIL2A_20240525T183919_N0510_R070_T11SKA_20240525T220718' (Tile: T11SKA)
2025-10-16 02:15:36,553 consumer #2 [INFO] Processing ZIP to 6-band for 'S2B_MSIL2A_20240525T183919_N0510_R070_T11SKA_20240525T220718' (Tile: T11SKA)
2025-10-16 02:15:36,553 consumer #2 [DEBUG] Processing early_season_2024/2024-05-25/S2B_MSIL2A_20240525T183919_N0510_R070_T11SKA_20240525T220718.SAFE.zip into early_season_2024/2024-05-25/S2B_MSIL2A_20240525T183919_N0510_R070_T11SKA_20240525T220718.tif
2025-10-16 02:15:36,570 consumer #2 [DEBUG] Extracting S2B_MSIL2A_20240525T183919_N0510_R070_T11SKA_20240525T220718 to temporary directory: early_season_2024/2024-05-25/extract_S2B_MSIL2A_20240525T183919_N0510_R070_T11SKA_20240525T220718_pn1jvlmt
2025-10-16 02:15:36,570 consumer #2 [ERROR] Error processing S2B_MSIL2A_20240525T183919_N0510_R070_T11SKA_20240525T220718: File is not a zip file
2025-10-16 02:15:36,571 consumer #2 [DEBUG] Downloader is done
2025-10-16 02:15:46,461 consumer #1 [ERROR] Error processing S2A_MSIL2A_20240609T183921_N0510_R070_T11SKA_20240610T012249: [Errno 122] Disk quota exceeded
2025-10-16 02:15:46,463 consumer #1 [WARNING] Retrying S2A_MSIL2A_20240609T183921_N0510_R070_T11SKA_20240610T012249, remaining: 3
2025-10-16 02:15:46,463 consumer #1 [INFO] Processing feature: S2A_MSIL2A_20240609T183921_N0510_R070_T11SKA_20240610T012249 (Tile code: T11SKA)
2025-10-16 02:15:46,464 consumer #1 [INFO] Downloading 'S2A_MSIL2A_20240609T183921_N0510_R070_T11SKA_20240610T012249' (Tile: T11SKA)
2025-10-16 02:15:46,464 consumer #1 [INFO] Processing ZIP to 6-band for 'S2A_MSIL2A_20240609T183921_N0510_R070_T11SKA_20240610T012249' (Tile: T11SKA)
2025-10-16 02:15:46,464 consumer #1 [DEBUG] Processing mid_season_2024/2024-06-09/S2A_MSIL2A_20240609T183921_N0510_R070_T11SKA_20240610T012249.SAFE.zip into mid_season_2024/2024-06-09/S2A_MSIL2A_20240609T183921_N0510_R070_T11SKA_20240610T012249.tif
2025-10-16 02:15:46,477 consumer #1 [DEBUG] Extracting S2A_MSIL2A_20240609T183921_N0510_R070_T11SKA_20240610T012249 to temporary directory: mid_season_2024/2024-06-09/extract_S2A_MSIL2A_20240609T183921_N0510_R070_T11SKA_20240610T012249_u8do9k5g
2025-10-16 02:15:46,479 consumer #1 [ERROR] Error processing S2A_MSIL2A_20240609T183921_N0510_R070_T11SKA_20240610T012249: File is not a zip file
2025-10-16 02:15:46,479 consumer #1 [WARNING] Retrying S2A_MSIL2A_20240609T183921_N0510_R070_T11SKA_20240610T012249, remaining: 2
2025-10-16 02:15:46,479 consumer #1 [INFO] Processing feature: S2A_MSIL2A_20240609T183921_N0510_R070_T11SKA_20240610T012249 (Tile code: T11SKA)
2025-10-16 02:15:46,479 consumer #1 [INFO] Downloading 'S2A_MSIL2A_20240609T183921_N0510_R070_T11SKA_20240610T012249' (Tile: T11SKA)
2025-10-16 02:15:46,479 consumer #1 [INFO] Processing ZIP to 6-band for 'S2A_MSIL2A_20240609T183921_N0510_R070_T11SKA_20240610T012249' (Tile: T11SKA)
2025-10-16 02:15:46,479 consumer #1 [DEBUG] Processing mid_season_2024/2024-06-09/S2A_MSIL2A_20240609T183921_N0510_R070_T11SKA_20240610T012249.SAFE.zip into mid_season_2024/2024-06-09/S2A_MSIL2A_20240609T183921_N0510_R070_T11SKA_20240610T012249.tif
2025-10-16 02:15:46,480 consumer #1 [DEBUG] Extracting S2A_MSIL2A_20240609T183921_N0510_R070_T11SKA_20240610T012249 to temporary directory: mid_season_2024/2024-06-09/extract_S2A_MSIL2A_20240609T183921_N0510_R070_T11SKA_20240610T012249_q8mmetmc
2025-10-16 02:15:46,480 consumer #1 [ERROR] Error processing S2A_MSIL2A_20240609T183921_N0510_R070_T11SKA_20240610T012249: File is not a zip file
2025-10-16 02:15:46,480 consumer #1 [WARNING] Retrying S2A_MSIL2A_20240609T183921_N0510_R070_T11SKA_20240610T012249, remaining: 1
2025-10-16 02:15:46,480 consumer #1 [INFO] Processing feature: S2A_MSIL2A_20240609T183921_N0510_R070_T11SKA_20240610T012249 (Tile code: T11SKA)
2025-10-16 02:15:46,480 consumer #1 [INFO] Downloading 'S2A_MSIL2A_20240609T183921_N0510_R070_T11SKA_20240610T012249' (Tile: T11SKA)
2025-10-16 02:15:46,480 consumer #1 [INFO] Processing ZIP to 6-band for 'S2A_MSIL2A_20240609T183921_N0510_R070_T11SKA_20240610T012249' (Tile: T11SKA)
2025-10-16 02:15:46,480 consumer #1 [DEBUG] Processing mid_season_2024/2024-06-09/S2A_MSIL2A_20240609T183921_N0510_R070_T11SKA_20240610T012249.SAFE.zip into mid_season_2024/2024-06-09/S2A_MSIL2A_20240609T183921_N0510_R070_T11SKA_20240610T012249.tif
2025-10-16 02:15:46,495 consumer #1 [DEBUG] Extracting S2A_MSIL2A_20240609T183921_N0510_R070_T11SKA_20240610T012249 to temporary directory: mid_season_2024/2024-06-09/extract_S2A_MSIL2A_20240609T183921_N0510_R070_T11SKA_20240610T012249_yla8skqu
2025-10-16 02:15:46,495 consumer #1 [ERROR] Error processing S2A_MSIL2A_20240609T183921_N0510_R070_T11SKA_20240610T012249: File is not a zip file
2025-10-16 02:15:46,497 consumer #1 [DEBUG] Downloader is done
2025-10-16 02:15:46,498 MainThread [INFO] Checking thread statuses...
2025-10-16 02:16:57,381 MainThread [INFO] Checking thread statuses...
2025-10-16 02:17:44,707 consumer #0 [ERROR] Error processing S2A_MSIL2A_20240530T183921_N0510_R070_T11SKA_20240531T012300: [Errno 122] Disk quota exceeded
2025-10-16 02:17:44,709 consumer #0 [WARNING] Retrying S2A_MSIL2A_20240530T183921_N0510_R070_T11SKA_20240531T012300, remaining: 3
2025-10-16 02:17:44,709 consumer #0 [INFO] Processing feature: S2A_MSIL2A_20240530T183921_N0510_R070_T11SKA_20240531T012300 (Tile code: T11SKA)
2025-10-16 02:17:44,710 consumer #0 [INFO] Downloading 'S2A_MSIL2A_20240530T183921_N0510_R070_T11SKA_20240531T012300' (Tile: T11SKA)
2025-10-16 02:17:44,710 consumer #0 [INFO] Processing ZIP to 6-band for 'S2A_MSIL2A_20240530T183921_N0510_R070_T11SKA_20240531T012300' (Tile: T11SKA)
2025-10-16 02:17:44,710 consumer #0 [DEBUG] Processing early_season_2024/2024-05-30/S2A_MSIL2A_20240530T183921_N0510_R070_T11SKA_20240531T012300.SAFE.zip into early_season_2024/2024-05-30/S2A_MSIL2A_20240530T183921_N0510_R070_T11SKA_20240531T012300.tif
2025-10-16 02:17:44,725 consumer #0 [DEBUG] Extracting S2A_MSIL2A_20240530T183921_N0510_R070_T11SKA_20240531T012300 to temporary directory: early_season_2024/2024-05-30/extract_S2A_MSIL2A_20240530T183921_N0510_R070_T11SKA_20240531T012300_waawym_m
2025-10-16 02:17:44,726 consumer #0 [ERROR] Error processing S2A_MSIL2A_20240530T183921_N0510_R070_T11SKA_20240531T012300: File is not a zip file
2025-10-16 02:17:44,726 consumer #0 [WARNING] Retrying S2A_MSIL2A_20240530T183921_N0510_R070_T11SKA_20240531T012300, remaining: 2
2025-10-16 02:17:44,726 consumer #0 [INFO] Processing feature: S2A_MSIL2A_20240530T183921_N0510_R070_T11SKA_20240531T012300 (Tile code: T11SKA)
2025-10-16 02:17:44,726 consumer #0 [INFO] Downloading 'S2A_MSIL2A_20240530T183921_N0510_R070_T11SKA_20240531T012300' (Tile: T11SKA)
2025-10-16 02:17:44,726 consumer #0 [INFO] Processing ZIP to 6-band for 'S2A_MSIL2A_20240530T183921_N0510_R070_T11SKA_20240531T012300' (Tile: T11SKA)
2025-10-16 02:17:44,727 consumer #0 [DEBUG] Processing early_season_2024/2024-05-30/S2A_MSIL2A_20240530T183921_N0510_R070_T11SKA_20240531T012300.SAFE.zip into early_season_2024/2024-05-30/S2A_MSIL2A_20240530T183921_N0510_R070_T11SKA_20240531T012300.tif
2025-10-16 02:17:44,727 consumer #0 [DEBUG] Extracting S2A_MSIL2A_20240530T183921_N0510_R070_T11SKA_20240531T012300 to temporary directory: early_season_2024/2024-05-30/extract_S2A_MSIL2A_20240530T183921_N0510_R070_T11SKA_20240531T012300_msxa4_k7
2025-10-16 02:17:44,727 consumer #0 [ERROR] Error processing S2A_MSIL2A_20240530T183921_N0510_R070_T11SKA_20240531T012300: File is not a zip file
2025-10-16 02:17:44,727 consumer #0 [WARNING] Retrying S2A_MSIL2A_20240530T183921_N0510_R070_T11SKA_20240531T012300, remaining: 1
2025-10-16 02:17:44,728 consumer #0 [INFO] Processing feature: S2A_MSIL2A_20240530T183921_N0510_R070_T11SKA_20240531T012300 (Tile code: T11SKA)
2025-10-16 02:17:44,728 consumer #0 [INFO] Downloading 'S2A_MSIL2A_20240530T183921_N0510_R070_T11SKA_20240531T012300' (Tile: T11SKA)
2025-10-16 02:17:44,728 consumer #0 [INFO] Processing ZIP to 6-band for 'S2A_MSIL2A_20240530T183921_N0510_R070_T11SKA_20240531T012300' (Tile: T11SKA)
2025-10-16 02:17:44,728 consumer #0 [DEBUG] Processing early_season_2024/2024-05-30/S2A_MSIL2A_20240530T183921_N0510_R070_T11SKA_20240531T012300.SAFE.zip into early_season_2024/2024-05-30/S2A_MSIL2A_20240530T183921_N0510_R070_T11SKA_20240531T012300.tif
2025-10-16 02:17:44,747 consumer #0 [DEBUG] Extracting S2A_MSIL2A_20240530T183921_N0510_R070_T11SKA_20240531T012300 to temporary directory: early_season_2024/2024-05-30/extract_S2A_MSIL2A_20240530T183921_N0510_R070_T11SKA_20240531T012300_rf_9lfbh
2025-10-16 02:17:44,747 consumer #0 [ERROR] Error processing S2A_MSIL2A_20240530T183921_N0510_R070_T11SKA_20240531T012300: File is not a zip file
2025-10-16 02:17:44,748 consumer #0 [DEBUG] Downloader is done
2025-10-16 02:17:45,718 consumer #3 [ERROR] Error processing S2A_MSIL2A_20240917T184031_N0511_R070_T11SKA_20240918T005327: [Errno 122] Disk quota exceeded
2025-10-16 02:17:45,721 consumer #3 [WARNING] Retrying S2A_MSIL2A_20240917T184031_N0511_R070_T11SKA_20240918T005327, remaining: 3
2025-10-16 02:17:45,721 consumer #3 [INFO] Processing feature: S2A_MSIL2A_20240917T184031_N0511_R070_T11SKA_20240918T005327 (Tile code: T11SKA)
2025-10-16 02:17:45,721 consumer #3 [INFO] Downloading 'S2A_MSIL2A_20240917T184031_N0511_R070_T11SKA_20240918T005327' (Tile: T11SKA)
2025-10-16 02:17:45,721 consumer #3 [INFO] Processing ZIP to 6-band for 'S2A_MSIL2A_20240917T184031_N0511_R070_T11SKA_20240918T005327' (Tile: T11SKA)
2025-10-16 02:17:45,721 consumer #3 [DEBUG] Processing late_season_2024/2024-09-17/S2A_MSIL2A_20240917T184031_N0511_R070_T11SKA_20240918T005327.SAFE.zip into late_season_2024/2024-09-17/S2A_MSIL2A_20240917T184031_N0511_R070_T11SKA_20240918T005327.tif
2025-10-16 02:17:45,739 consumer #3 [DEBUG] Extracting S2A_MSIL2A_20240917T184031_N0511_R070_T11SKA_20240918T005327 to temporary directory: late_season_2024/2024-09-17/extract_S2A_MSIL2A_20240917T184031_N0511_R070_T11SKA_20240918T005327_fjr8zwnq
2025-10-16 02:17:45,740 consumer #3 [ERROR] Error processing S2A_MSIL2A_20240917T184031_N0511_R070_T11SKA_20240918T005327: File is not a zip file
2025-10-16 02:17:45,740 consumer #3 [WARNING] Retrying S2A_MSIL2A_20240917T184031_N0511_R070_T11SKA_20240918T005327, remaining: 2
2025-10-16 02:17:45,740 consumer #3 [INFO] Processing feature: S2A_MSIL2A_20240917T184031_N0511_R070_T11SKA_20240918T005327 (Tile code: T11SKA)
2025-10-16 02:17:45,740 consumer #3 [INFO] Downloading 'S2A_MSIL2A_20240917T184031_N0511_R070_T11SKA_20240918T005327' (Tile: T11SKA)
2025-10-16 02:17:45,740 consumer #3 [INFO] Processing ZIP to 6-band for 'S2A_MSIL2A_20240917T184031_N0511_R070_T11SKA_20240918T005327' (Tile: T11SKA)
2025-10-16 02:17:45,740 consumer #3 [DEBUG] Processing late_season_2024/2024-09-17/S2A_MSIL2A_20240917T184031_N0511_R070_T11SKA_20240918T005327.SAFE.zip into late_season_2024/2024-09-17/S2A_MSIL2A_20240917T184031_N0511_R070_T11SKA_20240918T005327.tif
2025-10-16 02:17:45,741 consumer #3 [DEBUG] Extracting S2A_MSIL2A_20240917T184031_N0511_R070_T11SKA_20240918T005327 to temporary directory: late_season_2024/2024-09-17/extract_S2A_MSIL2A_20240917T184031_N0511_R070_T11SKA_20240918T005327_3h6l56i9
2025-10-16 02:17:45,741 consumer #3 [ERROR] Error processing S2A_MSIL2A_20240917T184031_N0511_R070_T11SKA_20240918T005327: File is not a zip file
2025-10-16 02:17:45,741 consumer #3 [WARNING] Retrying S2A_MSIL2A_20240917T184031_N0511_R070_T11SKA_20240918T005327, remaining: 1
2025-10-16 02:17:45,741 consumer #3 [INFO] Processing feature: S2A_MSIL2A_20240917T184031_N0511_R070_T11SKA_20240918T005327 (Tile code: T11SKA)
2025-10-16 02:17:45,741 consumer #3 [INFO] Downloading 'S2A_MSIL2A_20240917T184031_N0511_R070_T11SKA_20240918T005327' (Tile: T11SKA)
2025-10-16 02:17:45,741 consumer #3 [INFO] Processing ZIP to 6-band for 'S2A_MSIL2A_20240917T184031_N0511_R070_T11SKA_20240918T005327' (Tile: T11SKA)
2025-10-16 02:17:45,741 consumer #3 [DEBUG] Processing late_season_2024/2024-09-17/S2A_MSIL2A_20240917T184031_N0511_R070_T11SKA_20240918T005327.SAFE.zip into late_season_2024/2024-09-17/S2A_MSIL2A_20240917T184031_N0511_R070_T11SKA_20240918T005327.tif
2025-10-16 02:17:45,761 consumer #3 [DEBUG] Extracting S2A_MSIL2A_20240917T184031_N0511_R070_T11SKA_20240918T005327 to temporary directory: late_season_2024/2024-09-17/extract_S2A_MSIL2A_20240917T184031_N0511_R070_T11SKA_20240918T005327_ek6etlto
2025-10-16 02:17:45,762 consumer #3 [ERROR] Error processing S2A_MSIL2A_20240917T184031_N0511_R070_T11SKA_20240918T005327: File is not a zip file
2025-10-16 02:17:45,762 consumer #3 [INFO] Processing feature: S2B_MSIL2A_20240922T184009_N0511_R070_T10SGF_20240922T225505 (Tile code: T10SGF)
2025-10-16 02:17:45,762 consumer #3 [INFO] Downloading 'S2B_MSIL2A_20240922T184009_N0511_R070_T10SGF_20240922T225505' (Tile: T10SGF)
2025-10-16 02:17:46,498 MainThread [INFO] Checking thread statuses...
2025-10-16 02:18:26,593 consumer #2 [ERROR] Error processing S2A_MSIL2A_20240917T184031_N0511_R070_T10SGF_20240918T005327: [Errno 122] Disk quota exceeded
2025-10-16 02:18:26,595 consumer #2 [WARNING] Retrying S2A_MSIL2A_20240917T184031_N0511_R070_T10SGF_20240918T005327, remaining: 3
2025-10-16 02:18:26,595 consumer #2 [INFO] Processing feature: S2A_MSIL2A_20240917T184031_N0511_R070_T10SGF_20240918T005327 (Tile code: T10SGF)
2025-10-16 02:18:26,595 consumer #2 [INFO] Downloading 'S2A_MSIL2A_20240917T184031_N0511_R070_T10SGF_20240918T005327' (Tile: T10SGF)
2025-10-16 02:18:26,595 consumer #2 [INFO] Processing ZIP to 6-band for 'S2A_MSIL2A_20240917T184031_N0511_R070_T10SGF_20240918T005327' (Tile: T10SGF)
2025-10-16 02:18:26,595 consumer #2 [DEBUG] Processing late_season_2024/2024-09-17/S2A_MSIL2A_20240917T184031_N0511_R070_T10SGF_20240918T005327.SAFE.zip into late_season_2024/2024-09-17/S2A_MSIL2A_20240917T184031_N0511_R070_T10SGF_20240918T005327.tif
2025-10-16 02:18:26,614 consumer #2 [DEBUG] Extracting S2A_MSIL2A_20240917T184031_N0511_R070_T10SGF_20240918T005327 to temporary directory: late_season_2024/2024-09-17/extract_S2A_MSIL2A_20240917T184031_N0511_R070_T10SGF_20240918T005327_5arqv37o
2025-10-16 02:18:26,615 consumer #2 [ERROR] Error processing S2A_MSIL2A_20240917T184031_N0511_R070_T10SGF_20240918T005327: File is not a zip file
2025-10-16 02:18:26,615 consumer #2 [WARNING] Retrying S2A_MSIL2A_20240917T184031_N0511_R070_T10SGF_20240918T005327, remaining: 2
2025-10-16 02:18:26,615 consumer #2 [INFO] Processing feature: S2A_MSIL2A_20240917T184031_N0511_R070_T10SGF_20240918T005327 (Tile code: T10SGF)
2025-10-16 02:18:26,615 consumer #2 [INFO] Downloading 'S2A_MSIL2A_20240917T184031_N0511_R070_T10SGF_20240918T005327' (Tile: T10SGF)
2025-10-16 02:18:26,615 consumer #2 [INFO] Processing ZIP to 6-band for 'S2A_MSIL2A_20240917T184031_N0511_R070_T10SGF_20240918T005327' (Tile: T10SGF)
2025-10-16 02:18:26,615 consumer #2 [DEBUG] Processing late_season_2024/2024-09-17/S2A_MSIL2A_20240917T184031_N0511_R070_T10SGF_20240918T005327.SAFE.zip into late_season_2024/2024-09-17/S2A_MSIL2A_20240917T184031_N0511_R070_T10SGF_20240918T005327.tif
2025-10-16 02:18:26,654 consumer #2 [DEBUG] Extracting S2A_MSIL2A_20240917T184031_N0511_R070_T10SGF_20240918T005327 to temporary directory: late_season_2024/2024-09-17/extract_S2A_MSIL2A_20240917T184031_N0511_R070_T10SGF_20240918T005327_a6lgoo8f
2025-10-16 02:18:26,654 consumer #2 [ERROR] Error processing S2A_MSIL2A_20240917T184031_N0511_R070_T10SGF_20240918T005327: File is not a zip file
2025-10-16 02:18:26,654 consumer #2 [WARNING] Retrying S2A_MSIL2A_20240917T184031_N0511_R070_T10SGF_20240918T005327, remaining: 1
2025-10-16 02:18:26,655 consumer #2 [INFO] Processing feature: S2A_MSIL2A_20240917T184031_N0511_R070_T10SGF_20240918T005327 (Tile code: T10SGF)
2025-10-16 02:18:26,655 consumer #2 [INFO] Downloading 'S2A_MSIL2A_20240917T184031_N0511_R070_T10SGF_20240918T005327' (Tile: T10SGF)
2025-10-16 02:18:26,655 consumer #2 [INFO] Processing ZIP to 6-band for 'S2A_MSIL2A_20240917T184031_N0511_R070_T10SGF_20240918T005327' (Tile: T10SGF)
2025-10-16 02:18:26,655 consumer #2 [DEBUG] Processing late_season_2024/2024-09-17/S2A_MSIL2A_20240917T184031_N0511_R070_T10SGF_20240918T005327.SAFE.zip into late_season_2024/2024-09-17/S2A_MSIL2A_20240917T184031_N0511_R070_T10SGF_20240918T005327.tif
2025-10-16 02:18:26,692 consumer #2 [DEBUG] Extracting S2A_MSIL2A_20240917T184031_N0511_R070_T10SGF_20240918T005327 to temporary directory: late_season_2024/2024-09-17/extract_S2A_MSIL2A_20240917T184031_N0511_R070_T10SGF_20240918T005327_be4odfpp
2025-10-16 02:18:26,692 consumer #2 [ERROR] Error processing S2A_MSIL2A_20240917T184031_N0511_R070_T10SGF_20240918T005327: File is not a zip file
2025-10-16 02:18:26,693 consumer #2 [INFO] Processing feature: S2A_MSIL2A_20240927T184141_N0511_R070_T11SKA_20240928T001951 (Tile code: T11SKA)
2025-10-16 02:18:26,693 consumer #2 [INFO] Downloading 'S2A_MSIL2A_20240927T184141_N0511_R070_T11SKA_20240928T001951' (Tile: T11SKA)
2025-10-16 02:18:26,746 consumer #3 [ERROR] Error processing S2B_MSIL2A_20240525T183919_N0510_R070_T10SGF_20240525T220718: [Errno 122] Disk quota exceeded
2025-10-16 02:18:26,748 consumer #3 [WARNING] Retrying S2B_MSIL2A_20240525T183919_N0510_R070_T10SGF_20240525T220718, remaining: 3
2025-10-16 02:18:26,748 consumer #3 [INFO] Processing feature: S2B_MSIL2A_20240525T183919_N0510_R070_T10SGF_20240525T220718 (Tile code: T10SGF)
2025-10-16 02:18:26,748 consumer #3 [INFO] Downloading 'S2B_MSIL2A_20240525T183919_N0510_R070_T10SGF_20240525T220718' (Tile: T10SGF)
2025-10-16 02:18:26,749 consumer #3 [INFO] Processing ZIP to 6-band for 'S2B_MSIL2A_20240525T183919_N0510_R070_T10SGF_20240525T220718' (Tile: T10SGF)
2025-10-16 02:18:26,749 consumer #3 [DEBUG] Processing early_season_2024/2024-05-25/S2B_MSIL2A_20240525T183919_N0510_R070_T10SGF_20240525T220718.SAFE.zip into early_season_2024/2024-05-25/S2B_MSIL2A_20240525T183919_N0510_R070_T10SGF_20240525T220718.tif
2025-10-16 02:18:26,750 consumer #3 [DEBUG] Extracting S2B_MSIL2A_20240525T183919_N0510_R070_T10SGF_20240525T220718 to temporary directory: early_season_2024/2024-05-25/extract_S2B_MSIL2A_20240525T183919_N0510_R070_T10SGF_20240525T220718_xv6iehl4
2025-10-16 02:18:26,750 consumer #3 [ERROR] Error processing S2B_MSIL2A_20240525T183919_N0510_R070_T10SGF_20240525T220718: File is not a zip file
2025-10-16 02:18:26,750 consumer #3 [WARNING] Retrying S2B_MSIL2A_20240525T183919_N0510_R070_T10SGF_20240525T220718, remaining: 2
2025-10-16 02:18:26,751 consumer #3 [INFO] Processing feature: S2B_MSIL2A_20240525T183919_N0510_R070_T10SGF_20240525T220718 (Tile code: T10SGF)
2025-10-16 02:18:26,751 consumer #3 [INFO] Downloading 'S2B_MSIL2A_20240525T183919_N0510_R070_T10SGF_20240525T220718' (Tile: T10SGF)
2025-10-16 02:18:26,751 consumer #3 [INFO] Processing ZIP to 6-band for 'S2B_MSIL2A_20240525T183919_N0510_R070_T10SGF_20240525T220718' (Tile: T10SGF)
2025-10-16 02:18:26,751 consumer #3 [DEBUG] Processing early_season_2024/2024-05-25/S2B_MSIL2A_20240525T183919_N0510_R070_T10SGF_20240525T220718.SAFE.zip into early_season_2024/2024-05-25/S2B_MSIL2A_20240525T183919_N0510_R070_T10SGF_20240525T220718.tif
2025-10-16 02:18:26,765 consumer #3 [DEBUG] Extracting S2B_MSIL2A_20240525T183919_N0510_R070_T10SGF_20240525T220718 to temporary directory: early_season_2024/2024-05-25/extract_S2B_MSIL2A_20240525T183919_N0510_R070_T10SGF_20240525T220718_nocb2j1h
2025-10-16 02:18:26,765 consumer #3 [ERROR] Error processing S2B_MSIL2A_20240525T183919_N0510_R070_T10SGF_20240525T220718: File is not a zip file
2025-10-16 02:18:26,766 consumer #3 [WARNING] Retrying S2B_MSIL2A_20240525T183919_N0510_R070_T10SGF_20240525T220718, remaining: 1
2025-10-16 02:18:26,766 consumer #3 [INFO] Processing feature: S2B_MSIL2A_20240525T183919_N0510_R070_T10SGF_20240525T220718 (Tile code: T10SGF)
2025-10-16 02:18:26,766 consumer #3 [INFO] Downloading 'S2B_MSIL2A_20240525T183919_N0510_R070_T10SGF_20240525T220718' (Tile: T10SGF)
2025-10-16 02:18:26,766 consumer #3 [INFO] Processing ZIP to 6-band for 'S2B_MSIL2A_20240525T183919_N0510_R070_T10SGF_20240525T220718' (Tile: T10SGF)
2025-10-16 02:18:26,766 consumer #3 [DEBUG] Processing early_season_2024/2024-05-25/S2B_MSIL2A_20240525T183919_N0510_R070_T10SGF_20240525T220718.SAFE.zip into early_season_2024/2024-05-25/S2B_MSIL2A_20240525T183919_N0510_R070_T10SGF_20240525T220718.tif
2025-10-16 02:18:26,766 consumer #3 [DEBUG] Extracting S2B_MSIL2A_20240525T183919_N0510_R070_T10SGF_20240525T220718 to temporary directory: early_season_2024/2024-05-25/extract_S2B_MSIL2A_20240525T183919_N0510_R070_T10SGF_20240525T220718_bag2ij9f
2025-10-16 02:18:26,767 consumer #3 [ERROR] Error processing S2B_MSIL2A_20240525T183919_N0510_R070_T10SGF_20240525T220718: File is not a zip file
2025-10-16 02:18:26,767 consumer #3 [DEBUG] Downloader is done
2025-10-16 02:18:26,767 MainThread [INFO] Checking thread statuses...
2025-10-16 02:18:27,803 consumer #1 [ERROR] Error processing S2A_MSIL2A_20240530T183921_N0510_R070_T10SGF_20240531T012300: [Errno 122] Disk quota exceeded
2025-10-16 02:18:27,805 consumer #1 [WARNING] Retrying S2A_MSIL2A_20240530T183921_N0510_R070_T10SGF_20240531T012300, remaining: 3
2025-10-16 02:18:27,805 consumer #1 [INFO] Processing feature: S2A_MSIL2A_20240530T183921_N0510_R070_T10SGF_20240531T012300 (Tile code: T10SGF)
2025-10-16 02:18:27,805 consumer #1 [INFO] Downloading 'S2A_MSIL2A_20240530T183921_N0510_R070_T10SGF_20240531T012300' (Tile: T10SGF)
2025-10-16 02:18:27,805 consumer #1 [INFO] Processing ZIP to 6-band for 'S2A_MSIL2A_20240530T183921_N0510_R070_T10SGF_20240531T012300' (Tile: T10SGF)
2025-10-16 02:18:27,805 consumer #1 [DEBUG] Processing early_season_2024/2024-05-30/S2A_MSIL2A_20240530T183921_N0510_R070_T10SGF_20240531T012300.SAFE.zip into early_season_2024/2024-05-30/S2A_MSIL2A_20240530T183921_N0510_R070_T10SGF_20240531T012300.tif
2025-10-16 02:18:27,819 consumer #1 [DEBUG] Extracting S2A_MSIL2A_20240530T183921_N0510_R070_T10SGF_20240531T012300 to temporary directory: early_season_2024/2024-05-30/extract_S2A_MSIL2A_20240530T183921_N0510_R070_T10SGF_20240531T012300_3bkcv6jd
2025-10-16 02:18:27,820 consumer #1 [ERROR] Error processing S2A_MSIL2A_20240530T183921_N0510_R070_T10SGF_20240531T012300: File is not a zip file
2025-10-16 02:18:27,820 consumer #1 [WARNING] Retrying S2A_MSIL2A_20240530T183921_N0510_R070_T10SGF_20240531T012300, remaining: 2
2025-10-16 02:18:27,820 consumer #1 [INFO] Processing feature: S2A_MSIL2A_20240530T183921_N0510_R070_T10SGF_20240531T012300 (Tile code: T10SGF)
2025-10-16 02:18:27,820 consumer #1 [INFO] Downloading 'S2A_MSIL2A_20240530T183921_N0510_R070_T10SGF_20240531T012300' (Tile: T10SGF)
2025-10-16 02:18:27,820 consumer #1 [INFO] Processing ZIP to 6-band for 'S2A_MSIL2A_20240530T183921_N0510_R070_T10SGF_20240531T012300' (Tile: T10SGF)
2025-10-16 02:18:27,821 consumer #1 [DEBUG] Processing early_season_2024/2024-05-30/S2A_MSIL2A_20240530T183921_N0510_R070_T10SGF_20240531T012300.SAFE.zip into early_season_2024/2024-05-30/S2A_MSIL2A_20240530T183921_N0510_R070_T10SGF_20240531T012300.tif
2025-10-16 02:18:27,821 consumer #1 [DEBUG] Extracting S2A_MSIL2A_20240530T183921_N0510_R070_T10SGF_20240531T012300 to temporary directory: early_season_2024/2024-05-30/extract_S2A_MSIL2A_20240530T183921_N0510_R070_T10SGF_20240531T012300_aylcthau
2025-10-16 02:18:27,821 consumer #1 [ERROR] Error processing S2A_MSIL2A_20240530T183921_N0510_R070_T10SGF_20240531T012300: File is not a zip file
2025-10-16 02:18:27,821 consumer #1 [WARNING] Retrying S2A_MSIL2A_20240530T183921_N0510_R070_T10SGF_20240531T012300, remaining: 1
2025-10-16 02:18:27,822 consumer #1 [INFO] Processing feature: S2A_MSIL2A_20240530T183921_N0510_R070_T10SGF_20240531T012300 (Tile code: T10SGF)
2025-10-16 02:18:27,822 consumer #1 [INFO] Downloading 'S2A_MSIL2A_20240530T183921_N0510_R070_T10SGF_20240531T012300' (Tile: T10SGF)
2025-10-16 02:18:27,822 consumer #1 [INFO] Processing ZIP to 6-band for 'S2A_MSIL2A_20240530T183921_N0510_R070_T10SGF_20240531T012300' (Tile: T10SGF)
2025-10-16 02:18:27,822 consumer #1 [DEBUG] Processing early_season_2024/2024-05-30/S2A_MSIL2A_20240530T183921_N0510_R070_T10SGF_20240531T012300.SAFE.zip into early_season_2024/2024-05-30/S2A_MSIL2A_20240530T183921_N0510_R070_T10SGF_20240531T012300.tif
2025-10-16 02:18:27,846 consumer #1 [DEBUG] Extracting S2A_MSIL2A_20240530T183921_N0510_R070_T10SGF_20240531T012300 to temporary directory: early_season_2024/2024-05-30/extract_S2A_MSIL2A_20240530T183921_N0510_R070_T10SGF_20240531T012300_leksstem
2025-10-16 02:18:27,846 consumer #1 [ERROR] Error processing S2A_MSIL2A_20240530T183921_N0510_R070_T10SGF_20240531T012300: File is not a zip file
2025-10-16 02:18:27,847 consumer #1 [DEBUG] Downloader is done
2025-10-16 02:18:27,862 MainThread [INFO] Summary: 0 processed, 0 skipped, 15 errors.
2025-10-16 02:19:38,450 consumer #0 [ERROR] Error processing S2B_MSIL2A_20240902T183919_N0511_R070_T11SKA_20240902T225006: [Errno 122] Disk quota exceeded
2025-10-16 02:19:38,452 consumer #0 [WARNING] Retrying S2B_MSIL2A_20240902T183919_N0511_R070_T11SKA_20240902T225006, remaining: 3
2025-10-16 02:19:38,452 consumer #0 [INFO] Processing feature: S2B_MSIL2A_20240902T183919_N0511_R070_T11SKA_20240902T225006 (Tile code: T11SKA)
2025-10-16 02:19:38,452 consumer #0 [INFO] Downloading 'S2B_MSIL2A_20240902T183919_N0511_R070_T11SKA_20240902T225006' (Tile: T11SKA)
2025-10-16 02:19:38,452 consumer #0 [INFO] Processing ZIP to 6-band for 'S2B_MSIL2A_20240902T183919_N0511_R070_T11SKA_20240902T225006' (Tile: T11SKA)
2025-10-16 02:19:38,452 consumer #0 [DEBUG] Processing late_season_2024/2024-09-02/S2B_MSIL2A_20240902T183919_N0511_R070_T11SKA_20240902T225006.SAFE.zip into late_season_2024/2024-09-02/S2B_MSIL2A_20240902T183919_N0511_R070_T11SKA_20240902T225006.tif
2025-10-16 02:19:38,466 consumer #0 [DEBUG] Extracting S2B_MSIL2A_20240902T183919_N0511_R070_T11SKA_20240902T225006 to temporary directory: late_season_2024/2024-09-02/extract_S2B_MSIL2A_20240902T183919_N0511_R070_T11SKA_20240902T225006_gmyfdylp
2025-10-16 02:19:38,467 consumer #0 [ERROR] Error processing S2B_MSIL2A_20240902T183919_N0511_R070_T11SKA_20240902T225006: File is not a zip file
2025-10-16 02:19:38,467 consumer #0 [WARNING] Retrying S2B_MSIL2A_20240902T183919_N0511_R070_T11SKA_20240902T225006, remaining: 2
2025-10-16 02:19:38,467 consumer #0 [INFO] Processing feature: S2B_MSIL2A_20240902T183919_N0511_R070_T11SKA_20240902T225006 (Tile code: T11SKA)
2025-10-16 02:19:38,467 consumer #0 [INFO] Downloading 'S2B_MSIL2A_20240902T183919_N0511_R070_T11SKA_20240902T225006' (Tile: T11SKA)
2025-10-16 02:19:38,467 consumer #0 [INFO] Processing ZIP to 6-band for 'S2B_MSIL2A_20240902T183919_N0511_R070_T11SKA_20240902T225006' (Tile: T11SKA)
2025-10-16 02:19:38,467 consumer #0 [DEBUG] Processing late_season_2024/2024-09-02/S2B_MSIL2A_20240902T183919_N0511_R070_T11SKA_20240902T225006.SAFE.zip into late_season_2024/2024-09-02/S2B_MSIL2A_20240902T183919_N0511_R070_T11SKA_20240902T225006.tif
2025-10-16 02:19:38,467 consumer #0 [DEBUG] Extracting S2B_MSIL2A_20240902T183919_N0511_R070_T11SKA_20240902T225006 to temporary directory: late_season_2024/2024-09-02/extract_S2B_MSIL2A_20240902T183919_N0511_R070_T11SKA_20240902T225006_male_unq
2025-10-16 02:19:38,468 consumer #0 [ERROR] Error processing S2B_MSIL2A_20240902T183919_N0511_R070_T11SKA_20240902T225006: File is not a zip file
2025-10-16 02:19:38,468 consumer #0 [WARNING] Retrying S2B_MSIL2A_20240902T183919_N0511_R070_T11SKA_20240902T225006, remaining: 1
2025-10-16 02:19:38,468 consumer #0 [INFO] Processing feature: S2B_MSIL2A_20240902T183919_N0511_R070_T11SKA_20240902T225006 (Tile code: T11SKA)
2025-10-16 02:19:38,468 consumer #0 [INFO] Downloading 'S2B_MSIL2A_20240902T183919_N0511_R070_T11SKA_20240902T225006' (Tile: T11SKA)
2025-10-16 02:19:38,468 consumer #0 [INFO] Processing ZIP to 6-band for 'S2B_MSIL2A_20240902T183919_N0511_R070_T11SKA_20240902T225006' (Tile: T11SKA)
2025-10-16 02:19:38,468 consumer #0 [DEBUG] Processing late_season_2024/2024-09-02/S2B_MSIL2A_20240902T183919_N0511_R070_T11SKA_20240902T225006.SAFE.zip into late_season_2024/2024-09-02/S2B_MSIL2A_20240902T183919_N0511_R070_T11SKA_20240902T225006.tif
2025-10-16 02:19:38,483 consumer #0 [DEBUG] Extracting S2B_MSIL2A_20240902T183919_N0511_R070_T11SKA_20240902T225006 to temporary directory: late_season_2024/2024-09-02/extract_S2B_MSIL2A_20240902T183919_N0511_R070_T11SKA_20240902T225006_bmd5a4hn
2025-10-16 02:19:38,484 consumer #0 [ERROR] Error processing S2B_MSIL2A_20240902T183919_N0511_R070_T11SKA_20240902T225006: File is not a zip file
2025-10-16 02:19:38,485 consumer #0 [INFO] Processing feature: S2A_MSIL2A_20240927T184141_N0511_R070_T10SGF_20240928T001951 (Tile code: T10SGF)
2025-10-16 02:19:38,485 consumer #0 [INFO] Downloading 'S2A_MSIL2A_20240927T184141_N0511_R070_T10SGF_20240928T001951' (Tile: T10SGF)
2025-10-16 02:19:46,499 MainThread [INFO] Checking thread statuses...
2025-10-16 02:21:46,500 MainThread [INFO] Checking thread statuses...
2025-10-16 02:23:18,168 consumer #0 [ERROR] Error processing S2A_MSIL2A_20240619T183921_N0510_R070_T11SKA_20240620T005757: join() argument must be str, bytes, or os.PathLike object, not 'NoneType'
2025-10-16 02:23:18,169 consumer #0 [WARNING] Retrying S2A_MSIL2A_20240619T183921_N0510_R070_T11SKA_20240620T005757, remaining: 3
2025-10-16 02:23:18,169 consumer #0 [INFO] Processing feature: S2A_MSIL2A_20240619T183921_N0510_R070_T11SKA_20240620T005757 (Tile code: T11SKA)
2025-10-16 02:23:18,169 consumer #0 [INFO] Downloading 'S2A_MSIL2A_20240619T183921_N0510_R070_T11SKA_20240620T005757' (Tile: T11SKA)
2025-10-16 02:23:31,067 consumer #1 [ERROR] Error processing S2B_MSIL2A_20240922T184009_N0511_R070_T11SKA_20240922T225505: [Errno 122] Disk quota exceeded
2025-10-16 02:23:31,069 consumer #1 [WARNING] Retrying S2B_MSIL2A_20240922T184009_N0511_R070_T11SKA_20240922T225505, remaining: 3
2025-10-16 02:23:31,070 consumer #1 [INFO] Processing feature: S2B_MSIL2A_20240922T184009_N0511_R070_T11SKA_20240922T225505 (Tile code: T11SKA)
2025-10-16 02:23:31,070 consumer #1 [INFO] Downloading 'S2B_MSIL2A_20240922T184009_N0511_R070_T11SKA_20240922T225505' (Tile: T11SKA)
2025-10-16 02:23:31,070 consumer #1 [INFO] Processing ZIP to 6-band for 'S2B_MSIL2A_20240922T184009_N0511_R070_T11SKA_20240922T225505' (Tile: T11SKA)
2025-10-16 02:23:31,070 consumer #1 [DEBUG] Processing late_season_2024/2024-09-22/S2B_MSIL2A_20240922T184009_N0511_R070_T11SKA_20240922T225505.SAFE.zip into late_season_2024/2024-09-22/S2B_MSIL2A_20240922T184009_N0511_R070_T11SKA_20240922T225505.tif
2025-10-16 02:23:31,078 consumer #1 [DEBUG] Extracting S2B_MSIL2A_20240922T184009_N0511_R070_T11SKA_20240922T225505 to temporary directory: late_season_2024/2024-09-22/extract_S2B_MSIL2A_20240922T184009_N0511_R070_T11SKA_20240922T225505_lnlmsy73
2025-10-16 02:23:31,079 consumer #1 [ERROR] Error processing S2B_MSIL2A_20240922T184009_N0511_R070_T11SKA_20240922T225505: File is not a zip file
2025-10-16 02:23:31,079 consumer #1 [WARNING] Retrying S2B_MSIL2A_20240922T184009_N0511_R070_T11SKA_20240922T225505, remaining: 2
2025-10-16 02:23:31,079 consumer #1 [INFO] Processing feature: S2B_MSIL2A_20240922T184009_N0511_R070_T11SKA_20240922T225505 (Tile code: T11SKA)
2025-10-16 02:23:31,079 consumer #1 [INFO] Downloading 'S2B_MSIL2A_20240922T184009_N0511_R070_T11SKA_20240922T225505' (Tile: T11SKA)
2025-10-16 02:23:31,079 consumer #1 [INFO] Processing ZIP to 6-band for 'S2B_MSIL2A_20240922T184009_N0511_R070_T11SKA_20240922T225505' (Tile: T11SKA)
2025-10-16 02:23:31,079 consumer #1 [DEBUG] Processing late_season_2024/2024-09-22/S2B_MSIL2A_20240922T184009_N0511_R070_T11SKA_20240922T225505.SAFE.zip into late_season_2024/2024-09-22/S2B_MSIL2A_20240922T184009_N0511_R070_T11SKA_20240922T225505.tif
2025-10-16 02:23:31,080 consumer #1 [DEBUG] Extracting S2B_MSIL2A_20240922T184009_N0511_R070_T11SKA_20240922T225505 to temporary directory: late_season_2024/2024-09-22/extract_S2B_MSIL2A_20240922T184009_N0511_R070_T11SKA_20240922T225505_3w32g26_
2025-10-16 02:23:31,080 consumer #1 [ERROR] Error processing S2B_MSIL2A_20240922T184009_N0511_R070_T11SKA_20240922T225505: File is not a zip file
2025-10-16 02:23:31,080 consumer #1 [WARNING] Retrying S2B_MSIL2A_20240922T184009_N0511_R070_T11SKA_20240922T225505, remaining: 1
2025-10-16 02:23:31,080 consumer #1 [INFO] Processing feature: S2B_MSIL2A_20240922T184009_N0511_R070_T11SKA_20240922T225505 (Tile code: T11SKA)
2025-10-16 02:23:31,080 consumer #1 [INFO] Downloading 'S2B_MSIL2A_20240922T184009_N0511_R070_T11SKA_20240922T225505' (Tile: T11SKA)
2025-10-16 02:23:31,080 consumer #1 [INFO] Processing ZIP to 6-band for 'S2B_MSIL2A_20240922T184009_N0511_R070_T11SKA_20240922T225505' (Tile: T11SKA)
2025-10-16 02:23:31,080 consumer #1 [DEBUG] Processing late_season_2024/2024-09-22/S2B_MSIL2A_20240922T184009_N0511_R070_T11SKA_20240922T225505.SAFE.zip into late_season_2024/2024-09-22/S2B_MSIL2A_20240922T184009_N0511_R070_T11SKA_20240922T225505.tif
2025-10-16 02:23:31,089 consumer #1 [DEBUG] Extracting S2B_MSIL2A_20240922T184009_N0511_R070_T11SKA_20240922T225505 to temporary directory: late_season_2024/2024-09-22/extract_S2B_MSIL2A_20240922T184009_N0511_R070_T11SKA_20240922T225505_kz3cg40i
2025-10-16 02:23:31,090 consumer #1 [ERROR] Error processing S2B_MSIL2A_20240922T184009_N0511_R070_T11SKA_20240922T225505: File is not a zip file
2025-10-16 02:23:31,090 consumer #1 [INFO] Processing feature: S2A_MSIL2A_20240927T184141_N0511_R070_T11SKA_20240928T001552 (Tile code: T11SKA)
2025-10-16 02:23:31,091 consumer #1 [INFO] Downloading 'S2A_MSIL2A_20240927T184141_N0511_R070_T11SKA_20240928T001552' (Tile: T11SKA)
2025-10-16 02:23:36,487 consumer #2 [ERROR] Error processing S2A_MSIL2A_20240927T184141_N0511_R070_T11SKA_20240928T001951: [Errno 122] Disk quota exceeded
2025-10-16 02:23:36,489 consumer #2 [WARNING] Retrying S2A_MSIL2A_20240927T184141_N0511_R070_T11SKA_20240928T001951, remaining: 3
2025-10-16 02:23:36,489 consumer #2 [INFO] Processing feature: S2A_MSIL2A_20240927T184141_N0511_R070_T11SKA_20240928T001951 (Tile code: T11SKA)
2025-10-16 02:23:36,490 consumer #2 [INFO] Downloading 'S2A_MSIL2A_20240927T184141_N0511_R070_T11SKA_20240928T001951' (Tile: T11SKA)
2025-10-16 02:23:36,490 consumer #2 [INFO] Processing ZIP to 6-band for 'S2A_MSIL2A_20240927T184141_N0511_R070_T11SKA_20240928T001951' (Tile: T11SKA)
2025-10-16 02:23:36,490 consumer #2 [DEBUG] Processing late_season_2024/2024-09-27/S2A_MSIL2A_20240927T184141_N0511_R070_T11SKA_20240928T001951.SAFE.zip into late_season_2024/2024-09-27/S2A_MSIL2A_20240927T184141_N0511_R070_T11SKA_20240928T001951.tif
2025-10-16 02:23:36,505 consumer #2 [DEBUG] Extracting S2A_MSIL2A_20240927T184141_N0511_R070_T11SKA_20240928T001951 to temporary directory: late_season_2024/2024-09-27/extract_S2A_MSIL2A_20240927T184141_N0511_R070_T11SKA_20240928T001951_g859a9h5
2025-10-16 02:23:36,506 consumer #2 [ERROR] Error processing S2A_MSIL2A_20240927T184141_N0511_R070_T11SKA_20240928T001951: File is not a zip file
2025-10-16 02:23:36,506 consumer #2 [WARNING] Retrying S2A_MSIL2A_20240927T184141_N0511_R070_T11SKA_20240928T001951, remaining: 2
2025-10-16 02:23:36,506 consumer #2 [INFO] Processing feature: S2A_MSIL2A_20240927T184141_N0511_R070_T11SKA_20240928T001951 (Tile code: T11SKA)
2025-10-16 02:23:36,506 consumer #2 [INFO] Downloading 'S2A_MSIL2A_20240927T184141_N0511_R070_T11SKA_20240928T001951' (Tile: T11SKA)
2025-10-16 02:23:36,506 consumer #2 [INFO] Processing ZIP to 6-band for 'S2A_MSIL2A_20240927T184141_N0511_R070_T11SKA_20240928T001951' (Tile: T11SKA)
2025-10-16 02:23:36,506 consumer #2 [DEBUG] Processing late_season_2024/2024-09-27/S2A_MSIL2A_20240927T184141_N0511_R070_T11SKA_20240928T001951.SAFE.zip into late_season_2024/2024-09-27/S2A_MSIL2A_20240927T184141_N0511_R070_T11SKA_20240928T001951.tif
2025-10-16 02:23:36,507 consumer #2 [DEBUG] Extracting S2A_MSIL2A_20240927T184141_N0511_R070_T11SKA_20240928T001951 to temporary directory: late_season_2024/2024-09-27/extract_S2A_MSIL2A_20240927T184141_N0511_R070_T11SKA_20240928T001951_z4bciow4
2025-10-16 02:23:36,507 consumer #2 [ERROR] Error processing S2A_MSIL2A_20240927T184141_N0511_R070_T11SKA_20240928T001951: File is not a zip file
2025-10-16 02:23:36,507 consumer #2 [WARNING] Retrying S2A_MSIL2A_20240927T184141_N0511_R070_T11SKA_20240928T001951, remaining: 1
2025-10-16 02:23:36,507 consumer #2 [INFO] Processing feature: S2A_MSIL2A_20240927T184141_N0511_R070_T11SKA_20240928T001951 (Tile code: T11SKA)
2025-10-16 02:23:36,507 consumer #2 [INFO] Downloading 'S2A_MSIL2A_20240927T184141_N0511_R070_T11SKA_20240928T001951' (Tile: T11SKA)
2025-10-16 02:23:36,507 consumer #2 [INFO] Processing ZIP to 6-band for 'S2A_MSIL2A_20240927T184141_N0511_R070_T11SKA_20240928T001951' (Tile: T11SKA)
2025-10-16 02:23:36,507 consumer #2 [DEBUG] Processing late_season_2024/2024-09-27/S2A_MSIL2A_20240927T184141_N0511_R070_T11SKA_20240928T001951.SAFE.zip into late_season_2024/2024-09-27/S2A_MSIL2A_20240927T184141_N0511_R070_T11SKA_20240928T001951.tif
2025-10-16 02:23:36,527 consumer #2 [DEBUG] Extracting S2A_MSIL2A_20240927T184141_N0511_R070_T11SKA_20240928T001951 to temporary directory: late_season_2024/2024-09-27/extract_S2A_MSIL2A_20240927T184141_N0511_R070_T11SKA_20240928T001951_y9_qu99z
2025-10-16 02:23:36,527 consumer #2 [ERROR] Error processing S2A_MSIL2A_20240927T184141_N0511_R070_T11SKA_20240928T001951: File is not a zip file
2025-10-16 02:23:36,528 consumer #2 [INFO] Processing feature: S2A_MSIL2A_20240927T184141_N0511_R070_T10SGF_20240928T001552 (Tile code: T10SGF)
2025-10-16 02:23:36,528 consumer #2 [INFO] Downloading 'S2A_MSIL2A_20240927T184141_N0511_R070_T10SGF_20240928T001552' (Tile: T10SGF)
2025-10-16 02:23:46,500 MainThread [INFO] Checking thread statuses...
2025-10-16 02:24:02,620 consumer #0 [ERROR] Error processing S2A_MSIL2A_20240927T184141_N0511_R070_T10SGF_20240928T001951: [Errno 122] Disk quota exceeded
2025-10-16 02:24:02,622 consumer #0 [WARNING] Retrying S2A_MSIL2A_20240927T184141_N0511_R070_T10SGF_20240928T001951, remaining: 3
2025-10-16 02:24:02,622 consumer #0 [INFO] Processing feature: S2A_MSIL2A_20240927T184141_N0511_R070_T10SGF_20240928T001951 (Tile code: T10SGF)
2025-10-16 02:24:02,623 consumer #0 [INFO] Downloading 'S2A_MSIL2A_20240927T184141_N0511_R070_T10SGF_20240928T001951' (Tile: T10SGF)
2025-10-16 02:24:02,623 consumer #0 [INFO] Processing ZIP to 6-band for 'S2A_MSIL2A_20240927T184141_N0511_R070_T10SGF_20240928T001951' (Tile: T10SGF)
2025-10-16 02:24:02,623 consumer #0 [DEBUG] Processing late_season_2024/2024-09-27/S2A_MSIL2A_20240927T184141_N0511_R070_T10SGF_20240928T001951.SAFE.zip into late_season_2024/2024-09-27/S2A_MSIL2A_20240927T184141_N0511_R070_T10SGF_20240928T001951.tif
2025-10-16 02:24:02,649 consumer #0 [DEBUG] Extracting S2A_MSIL2A_20240927T184141_N0511_R070_T10SGF_20240928T001951 to temporary directory: late_season_2024/2024-09-27/extract_S2A_MSIL2A_20240927T184141_N0511_R070_T10SGF_20240928T001951_a18bjhba
2025-10-16 02:24:02,650 consumer #0 [ERROR] Error processing S2A_MSIL2A_20240927T184141_N0511_R070_T10SGF_20240928T001951: File is not a zip file
2025-10-16 02:24:02,650 consumer #0 [WARNING] Retrying S2A_MSIL2A_20240927T184141_N0511_R070_T10SGF_20240928T001951, remaining: 2
2025-10-16 02:24:02,650 consumer #0 [INFO] Processing feature: S2A_MSIL2A_20240927T184141_N0511_R070_T10SGF_20240928T001951 (Tile code: T10SGF)
2025-10-16 02:24:02,650 consumer #0 [INFO] Downloading 'S2A_MSIL2A_20240927T184141_N0511_R070_T10SGF_20240928T001951' (Tile: T10SGF)
2025-10-16 02:24:02,650 consumer #0 [INFO] Processing ZIP to 6-band for 'S2A_MSIL2A_20240927T184141_N0511_R070_T10SGF_20240928T001951' (Tile: T10SGF)
2025-10-16 02:24:02,650 consumer #0 [DEBUG] Processing late_season_2024/2024-09-27/S2A_MSIL2A_20240927T184141_N0511_R070_T10SGF_20240928T001951.SAFE.zip into late_season_2024/2024-09-27/S2A_MSIL2A_20240927T184141_N0511_R070_T10SGF_20240928T001951.tif
2025-10-16 02:24:02,651 consumer #0 [DEBUG] Extracting S2A_MSIL2A_20240927T184141_N0511_R070_T10SGF_20240928T001951 to temporary directory: late_season_2024/2024-09-27/extract_S2A_MSIL2A_20240927T184141_N0511_R070_T10SGF_20240928T001951_tjae65nd
2025-10-16 02:24:02,651 consumer #0 [ERROR] Error processing S2A_MSIL2A_20240927T184141_N0511_R070_T10SGF_20240928T001951: File is not a zip file
2025-10-16 02:24:02,651 consumer #0 [WARNING] Retrying S2A_MSIL2A_20240927T184141_N0511_R070_T10SGF_20240928T001951, remaining: 1
2025-10-16 02:24:02,651 consumer #0 [INFO] Processing feature: S2A_MSIL2A_20240927T184141_N0511_R070_T10SGF_20240928T001951 (Tile code: T10SGF)
2025-10-16 02:24:02,652 consumer #0 [INFO] Downloading 'S2A_MSIL2A_20240927T184141_N0511_R070_T10SGF_20240928T001951' (Tile: T10SGF)
2025-10-16 02:24:02,652 consumer #0 [INFO] Processing ZIP to 6-band for 'S2A_MSIL2A_20240927T184141_N0511_R070_T10SGF_20240928T001951' (Tile: T10SGF)
2025-10-16 02:24:02,652 consumer #0 [DEBUG] Processing late_season_2024/2024-09-27/S2A_MSIL2A_20240927T184141_N0511_R070_T10SGF_20240928T001951.SAFE.zip into late_season_2024/2024-09-27/S2A_MSIL2A_20240927T184141_N0511_R070_T10SGF_20240928T001951.tif
2025-10-16 02:24:02,669 consumer #0 [DEBUG] Extracting S2A_MSIL2A_20240927T184141_N0511_R070_T10SGF_20240928T001951 to temporary directory: late_season_2024/2024-09-27/extract_S2A_MSIL2A_20240927T184141_N0511_R070_T10SGF_20240928T001951_dh7ndm0i
2025-10-16 02:24:02,669 consumer #0 [ERROR] Error processing S2A_MSIL2A_20240927T184141_N0511_R070_T10SGF_20240928T001951: File is not a zip file
2025-10-16 02:24:02,670 consumer #0 [DEBUG] Downloader is done
2025-10-16 02:24:08,308 consumer #3 [ERROR] Error processing S2B_MSIL2A_20240922T184009_N0511_R070_T10SGF_20240922T225505: [Errno 122] Disk quota exceeded
2025-10-16 02:24:08,310 consumer #3 [WARNING] Retrying S2B_MSIL2A_20240922T184009_N0511_R070_T10SGF_20240922T225505, remaining: 3
2025-10-16 02:24:08,310 consumer #3 [INFO] Processing feature: S2B_MSIL2A_20240922T184009_N0511_R070_T10SGF_20240922T225505 (Tile code: T10SGF)
2025-10-16 02:24:08,310 consumer #3 [INFO] Downloading 'S2B_MSIL2A_20240922T184009_N0511_R070_T10SGF_20240922T225505' (Tile: T10SGF)
2025-10-16 02:24:08,310 consumer #3 [INFO] Processing ZIP to 6-band for 'S2B_MSIL2A_20240922T184009_N0511_R070_T10SGF_20240922T225505' (Tile: T10SGF)
2025-10-16 02:24:08,310 consumer #3 [DEBUG] Processing late_season_2024/2024-09-22/S2B_MSIL2A_20240922T184009_N0511_R070_T10SGF_20240922T225505.SAFE.zip into late_season_2024/2024-09-22/S2B_MSIL2A_20240922T184009_N0511_R070_T10SGF_20240922T225505.tif
2025-10-16 02:24:08,320 consumer #3 [DEBUG] Extracting S2B_MSIL2A_20240922T184009_N0511_R070_T10SGF_20240922T225505 to temporary directory: late_season_2024/2024-09-22/extract_S2B_MSIL2A_20240922T184009_N0511_R070_T10SGF_20240922T225505_7yl3a2fo
2025-10-16 02:24:08,320 consumer #3 [ERROR] Error processing S2B_MSIL2A_20240922T184009_N0511_R070_T10SGF_20240922T225505: File is not a zip file
2025-10-16 02:24:08,321 consumer #3 [WARNING] Retrying S2B_MSIL2A_20240922T184009_N0511_R070_T10SGF_20240922T225505, remaining: 2
2025-10-16 02:24:08,321 consumer #3 [INFO] Processing feature: S2B_MSIL2A_20240922T184009_N0511_R070_T10SGF_20240922T225505 (Tile code: T10SGF)
2025-10-16 02:24:08,321 consumer #3 [INFO] Downloading 'S2B_MSIL2A_20240922T184009_N0511_R070_T10SGF_20240922T225505' (Tile: T10SGF)
2025-10-16 02:24:08,321 consumer #3 [INFO] Processing ZIP to 6-band for 'S2B_MSIL2A_20240922T184009_N0511_R070_T10SGF_20240922T225505' (Tile: T10SGF)
2025-10-16 02:24:08,321 consumer #3 [DEBUG] Processing late_season_2024/2024-09-22/S2B_MSIL2A_20240922T184009_N0511_R070_T10SGF_20240922T225505.SAFE.zip into late_season_2024/2024-09-22/S2B_MSIL2A_20240922T184009_N0511_R070_T10SGF_20240922T225505.tif
2025-10-16 02:24:08,321 consumer #3 [DEBUG] Extracting S2B_MSIL2A_20240922T184009_N0511_R070_T10SGF_20240922T225505 to temporary directory: late_season_2024/2024-09-22/extract_S2B_MSIL2A_20240922T184009_N0511_R070_T10SGF_20240922T225505_pe5uizyz
2025-10-16 02:24:08,322 consumer #3 [ERROR] Error processing S2B_MSIL2A_20240922T184009_N0511_R070_T10SGF_20240922T225505: File is not a zip file
2025-10-16 02:24:08,322 consumer #3 [WARNING] Retrying S2B_MSIL2A_20240922T184009_N0511_R070_T10SGF_20240922T225505, remaining: 1
2025-10-16 02:24:08,322 consumer #3 [INFO] Processing feature: S2B_MSIL2A_20240922T184009_N0511_R070_T10SGF_20240922T225505 (Tile code: T10SGF)
2025-10-16 02:24:08,322 consumer #3 [INFO] Downloading 'S2B_MSIL2A_20240922T184009_N0511_R070_T10SGF_20240922T225505' (Tile: T10SGF)
2025-10-16 02:24:08,322 consumer #3 [INFO] Processing ZIP to 6-band for 'S2B_MSIL2A_20240922T184009_N0511_R070_T10SGF_20240922T225505' (Tile: T10SGF)
2025-10-16 02:24:08,322 consumer #3 [DEBUG] Processing late_season_2024/2024-09-22/S2B_MSIL2A_20240922T184009_N0511_R070_T10SGF_20240922T225505.SAFE.zip into late_season_2024/2024-09-22/S2B_MSIL2A_20240922T184009_N0511_R070_T10SGF_20240922T225505.tif
2025-10-16 02:24:08,341 consumer #3 [DEBUG] Extracting S2B_MSIL2A_20240922T184009_N0511_R070_T10SGF_20240922T225505 to temporary directory: late_season_2024/2024-09-22/extract_S2B_MSIL2A_20240922T184009_N0511_R070_T10SGF_20240922T225505_36oc0o9a
2025-10-16 02:24:08,341 consumer #3 [ERROR] Error processing S2B_MSIL2A_20240922T184009_N0511_R070_T10SGF_20240922T225505: File is not a zip file
2025-10-16 02:24:08,341 consumer #3 [DEBUG] Downloader is done
2025-10-16 02:24:08,342 MainThread [INFO] Checking thread statuses...
2025-10-16 02:25:46,501 MainThread [INFO] Checking thread statuses...
2025-10-16 02:26:13,970 consumer #1 [ERROR] Error processing S2A_MSIL2A_20240927T184141_N0511_R070_T11SKA_20240928T001552: [Errno 122] Disk quota exceeded
2025-10-16 02:26:13,972 consumer #1 [WARNING] Retrying S2A_MSIL2A_20240927T184141_N0511_R070_T11SKA_20240928T001552, remaining: 3
2025-10-16 02:26:13,972 consumer #1 [INFO] Processing feature: S2A_MSIL2A_20240927T184141_N0511_R070_T11SKA_20240928T001552 (Tile code: T11SKA)
2025-10-16 02:26:13,973 consumer #1 [INFO] Downloading 'S2A_MSIL2A_20240927T184141_N0511_R070_T11SKA_20240928T001552' (Tile: T11SKA)
2025-10-16 02:26:13,973 consumer #1 [INFO] Processing ZIP to 6-band for 'S2A_MSIL2A_20240927T184141_N0511_R070_T11SKA_20240928T001552' (Tile: T11SKA)
2025-10-16 02:26:13,973 consumer #1 [DEBUG] Processing late_season_2024/2024-09-27/S2A_MSIL2A_20240927T184141_N0511_R070_T11SKA_20240928T001552.SAFE.zip into late_season_2024/2024-09-27/S2A_MSIL2A_20240927T184141_N0511_R070_T11SKA_20240928T001552.tif
2025-10-16 02:26:13,988 consumer #1 [DEBUG] Extracting S2A_MSIL2A_20240927T184141_N0511_R070_T11SKA_20240928T001552 to temporary directory: late_season_2024/2024-09-27/extract_S2A_MSIL2A_20240927T184141_N0511_R070_T11SKA_20240928T001552_4qd9ifkn
2025-10-16 02:26:13,988 consumer #1 [ERROR] Error processing S2A_MSIL2A_20240927T184141_N0511_R070_T11SKA_20240928T001552: File is not a zip file
2025-10-16 02:26:13,989 consumer #1 [WARNING] Retrying S2A_MSIL2A_20240927T184141_N0511_R070_T11SKA_20240928T001552, remaining: 2
2025-10-16 02:26:13,989 consumer #1 [INFO] Processing feature: S2A_MSIL2A_20240927T184141_N0511_R070_T11SKA_20240928T001552 (Tile code: T11SKA)
2025-10-16 02:26:13,989 consumer #1 [INFO] Downloading 'S2A_MSIL2A_20240927T184141_N0511_R070_T11SKA_20240928T001552' (Tile: T11SKA)
2025-10-16 02:26:13,989 consumer #1 [INFO] Processing ZIP to 6-band for 'S2A_MSIL2A_20240927T184141_N0511_R070_T11SKA_20240928T001552' (Tile: T11SKA)
2025-10-16 02:26:13,989 consumer #1 [DEBUG] Processing late_season_2024/2024-09-27/S2A_MSIL2A_20240927T184141_N0511_R070_T11SKA_20240928T001552.SAFE.zip into late_season_2024/2024-09-27/S2A_MSIL2A_20240927T184141_N0511_R070_T11SKA_20240928T001552.tif
2025-10-16 02:26:13,989 consumer #1 [DEBUG] Extracting S2A_MSIL2A_20240927T184141_N0511_R070_T11SKA_20240928T001552 to temporary directory: late_season_2024/2024-09-27/extract_S2A_MSIL2A_20240927T184141_N0511_R070_T11SKA_20240928T001552_8wryr1ex
2025-10-16 02:26:13,990 consumer #1 [ERROR] Error processing S2A_MSIL2A_20240927T184141_N0511_R070_T11SKA_20240928T001552: File is not a zip file
2025-10-16 02:26:13,990 consumer #1 [WARNING] Retrying S2A_MSIL2A_20240927T184141_N0511_R070_T11SKA_20240928T001552, remaining: 1
2025-10-16 02:26:13,990 consumer #1 [INFO] Processing feature: S2A_MSIL2A_20240927T184141_N0511_R070_T11SKA_20240928T001552 (Tile code: T11SKA)
2025-10-16 02:26:13,990 consumer #1 [INFO] Downloading 'S2A_MSIL2A_20240927T184141_N0511_R070_T11SKA_20240928T001552' (Tile: T11SKA)
2025-10-16 02:26:13,990 consumer #1 [INFO] Processing ZIP to 6-band for 'S2A_MSIL2A_20240927T184141_N0511_R070_T11SKA_20240928T001552' (Tile: T11SKA)
2025-10-16 02:26:13,990 consumer #1 [DEBUG] Processing late_season_2024/2024-09-27/S2A_MSIL2A_20240927T184141_N0511_R070_T11SKA_20240928T001552.SAFE.zip into late_season_2024/2024-09-27/S2A_MSIL2A_20240927T184141_N0511_R070_T11SKA_20240928T001552.tif
2025-10-16 02:26:14,012 consumer #1 [DEBUG] Extracting S2A_MSIL2A_20240927T184141_N0511_R070_T11SKA_20240928T001552 to temporary directory: late_season_2024/2024-09-27/extract_S2A_MSIL2A_20240927T184141_N0511_R070_T11SKA_20240928T001552__rm652ad
2025-10-16 02:26:14,012 consumer #1 [ERROR] Error processing S2A_MSIL2A_20240927T184141_N0511_R070_T11SKA_20240928T001552: File is not a zip file
2025-10-16 02:26:14,030 consumer #1 [DEBUG] Downloader is done
2025-10-16 02:27:08,299 consumer #0 [ERROR] Error processing S2A_MSIL2A_20240619T183921_N0510_R070_T11SKA_20240620T005757: [Errno 122] Disk quota exceeded
2025-10-16 02:27:08,302 consumer #0 [WARNING] Retrying S2A_MSIL2A_20240619T183921_N0510_R070_T11SKA_20240620T005757, remaining: 2
2025-10-16 02:27:08,302 consumer #0 [INFO] Processing feature: S2A_MSIL2A_20240619T183921_N0510_R070_T11SKA_20240620T005757 (Tile code: T11SKA)
2025-10-16 02:27:08,302 consumer #0 [INFO] Downloading 'S2A_MSIL2A_20240619T183921_N0510_R070_T11SKA_20240620T005757' (Tile: T11SKA)
2025-10-16 02:27:08,303 consumer #0 [INFO] Processing ZIP to 6-band for 'S2A_MSIL2A_20240619T183921_N0510_R070_T11SKA_20240620T005757' (Tile: T11SKA)
2025-10-16 02:27:08,303 consumer #0 [DEBUG] Processing mid_season_2024/2024-06-19/S2A_MSIL2A_20240619T183921_N0510_R070_T11SKA_20240620T005757.SAFE.zip into mid_season_2024/2024-06-19/S2A_MSIL2A_20240619T183921_N0510_R070_T11SKA_20240620T005757.tif
2025-10-16 02:27:08,320 consumer #0 [DEBUG] Extracting S2A_MSIL2A_20240619T183921_N0510_R070_T11SKA_20240620T005757 to temporary directory: mid_season_2024/2024-06-19/extract_S2A_MSIL2A_20240619T183921_N0510_R070_T11SKA_20240620T005757_nkwz1r0d
2025-10-16 02:27:08,321 consumer #0 [ERROR] Error processing S2A_MSIL2A_20240619T183921_N0510_R070_T11SKA_20240620T005757: File is not a zip file
2025-10-16 02:27:08,321 consumer #0 [WARNING] Retrying S2A_MSIL2A_20240619T183921_N0510_R070_T11SKA_20240620T005757, remaining: 1
2025-10-16 02:27:08,321 consumer #0 [INFO] Processing feature: S2A_MSIL2A_20240619T183921_N0510_R070_T11SKA_20240620T005757 (Tile code: T11SKA)
2025-10-16 02:27:08,321 consumer #0 [INFO] Downloading 'S2A_MSIL2A_20240619T183921_N0510_R070_T11SKA_20240620T005757' (Tile: T11SKA)
2025-10-16 02:27:08,322 consumer #0 [INFO] Processing ZIP to 6-band for 'S2A_MSIL2A_20240619T183921_N0510_R070_T11SKA_20240620T005757' (Tile: T11SKA)
2025-10-16 02:27:08,322 consumer #0 [DEBUG] Processing mid_season_2024/2024-06-19/S2A_MSIL2A_20240619T183921_N0510_R070_T11SKA_20240620T005757.SAFE.zip into mid_season_2024/2024-06-19/S2A_MSIL2A_20240619T183921_N0510_R070_T11SKA_20240620T005757.tif
2025-10-16 02:27:08,322 consumer #0 [DEBUG] Extracting S2A_MSIL2A_20240619T183921_N0510_R070_T11SKA_20240620T005757 to temporary directory: mid_season_2024/2024-06-19/extract_S2A_MSIL2A_20240619T183921_N0510_R070_T11SKA_20240620T005757_mz7801wj
2025-10-16 02:27:08,322 consumer #0 [ERROR] Error processing S2A_MSIL2A_20240619T183921_N0510_R070_T11SKA_20240620T005757: File is not a zip file
2025-10-16 02:27:08,323 consumer #0 [DEBUG] Downloader is done
2025-10-16 02:27:08,339 MainThread [INFO] Summary: 0 processed, 0 skipped, 27 errors.
2025-10-16 02:28:08,342 MainThread [INFO] Checking thread statuses...
2025-10-16 02:30:00,823 consumer #2 [ERROR] Error processing S2A_MSIL2A_20240927T184141_N0511_R070_T10SGF_20240928T001552: [Errno 122] Disk quota exceeded
2025-10-16 02:30:00,825 consumer #2 [WARNING] Retrying S2A_MSIL2A_20240927T184141_N0511_R070_T10SGF_20240928T001552, remaining: 3
2025-10-16 02:30:00,825 consumer #2 [INFO] Processing feature: S2A_MSIL2A_20240927T184141_N0511_R070_T10SGF_20240928T001552 (Tile code: T10SGF)
2025-10-16 02:30:00,825 consumer #2 [INFO] Downloading 'S2A_MSIL2A_20240927T184141_N0511_R070_T10SGF_20240928T001552' (Tile: T10SGF)
2025-10-16 02:30:00,825 consumer #2 [INFO] Processing ZIP to 6-band for 'S2A_MSIL2A_20240927T184141_N0511_R070_T10SGF_20240928T001552' (Tile: T10SGF)
2025-10-16 02:30:00,825 consumer #2 [DEBUG] Processing late_season_2024/2024-09-27/S2A_MSIL2A_20240927T184141_N0511_R070_T10SGF_20240928T001552.SAFE.zip into late_season_2024/2024-09-27/S2A_MSIL2A_20240927T184141_N0511_R070_T10SGF_20240928T001552.tif
2025-10-16 02:30:00,839 consumer #2 [DEBUG] Extracting S2A_MSIL2A_20240927T184141_N0511_R070_T10SGF_20240928T001552 to temporary directory: late_season_2024/2024-09-27/extract_S2A_MSIL2A_20240927T184141_N0511_R070_T10SGF_20240928T001552_g_xwc6dc
2025-10-16 02:30:00,840 consumer #2 [ERROR] Error processing S2A_MSIL2A_20240927T184141_N0511_R070_T10SGF_20240928T001552: File is not a zip file
2025-10-16 02:30:00,840 consumer #2 [WARNING] Retrying S2A_MSIL2A_20240927T184141_N0511_R070_T10SGF_20240928T001552, remaining: 2
2025-10-16 02:30:00,840 consumer #2 [INFO] Processing feature: S2A_MSIL2A_20240927T184141_N0511_R070_T10SGF_20240928T001552 (Tile code: T10SGF)
2025-10-16 02:30:00,841 consumer #2 [INFO] Downloading 'S2A_MSIL2A_20240927T184141_N0511_R070_T10SGF_20240928T001552' (Tile: T10SGF)
2025-10-16 02:30:00,841 consumer #2 [INFO] Processing ZIP to 6-band for 'S2A_MSIL2A_20240927T184141_N0511_R070_T10SGF_20240928T001552' (Tile: T10SGF)
2025-10-16 02:30:00,841 consumer #2 [DEBUG] Processing late_season_2024/2024-09-27/S2A_MSIL2A_20240927T184141_N0511_R070_T10SGF_20240928T001552.SAFE.zip into late_season_2024/2024-09-27/S2A_MSIL2A_20240927T184141_N0511_R070_T10SGF_20240928T001552.tif
2025-10-16 02:30:00,841 consumer #2 [DEBUG] Extracting S2A_MSIL2A_20240927T184141_N0511_R070_T10SGF_20240928T001552 to temporary directory: late_season_2024/2024-09-27/extract_S2A_MSIL2A_20240927T184141_N0511_R070_T10SGF_20240928T001552_pks_54bp
2025-10-16 02:30:00,842 consumer #2 [ERROR] Error processing S2A_MSIL2A_20240927T184141_N0511_R070_T10SGF_20240928T001552: File is not a zip file
2025-10-16 02:30:00,842 consumer #2 [WARNING] Retrying S2A_MSIL2A_20240927T184141_N0511_R070_T10SGF_20240928T001552, remaining: 1
2025-10-16 02:30:00,842 consumer #2 [INFO] Processing feature: S2A_MSIL2A_20240927T184141_N0511_R070_T10SGF_20240928T001552 (Tile code: T10SGF)
2025-10-16 02:30:00,842 consumer #2 [INFO] Downloading 'S2A_MSIL2A_20240927T184141_N0511_R070_T10SGF_20240928T001552' (Tile: T10SGF)
2025-10-16 02:30:00,842 consumer #2 [INFO] Processing ZIP to 6-band for 'S2A_MSIL2A_20240927T184141_N0511_R070_T10SGF_20240928T001552' (Tile: T10SGF)
2025-10-16 02:30:00,842 consumer #2 [DEBUG] Processing late_season_2024/2024-09-27/S2A_MSIL2A_20240927T184141_N0511_R070_T10SGF_20240928T001552.SAFE.zip into late_season_2024/2024-09-27/S2A_MSIL2A_20240927T184141_N0511_R070_T10SGF_20240928T001552.tif
2025-10-16 02:30:00,862 consumer #2 [DEBUG] Extracting S2A_MSIL2A_20240927T184141_N0511_R070_T10SGF_20240928T001552 to temporary directory: late_season_2024/2024-09-27/extract_S2A_MSIL2A_20240927T184141_N0511_R070_T10SGF_20240928T001552__ujiua49
2025-10-16 02:30:00,862 consumer #2 [ERROR] Error processing S2A_MSIL2A_20240927T184141_N0511_R070_T10SGF_20240928T001552: File is not a zip file
2025-10-16 02:30:00,863 consumer #2 [DEBUG] Downloader is done
2025-10-16 02:30:00,877 MainThread [INFO] Summary: 0 processed, 0 skipped, 13 errors.
2025-10-20 01:26:51,409 MainThread [INFO] Logging to file: /bigdata/eldawylab/sdas050/MS_Research/scripts/sentinel2_downloader.log
2025-10-20 01:26:51,539 MainThread [INFO] Checking thread statuses...
2025-10-20 01:26:59,157 MainThread [INFO] Logging to file: /bigdata/eldawylab/sdas050/MS_Research/scripts/sentinel2_downloader.log
2025-10-20 01:26:59,198 MainThread [INFO] Checking thread statuses...
2025-10-20 01:27:03,800 MainThread [INFO] Logging to file: /bigdata/eldawylab/sdas050/MS_Research/scripts/sentinel2_downloader.log
2025-10-20 01:27:03,836 MainThread [INFO] Checking thread statuses...
2025-10-20 01:27:08,212 consumer #3 [INFO] Processing feature: S2B_MSIL2A_20240902T183919_N0511_R070_T10SGF_20240902T225006 (Tile code: T10SGF)
2025-10-20 01:27:08,215 consumer #1 [INFO] Processing feature: S2B_MSIL2A_20240902T183919_N0511_R070_T11SKA_20240902T225006 (Tile code: T11SKA)
2025-10-20 01:27:08,227 consumer #3 [INFO] Downloading 'S2B_MSIL2A_20240902T183919_N0511_R070_T10SGF_20240902T225006' (Tile: T10SGF)
2025-10-20 01:27:08,228 consumer #1 [INFO] Downloading 'S2B_MSIL2A_20240902T183919_N0511_R070_T11SKA_20240902T225006' (Tile: T11SKA)
2025-10-20 01:27:08,350 consumer #1 [INFO] Processing feature: S2B_MSIL2A_20240604T183919_N0510_R070_T11SKA_20240604T221437 (Tile code: T11SKA)
2025-10-20 01:27:08,351 consumer #1 [INFO] Downloading 'S2B_MSIL2A_20240604T183919_N0510_R070_T11SKA_20240604T221437' (Tile: T11SKA)
2025-10-20 01:27:08,356 consumer #2 [INFO] Processing feature: S2B_MSIL2A_20240604T183919_N0510_R070_T10SGF_20240604T221437 (Tile code: T10SGF)
2025-10-20 01:27:08,356 consumer #2 [INFO] Downloading 'S2B_MSIL2A_20240604T183919_N0510_R070_T10SGF_20240604T221437' (Tile: T10SGF)
2025-10-20 01:27:13,015 consumer #0 [INFO] Processing feature: S2A_MSIL2A_20240311T184151_N0510_R070_T11SKA_20240311T234450 (Tile code: T11SKA)
2025-10-20 01:27:13,019 consumer #0 [INFO] Downloading 'S2A_MSIL2A_20240311T184151_N0510_R070_T11SKA_20240311T234450' (Tile: T11SKA)
2025-10-20 01:27:17,535 consumer #0 [INFO] Processing feature: S2A_MSIL2A_20240907T183921_N0511_R070_T10SGF_20240908T014752 (Tile code: T10SGF)
2025-10-20 01:27:17,540 consumer #0 [INFO] Downloading 'S2A_MSIL2A_20240907T183921_N0511_R070_T10SGF_20240908T014752' (Tile: T10SGF)
2025-10-20 01:27:19,262 consumer #3 [INFO] Processing feature: S2A_MSIL2A_20240609T183921_N0510_R070_T10SGF_20240610T012249 (Tile code: T10SGF)
2025-10-20 01:27:19,264 consumer #3 [INFO] Downloading 'S2A_MSIL2A_20240609T183921_N0510_R070_T10SGF_20240610T012249' (Tile: T10SGF)
2025-10-20 01:27:19,269 consumer #0 [INFO] Processing feature: S2A_MSIL2A_20240609T183921_N0510_R070_T11SKA_20240610T012249 (Tile code: T11SKA)
2025-10-20 01:27:19,270 consumer #0 [INFO] Downloading 'S2A_MSIL2A_20240609T183921_N0510_R070_T11SKA_20240610T012249' (Tile: T11SKA)
2025-10-20 01:27:27,919 consumer #2 [INFO] Processing feature: S2B_MSIL2A_20240912T183919_N0511_R070_T10SGF_20240913T001358 (Tile code: T10SGF)
2025-10-20 01:27:27,920 consumer #2 [INFO] Downloading 'S2B_MSIL2A_20240912T183919_N0511_R070_T10SGF_20240913T001358' (Tile: T10SGF)
2025-10-20 01:27:29,358 consumer #2 [INFO] Processing feature: S2A_MSIL2A_20240321T184041_N0510_R070_T11SKA_20240322T000054 (Tile code: T11SKA)
2025-10-20 01:27:29,360 consumer #2 [INFO] Downloading 'S2A_MSIL2A_20240321T184041_N0510_R070_T11SKA_20240322T000054' (Tile: T11SKA)
2025-10-20 01:27:29,364 consumer #3 [INFO] Processing feature: S2A_MSIL2A_20240321T184041_N0510_R070_T10SGF_20240322T000054 (Tile code: T10SGF)
2025-10-20 01:27:29,367 consumer #3 [INFO] Downloading 'S2A_MSIL2A_20240321T184041_N0510_R070_T10SGF_20240322T000054' (Tile: T10SGF)
2025-10-20 01:27:37,991 consumer #1 [INFO] Processing feature: S2B_MSIL2A_20240326T183929_N0510_R070_T10SGF_20240326T225901 (Tile code: T10SGF)
2025-10-20 01:27:37,992 consumer #1 [INFO] Downloading 'S2B_MSIL2A_20240326T183929_N0510_R070_T10SGF_20240326T225901' (Tile: T10SGF)
2025-10-20 01:28:23,787 consumer #3 [INFO] Processing ZIP to 6-band for 'S2B_MSIL2A_20240902T183919_N0511_R070_T10SGF_20240902T225006' (Tile: T10SGF)
2025-10-20 01:28:30,487 consumer #3 [INFO] Created 6-band GeoTIFF: CA_late_season_2024/2024-09-02/S2B_MSIL2A_20240902T183919_N0511_R070_T10SGF_20240902T225006.tif
2025-10-20 01:28:30,513 consumer #3 [INFO] Successfully processed 'S2B_MSIL2A_20240902T183919_N0511_R070_T10SGF_20240902T225006' -> CA_late_season_2024/2024-09-02/S2B_MSIL2A_20240902T183919_N0511_R070_T10SGF_20240902T225006.tif
2025-10-20 01:28:30,514 consumer #3 [INFO] Processing feature: S2B_MSIL2A_20240912T183919_N0511_R070_T11SKA_20240913T001358 (Tile code: T11SKA)
2025-10-20 01:28:30,515 consumer #3 [INFO] Downloading 'S2B_MSIL2A_20240912T183919_N0511_R070_T11SKA_20240913T001358' (Tile: T11SKA)
2025-10-20 01:30:35,292 consumer #2 [INFO] Processing ZIP to 6-band for 'S2B_MSIL2A_20240604T183919_N0510_R070_T10SGF_20240604T221437' (Tile: T10SGF)
2025-10-20 01:30:41,540 consumer #2 [INFO] Created 6-band GeoTIFF: CA_mid_season_2024/2024-06-04/S2B_MSIL2A_20240604T183919_N0510_R070_T10SGF_20240604T221437.tif
2025-10-20 01:30:41,572 consumer #2 [INFO] Successfully processed 'S2B_MSIL2A_20240604T183919_N0510_R070_T10SGF_20240604T221437' -> CA_mid_season_2024/2024-06-04/S2B_MSIL2A_20240604T183919_N0510_R070_T10SGF_20240604T221437.tif
2025-10-20 01:30:41,574 consumer #2 [INFO] Processing feature: S2B_MSIL2A_20240614T183919_N0510_R070_T11SKA_20240614T223610 (Tile code: T11SKA)
2025-10-20 01:30:41,574 consumer #2 [INFO] Downloading 'S2B_MSIL2A_20240614T183919_N0510_R070_T11SKA_20240614T223610' (Tile: T11SKA)
2025-10-20 01:32:07,234 consumer #0 [INFO] Processing ZIP to 6-band for 'S2A_MSIL2A_20240609T183921_N0510_R070_T11SKA_20240610T012249' (Tile: T11SKA)
2025-10-20 01:32:13,378 consumer #0 [INFO] Created 6-band GeoTIFF: CA_mid_season_2024/2024-06-09/S2A_MSIL2A_20240609T183921_N0510_R070_T11SKA_20240610T012249.tif
2025-10-20 01:32:13,405 consumer #0 [INFO] Successfully processed 'S2A_MSIL2A_20240609T183921_N0510_R070_T11SKA_20240610T012249' -> CA_mid_season_2024/2024-06-09/S2A_MSIL2A_20240609T183921_N0510_R070_T11SKA_20240610T012249.tif
2025-10-20 01:32:13,407 consumer #0 [INFO] Processing feature: S2B_MSIL2A_20240614T183919_N0510_R070_T10SGF_20240614T223610 (Tile code: T10SGF)
2025-10-20 01:32:13,407 consumer #0 [INFO] Downloading 'S2B_MSIL2A_20240614T183919_N0510_R070_T10SGF_20240614T223610' (Tile: T10SGF)
2025-10-20 01:32:15,290 consumer #1 [INFO] Processing ZIP to 6-band for 'S2B_MSIL2A_20240604T183919_N0510_R070_T11SKA_20240604T221437' (Tile: T11SKA)
2025-10-20 01:32:21,169 consumer #1 [INFO] Created 6-band GeoTIFF: CA_mid_season_2024/2024-06-04/S2B_MSIL2A_20240604T183919_N0510_R070_T11SKA_20240604T221437.tif
2025-10-20 01:32:21,187 consumer #1 [INFO] Successfully processed 'S2B_MSIL2A_20240604T183919_N0510_R070_T11SKA_20240604T221437' -> CA_mid_season_2024/2024-06-04/S2B_MSIL2A_20240604T183919_N0510_R070_T11SKA_20240604T221437.tif
2025-10-20 01:32:21,189 consumer #1 [INFO] Processing feature: S2A_MSIL2A_20240619T183921_N0510_R070_T10SGF_20240620T005757 (Tile code: T10SGF)
2025-10-20 01:32:21,189 consumer #1 [INFO] Downloading 'S2A_MSIL2A_20240619T183921_N0510_R070_T10SGF_20240620T005757' (Tile: T10SGF)
2025-10-20 01:32:46,396 consumer #3 [INFO] Processing ZIP to 6-band for 'S2B_MSIL2A_20240912T183919_N0511_R070_T11SKA_20240913T001358' (Tile: T11SKA)
2025-10-20 01:32:49,237 consumer #1 [INFO] Processing ZIP to 6-band for 'S2B_MSIL2A_20240902T183919_N0511_R070_T11SKA_20240902T225006' (Tile: T11SKA)
2025-10-20 01:32:52,686 consumer #3 [INFO] Created 6-band GeoTIFF: CA_late_season_2024/2024-09-12/S2B_MSIL2A_20240912T183919_N0511_R070_T11SKA_20240913T001358.tif
2025-10-20 01:32:52,706 consumer #3 [INFO] Successfully processed 'S2B_MSIL2A_20240912T183919_N0511_R070_T11SKA_20240913T001358' -> CA_late_season_2024/2024-09-12/S2B_MSIL2A_20240912T183919_N0511_R070_T11SKA_20240913T001358.tif
2025-10-20 01:32:52,706 consumer #3 [INFO] Processing feature: S2A_MSIL2A_20240917T184031_N0511_R070_T11SKA_20240918T005327 (Tile code: T11SKA)
2025-10-20 01:32:52,707 consumer #3 [INFO] Downloading 'S2A_MSIL2A_20240917T184031_N0511_R070_T11SKA_20240918T005327' (Tile: T11SKA)
2025-10-20 01:32:58,303 consumer #1 [INFO] Created 6-band GeoTIFF: CA_late_season_2024/2024-09-02/S2B_MSIL2A_20240902T183919_N0511_R070_T11SKA_20240902T225006.tif
2025-10-20 01:32:58,326 consumer #1 [INFO] Successfully processed 'S2B_MSIL2A_20240902T183919_N0511_R070_T11SKA_20240902T225006' -> CA_late_season_2024/2024-09-02/S2B_MSIL2A_20240902T183919_N0511_R070_T11SKA_20240902T225006.tif
2025-10-20 01:32:58,328 consumer #1 [INFO] Processing feature: S2A_MSIL2A_20240917T184031_N0511_R070_T10SGF_20240918T005327 (Tile code: T10SGF)
2025-10-20 01:32:58,328 consumer #1 [INFO] Downloading 'S2A_MSIL2A_20240917T184031_N0511_R070_T10SGF_20240918T005327' (Tile: T10SGF)
2025-10-20 01:34:19,032 consumer #3 [INFO] Processing ZIP to 6-band for 'S2A_MSIL2A_20240609T183921_N0510_R070_T10SGF_20240610T012249' (Tile: T10SGF)
2025-10-20 01:34:25,163 consumer #3 [INFO] Created 6-band GeoTIFF: CA_mid_season_2024/2024-06-09/S2A_MSIL2A_20240609T183921_N0510_R070_T10SGF_20240610T012249.tif
2025-10-20 01:34:25,181 consumer #3 [INFO] Successfully processed 'S2A_MSIL2A_20240609T183921_N0510_R070_T10SGF_20240610T012249' -> CA_mid_season_2024/2024-06-09/S2A_MSIL2A_20240609T183921_N0510_R070_T10SGF_20240610T012249.tif
2025-10-20 01:34:25,183 consumer #3 [INFO] Processing feature: S2A_MSIL2A_20240619T183921_N0510_R070_T11SKA_20240620T005757 (Tile code: T11SKA)
2025-10-20 01:34:25,183 consumer #3 [INFO] Downloading 'S2A_MSIL2A_20240619T183921_N0510_R070_T11SKA_20240620T005757' (Tile: T11SKA)
2025-10-20 01:34:29,125 consumer #0 [INFO] Processing ZIP to 6-band for 'S2A_MSIL2A_20240311T184151_N0510_R070_T11SKA_20240311T234450' (Tile: T11SKA)
2025-10-20 01:34:35,484 consumer #0 [INFO] Created 6-band GeoTIFF: CA_early_season_2024/2024-03-11/S2A_MSIL2A_20240311T184151_N0510_R070_T11SKA_20240311T234450.tif
2025-10-20 01:34:35,502 consumer #0 [INFO] Successfully processed 'S2A_MSIL2A_20240311T184151_N0510_R070_T11SKA_20240311T234450' -> CA_early_season_2024/2024-03-11/S2A_MSIL2A_20240311T184151_N0510_R070_T11SKA_20240311T234450.tif
2025-10-20 01:34:35,504 consumer #0 [INFO] Processing feature: S2B_MSIL2A_20240326T183929_N0510_R070_T11SKA_20240326T225901 (Tile code: T11SKA)
2025-10-20 01:34:35,504 consumer #0 [INFO] Downloading 'S2B_MSIL2A_20240326T183929_N0510_R070_T11SKA_20240326T225901' (Tile: T11SKA)
2025-10-20 01:35:43,619 consumer #2 [INFO] Processing ZIP to 6-band for 'S2B_MSIL2A_20240912T183919_N0511_R070_T10SGF_20240913T001358' (Tile: T10SGF)
2025-10-20 01:35:49,731 consumer #2 [INFO] Created 6-band GeoTIFF: CA_late_season_2024/2024-09-12/S2B_MSIL2A_20240912T183919_N0511_R070_T10SGF_20240913T001358.tif
2025-10-20 01:35:49,747 consumer #2 [INFO] Successfully processed 'S2B_MSIL2A_20240912T183919_N0511_R070_T10SGF_20240913T001358' -> CA_late_season_2024/2024-09-12/S2B_MSIL2A_20240912T183919_N0511_R070_T10SGF_20240913T001358.tif
2025-10-20 01:35:49,749 consumer #2 [INFO] Processing feature: S2B_MSIL2A_20240922T184009_N0511_R070_T10SGF_20240922T225505 (Tile code: T10SGF)
2025-10-20 01:35:49,749 consumer #2 [INFO] Downloading 'S2B_MSIL2A_20240922T184009_N0511_R070_T10SGF_20240922T225505' (Tile: T10SGF)
2025-10-20 01:36:05,664 consumer #1 [INFO] Processing ZIP to 6-band for 'S2A_MSIL2A_20240619T183921_N0510_R070_T10SGF_20240620T005757' (Tile: T10SGF)
2025-10-20 01:36:09,508 MainThread [INFO] Checking thread statuses...
2025-10-20 01:36:11,946 consumer #1 [INFO] Created 6-band GeoTIFF: CA_mid_season_2024/2024-06-19/S2A_MSIL2A_20240619T183921_N0510_R070_T10SGF_20240620T005757.tif
2025-10-20 01:36:11,958 consumer #1 [INFO] Successfully processed 'S2A_MSIL2A_20240619T183921_N0510_R070_T10SGF_20240620T005757' -> CA_mid_season_2024/2024-06-19/S2A_MSIL2A_20240619T183921_N0510_R070_T10SGF_20240620T005757.tif
2025-10-20 01:36:11,959 consumer #1 [INFO] Processing feature: S2A_MSIL2A_20240629T183921_N0510_R070_T10SGF_20240630T013100 (Tile code: T10SGF)
2025-10-20 01:36:11,960 consumer #1 [INFO] Downloading 'S2A_MSIL2A_20240629T183921_N0510_R070_T10SGF_20240630T013100' (Tile: T10SGF)
2025-10-20 01:36:51,542 MainThread [INFO] Checking thread statuses...
2025-10-20 01:36:59,202 MainThread [INFO] Checking thread statuses...
2025-10-20 01:37:32,574 consumer #0 [INFO] Processing ZIP to 6-band for 'S2A_MSIL2A_20240907T183921_N0511_R070_T10SGF_20240908T014752' (Tile: T10SGF)
2025-10-20 01:37:38,822 consumer #0 [INFO] Created 6-band GeoTIFF: CA_late_season_2024/2024-09-07/S2A_MSIL2A_20240907T183921_N0511_R070_T10SGF_20240908T014752.tif
2025-10-20 01:37:38,929 consumer #0 [INFO] Successfully processed 'S2A_MSIL2A_20240907T183921_N0511_R070_T10SGF_20240908T014752' -> CA_late_season_2024/2024-09-07/S2A_MSIL2A_20240907T183921_N0511_R070_T10SGF_20240908T014752.tif
2025-10-20 01:37:38,931 consumer #0 [INFO] Processing feature: S2B_MSIL2A_20240922T184009_N0511_R070_T11SKA_20240922T225505 (Tile code: T11SKA)
2025-10-20 01:37:38,946 consumer #0 [INFO] Downloading 'S2B_MSIL2A_20240922T184009_N0511_R070_T11SKA_20240922T225505' (Tile: T11SKA)
2025-10-20 01:37:45,915 consumer #2 [INFO] Processing ZIP to 6-band for 'S2B_MSIL2A_20240922T184009_N0511_R070_T10SGF_20240922T225505' (Tile: T10SGF)
2025-10-20 01:37:52,005 consumer #2 [INFO] Created 6-band GeoTIFF: CA_late_season_2024/2024-09-22/S2B_MSIL2A_20240922T184009_N0511_R070_T10SGF_20240922T225505.tif
2025-10-20 01:37:52,021 consumer #2 [INFO] Successfully processed 'S2B_MSIL2A_20240922T184009_N0511_R070_T10SGF_20240922T225505' -> CA_late_season_2024/2024-09-22/S2B_MSIL2A_20240922T184009_N0511_R070_T10SGF_20240922T225505.tif
2025-10-20 01:37:52,022 consumer #2 [INFO] Processing feature: S2A_MSIL2A_20240927T184141_N0511_R070_T10SGF_20240928T001951 (Tile code: T10SGF)
2025-10-20 01:37:52,023 consumer #2 [INFO] Downloading 'S2A_MSIL2A_20240927T184141_N0511_R070_T10SGF_20240928T001951' (Tile: T10SGF)
2025-10-20 01:38:19,960 consumer #0 [ERROR] Error processing S2B_MSIL2A_20240326T183929_N0510_R070_T11SKA_20240326T225901: Token exchange failed: {"error":"invalid_grant","error_description":"Session not active"}
2025-10-20 01:38:19,961 consumer #0 [WARNING] Retrying S2B_MSIL2A_20240326T183929_N0510_R070_T11SKA_20240326T225901, remaining: 3
2025-10-20 01:38:19,962 consumer #0 [INFO] Processing feature: S2B_MSIL2A_20240326T183929_N0510_R070_T11SKA_20240326T225901 (Tile code: T11SKA)
2025-10-20 01:38:19,962 consumer #0 [INFO] Downloading 'S2B_MSIL2A_20240326T183929_N0510_R070_T11SKA_20240326T225901' (Tile: T11SKA)
2025-10-20 01:38:20,441 consumer #0 [ERROR] Error processing S2B_MSIL2A_20240326T183929_N0510_R070_T11SKA_20240326T225901: Token exchange failed: {"error":"invalid_grant","error_description":"Session not active"}
2025-10-20 01:38:20,442 consumer #0 [WARNING] Retrying S2B_MSIL2A_20240326T183929_N0510_R070_T11SKA_20240326T225901, remaining: 2
2025-10-20 01:38:20,443 consumer #0 [INFO] Processing feature: S2B_MSIL2A_20240326T183929_N0510_R070_T11SKA_20240326T225901 (Tile code: T11SKA)
2025-10-20 01:38:20,443 consumer #0 [INFO] Downloading 'S2B_MSIL2A_20240326T183929_N0510_R070_T11SKA_20240326T225901' (Tile: T11SKA)
2025-10-20 01:38:20,923 consumer #0 [ERROR] Error processing S2B_MSIL2A_20240326T183929_N0510_R070_T11SKA_20240326T225901: Token exchange failed: {"error":"invalid_grant","error_description":"Session not active"}
2025-10-20 01:38:20,924 consumer #0 [WARNING] Retrying S2B_MSIL2A_20240326T183929_N0510_R070_T11SKA_20240326T225901, remaining: 1
2025-10-20 01:38:20,924 consumer #0 [INFO] Processing feature: S2B_MSIL2A_20240326T183929_N0510_R070_T11SKA_20240326T225901 (Tile code: T11SKA)
2025-10-20 01:38:20,924 consumer #0 [INFO] Downloading 'S2B_MSIL2A_20240326T183929_N0510_R070_T11SKA_20240326T225901' (Tile: T11SKA)
2025-10-20 01:38:21,437 consumer #0 [ERROR] Error processing S2B_MSIL2A_20240326T183929_N0510_R070_T11SKA_20240326T225901: Token exchange failed: {"error":"invalid_grant","error_description":"Session not active"}
2025-10-20 01:38:21,439 consumer #0 [INFO] Processing feature: S2A_MSIL2A_20240430T183921_N0510_R070_T10SGF_20240501T002051 (Tile code: T10SGF)
2025-10-20 01:38:21,439 consumer #0 [INFO] Downloading 'S2A_MSIL2A_20240430T183921_N0510_R070_T10SGF_20240501T002051' (Tile: T10SGF)
2025-10-20 01:38:21,924 consumer #0 [ERROR] Error processing S2A_MSIL2A_20240430T183921_N0510_R070_T10SGF_20240501T002051: Token exchange failed: {"error":"invalid_grant","error_description":"Session not active"}
2025-10-20 01:38:21,925 consumer #0 [WARNING] Retrying S2A_MSIL2A_20240430T183921_N0510_R070_T10SGF_20240501T002051, remaining: 3
2025-10-20 01:38:21,925 consumer #0 [INFO] Processing feature: S2A_MSIL2A_20240430T183921_N0510_R070_T10SGF_20240501T002051 (Tile code: T10SGF)
2025-10-20 01:38:21,925 consumer #0 [INFO] Downloading 'S2A_MSIL2A_20240430T183921_N0510_R070_T10SGF_20240501T002051' (Tile: T10SGF)
2025-10-20 01:38:22,406 consumer #0 [ERROR] Error processing S2A_MSIL2A_20240430T183921_N0510_R070_T10SGF_20240501T002051: Token exchange failed: {"error":"invalid_grant","error_description":"Session not active"}
2025-10-20 01:38:22,424 consumer #0 [WARNING] Retrying S2A_MSIL2A_20240430T183921_N0510_R070_T10SGF_20240501T002051, remaining: 2
2025-10-20 01:38:22,424 consumer #0 [INFO] Processing feature: S2A_MSIL2A_20240430T183921_N0510_R070_T10SGF_20240501T002051 (Tile code: T10SGF)
2025-10-20 01:38:22,425 consumer #0 [INFO] Downloading 'S2A_MSIL2A_20240430T183921_N0510_R070_T10SGF_20240501T002051' (Tile: T10SGF)
2025-10-20 01:38:22,904 consumer #0 [ERROR] Error processing S2A_MSIL2A_20240430T183921_N0510_R070_T10SGF_20240501T002051: Token exchange failed: {"error":"invalid_grant","error_description":"Session not active"}
2025-10-20 01:38:22,905 consumer #0 [WARNING] Retrying S2A_MSIL2A_20240430T183921_N0510_R070_T10SGF_20240501T002051, remaining: 1
2025-10-20 01:38:22,905 consumer #0 [INFO] Processing feature: S2A_MSIL2A_20240430T183921_N0510_R070_T10SGF_20240501T002051 (Tile code: T10SGF)
2025-10-20 01:38:22,905 consumer #0 [INFO] Downloading 'S2A_MSIL2A_20240430T183921_N0510_R070_T10SGF_20240501T002051' (Tile: T10SGF)
2025-10-20 01:38:23,384 consumer #0 [ERROR] Error processing S2A_MSIL2A_20240430T183921_N0510_R070_T10SGF_20240501T002051: Token exchange failed: {"error":"invalid_grant","error_description":"Session not active"}
2025-10-20 01:38:23,385 consumer #0 [INFO] Processing feature: S2A_MSIL2A_20240430T183921_N0510_R070_T11SKA_20240501T002051 (Tile code: T11SKA)
2025-10-20 01:38:23,386 consumer #0 [INFO] Downloading 'S2A_MSIL2A_20240430T183921_N0510_R070_T11SKA_20240501T002051' (Tile: T11SKA)
2025-10-20 01:38:23,864 consumer #0 [ERROR] Error processing S2A_MSIL2A_20240430T183921_N0510_R070_T11SKA_20240501T002051: Token exchange failed: {"error":"invalid_grant","error_description":"Session not active"}
2025-10-20 01:38:23,864 consumer #0 [WARNING] Retrying S2A_MSIL2A_20240430T183921_N0510_R070_T11SKA_20240501T002051, remaining: 3
2025-10-20 01:38:23,865 consumer #0 [INFO] Processing feature: S2A_MSIL2A_20240430T183921_N0510_R070_T11SKA_20240501T002051 (Tile code: T11SKA)
2025-10-20 01:38:23,865 consumer #0 [INFO] Downloading 'S2A_MSIL2A_20240430T183921_N0510_R070_T11SKA_20240501T002051' (Tile: T11SKA)
2025-10-20 01:38:24,345 consumer #0 [ERROR] Error processing S2A_MSIL2A_20240430T183921_N0510_R070_T11SKA_20240501T002051: Token exchange failed: {"error":"invalid_grant","error_description":"Session not active"}
2025-10-20 01:38:24,346 consumer #0 [WARNING] Retrying S2A_MSIL2A_20240430T183921_N0510_R070_T11SKA_20240501T002051, remaining: 2
2025-10-20 01:38:24,346 consumer #0 [INFO] Processing feature: S2A_MSIL2A_20240430T183921_N0510_R070_T11SKA_20240501T002051 (Tile code: T11SKA)
2025-10-20 01:38:24,346 consumer #0 [INFO] Downloading 'S2A_MSIL2A_20240430T183921_N0510_R070_T11SKA_20240501T002051' (Tile: T11SKA)
2025-10-20 01:38:24,831 consumer #0 [ERROR] Error processing S2A_MSIL2A_20240430T183921_N0510_R070_T11SKA_20240501T002051: Token exchange failed: {"error":"invalid_grant","error_description":"Session not active"}
2025-10-20 01:38:24,831 consumer #0 [WARNING] Retrying S2A_MSIL2A_20240430T183921_N0510_R070_T11SKA_20240501T002051, remaining: 1
2025-10-20 01:38:24,832 consumer #0 [INFO] Processing feature: S2A_MSIL2A_20240430T183921_N0510_R070_T11SKA_20240501T002051 (Tile code: T11SKA)
2025-10-20 01:38:24,832 consumer #0 [INFO] Downloading 'S2A_MSIL2A_20240430T183921_N0510_R070_T11SKA_20240501T002051' (Tile: T11SKA)
2025-10-20 01:38:25,322 consumer #0 [ERROR] Error processing S2A_MSIL2A_20240430T183921_N0510_R070_T11SKA_20240501T002051: Token exchange failed: {"error":"invalid_grant","error_description":"Session not active"}
2025-10-20 01:38:25,325 consumer #0 [INFO] Processing feature: S2A_MSIL2A_20240510T183921_N0510_R070_T11SKA_20240511T002949 (Tile code: T11SKA)
2025-10-20 01:38:25,325 consumer #0 [INFO] Downloading 'S2A_MSIL2A_20240510T183921_N0510_R070_T11SKA_20240511T002949' (Tile: T11SKA)
2025-10-20 01:38:25,821 consumer #0 [ERROR] Error processing S2A_MSIL2A_20240510T183921_N0510_R070_T11SKA_20240511T002949: Token exchange failed: {"error":"invalid_grant","error_description":"Session not active"}
2025-10-20 01:38:25,838 consumer #0 [WARNING] Retrying S2A_MSIL2A_20240510T183921_N0510_R070_T11SKA_20240511T002949, remaining: 3
2025-10-20 01:38:25,838 consumer #0 [INFO] Processing feature: S2A_MSIL2A_20240510T183921_N0510_R070_T11SKA_20240511T002949 (Tile code: T11SKA)
2025-10-20 01:38:25,838 consumer #0 [INFO] Downloading 'S2A_MSIL2A_20240510T183921_N0510_R070_T11SKA_20240511T002949' (Tile: T11SKA)
2025-10-20 01:38:26,326 consumer #0 [ERROR] Error processing S2A_MSIL2A_20240510T183921_N0510_R070_T11SKA_20240511T002949: Token exchange failed: {"error":"invalid_grant","error_description":"Session not active"}
2025-10-20 01:38:26,327 consumer #0 [WARNING] Retrying S2A_MSIL2A_20240510T183921_N0510_R070_T11SKA_20240511T002949, remaining: 2
2025-10-20 01:38:26,327 consumer #0 [INFO] Processing feature: S2A_MSIL2A_20240510T183921_N0510_R070_T11SKA_20240511T002949 (Tile code: T11SKA)
2025-10-20 01:38:26,327 consumer #0 [INFO] Downloading 'S2A_MSIL2A_20240510T183921_N0510_R070_T11SKA_20240511T002949' (Tile: T11SKA)
2025-10-20 01:38:26,807 consumer #0 [ERROR] Error processing S2A_MSIL2A_20240510T183921_N0510_R070_T11SKA_20240511T002949: Token exchange failed: {"error":"invalid_grant","error_description":"Session not active"}
2025-10-20 01:38:26,808 consumer #0 [WARNING] Retrying S2A_MSIL2A_20240510T183921_N0510_R070_T11SKA_20240511T002949, remaining: 1
2025-10-20 01:38:26,808 consumer #0 [INFO] Processing feature: S2A_MSIL2A_20240510T183921_N0510_R070_T11SKA_20240511T002949 (Tile code: T11SKA)
2025-10-20 01:38:26,808 consumer #0 [INFO] Downloading 'S2A_MSIL2A_20240510T183921_N0510_R070_T11SKA_20240511T002949' (Tile: T11SKA)
2025-10-20 01:38:27,292 consumer #0 [ERROR] Error processing S2A_MSIL2A_20240510T183921_N0510_R070_T11SKA_20240511T002949: Token exchange failed: {"error":"invalid_grant","error_description":"Session not active"}
2025-10-20 01:38:27,293 consumer #0 [INFO] Processing feature: S2A_MSIL2A_20240510T183921_N0510_R070_T10SGF_20240511T002949 (Tile code: T10SGF)
2025-10-20 01:38:27,293 consumer #0 [INFO] Downloading 'S2A_MSIL2A_20240510T183921_N0510_R070_T10SGF_20240511T002949' (Tile: T10SGF)
2025-10-20 01:38:27,773 consumer #0 [ERROR] Error processing S2A_MSIL2A_20240510T183921_N0510_R070_T10SGF_20240511T002949: Token exchange failed: {"error":"invalid_grant","error_description":"Session not active"}
2025-10-20 01:38:27,774 consumer #0 [WARNING] Retrying S2A_MSIL2A_20240510T183921_N0510_R070_T10SGF_20240511T002949, remaining: 3
2025-10-20 01:38:27,774 consumer #0 [INFO] Processing feature: S2A_MSIL2A_20240510T183921_N0510_R070_T10SGF_20240511T002949 (Tile code: T10SGF)
2025-10-20 01:38:27,774 consumer #0 [INFO] Downloading 'S2A_MSIL2A_20240510T183921_N0510_R070_T10SGF_20240511T002949' (Tile: T10SGF)
2025-10-20 01:38:28,252 consumer #0 [ERROR] Error processing S2A_MSIL2A_20240510T183921_N0510_R070_T10SGF_20240511T002949: Token exchange failed: {"error":"invalid_grant","error_description":"Session not active"}
2025-10-20 01:38:28,253 consumer #0 [WARNING] Retrying S2A_MSIL2A_20240510T183921_N0510_R070_T10SGF_20240511T002949, remaining: 2
2025-10-20 01:38:28,253 consumer #0 [INFO] Processing feature: S2A_MSIL2A_20240510T183921_N0510_R070_T10SGF_20240511T002949 (Tile code: T10SGF)
2025-10-20 01:38:28,253 consumer #0 [INFO] Downloading 'S2A_MSIL2A_20240510T183921_N0510_R070_T10SGF_20240511T002949' (Tile: T10SGF)
2025-10-20 01:38:28,734 consumer #0 [ERROR] Error processing S2A_MSIL2A_20240510T183921_N0510_R070_T10SGF_20240511T002949: Token exchange failed: {"error":"invalid_grant","error_description":"Session not active"}
2025-10-20 01:38:28,735 consumer #0 [WARNING] Retrying S2A_MSIL2A_20240510T183921_N0510_R070_T10SGF_20240511T002949, remaining: 1
2025-10-20 01:38:28,735 consumer #0 [INFO] Processing feature: S2A_MSIL2A_20240510T183921_N0510_R070_T10SGF_20240511T002949 (Tile code: T10SGF)
2025-10-20 01:38:28,735 consumer #0 [INFO] Downloading 'S2A_MSIL2A_20240510T183921_N0510_R070_T10SGF_20240511T002949' (Tile: T10SGF)
2025-10-20 01:38:29,230 consumer #0 [ERROR] Error processing S2A_MSIL2A_20240510T183921_N0510_R070_T10SGF_20240511T002949: Token exchange failed: {"error":"invalid_grant","error_description":"Session not active"}
2025-10-20 01:38:29,231 consumer #0 [INFO] Processing feature: S2A_MSIL2A_20240520T183921_N0510_R070_T11SKA_20240521T011353 (Tile code: T11SKA)
2025-10-20 01:38:29,232 consumer #0 [INFO] Downloading 'S2A_MSIL2A_20240520T183921_N0510_R070_T11SKA_20240521T011353' (Tile: T11SKA)
2025-10-20 01:38:29,714 consumer #0 [ERROR] Error processing S2A_MSIL2A_20240520T183921_N0510_R070_T11SKA_20240521T011353: Token exchange failed: {"error":"invalid_grant","error_description":"Session not active"}
2025-10-20 01:38:29,715 consumer #0 [WARNING] Retrying S2A_MSIL2A_20240520T183921_N0510_R070_T11SKA_20240521T011353, remaining: 3
2025-10-20 01:38:29,715 consumer #0 [INFO] Processing feature: S2A_MSIL2A_20240520T183921_N0510_R070_T11SKA_20240521T011353 (Tile code: T11SKA)
2025-10-20 01:38:29,715 consumer #0 [INFO] Downloading 'S2A_MSIL2A_20240520T183921_N0510_R070_T11SKA_20240521T011353' (Tile: T11SKA)
2025-10-20 01:38:30,194 consumer #0 [ERROR] Error processing S2A_MSIL2A_20240520T183921_N0510_R070_T11SKA_20240521T011353: Token exchange failed: {"error":"invalid_grant","error_description":"Session not active"}
2025-10-20 01:38:30,195 consumer #0 [WARNING] Retrying S2A_MSIL2A_20240520T183921_N0510_R070_T11SKA_20240521T011353, remaining: 2
2025-10-20 01:38:30,195 consumer #0 [INFO] Processing feature: S2A_MSIL2A_20240520T183921_N0510_R070_T11SKA_20240521T011353 (Tile code: T11SKA)
2025-10-20 01:38:30,195 consumer #0 [INFO] Downloading 'S2A_MSIL2A_20240520T183921_N0510_R070_T11SKA_20240521T011353' (Tile: T11SKA)
2025-10-20 01:38:30,674 consumer #0 [ERROR] Error processing S2A_MSIL2A_20240520T183921_N0510_R070_T11SKA_20240521T011353: Token exchange failed: {"error":"invalid_grant","error_description":"Session not active"}
2025-10-20 01:38:30,675 consumer #0 [WARNING] Retrying S2A_MSIL2A_20240520T183921_N0510_R070_T11SKA_20240521T011353, remaining: 1
2025-10-20 01:38:30,675 consumer #0 [INFO] Processing feature: S2A_MSIL2A_20240520T183921_N0510_R070_T11SKA_20240521T011353 (Tile code: T11SKA)
2025-10-20 01:38:30,675 consumer #0 [INFO] Downloading 'S2A_MSIL2A_20240520T183921_N0510_R070_T11SKA_20240521T011353' (Tile: T11SKA)
2025-10-20 01:38:31,159 consumer #0 [ERROR] Error processing S2A_MSIL2A_20240520T183921_N0510_R070_T11SKA_20240521T011353: Token exchange failed: {"error":"invalid_grant","error_description":"Session not active"}
2025-10-20 01:38:31,161 consumer #0 [INFO] Processing feature: S2A_MSIL2A_20240520T183921_N0510_R070_T10SGF_20240521T011353 (Tile code: T10SGF)
2025-10-20 01:38:31,161 consumer #0 [INFO] Downloading 'S2A_MSIL2A_20240520T183921_N0510_R070_T10SGF_20240521T011353' (Tile: T10SGF)
2025-10-20 01:38:31,638 consumer #0 [ERROR] Error processing S2A_MSIL2A_20240520T183921_N0510_R070_T10SGF_20240521T011353: Token exchange failed: {"error":"invalid_grant","error_description":"Session not active"}
2025-10-20 01:38:31,639 consumer #0 [WARNING] Retrying S2A_MSIL2A_20240520T183921_N0510_R070_T10SGF_20240521T011353, remaining: 3
2025-10-20 01:38:31,639 consumer #0 [INFO] Processing feature: S2A_MSIL2A_20240520T183921_N0510_R070_T10SGF_20240521T011353 (Tile code: T10SGF)
2025-10-20 01:38:31,639 consumer #0 [INFO] Downloading 'S2A_MSIL2A_20240520T183921_N0510_R070_T10SGF_20240521T011353' (Tile: T10SGF)
2025-10-20 01:38:32,118 consumer #0 [ERROR] Error processing S2A_MSIL2A_20240520T183921_N0510_R070_T10SGF_20240521T011353: Token exchange failed: {"error":"invalid_grant","error_description":"Session not active"}
2025-10-20 01:38:32,119 consumer #0 [WARNING] Retrying S2A_MSIL2A_20240520T183921_N0510_R070_T10SGF_20240521T011353, remaining: 2
2025-10-20 01:38:32,119 consumer #0 [INFO] Processing feature: S2A_MSIL2A_20240520T183921_N0510_R070_T10SGF_20240521T011353 (Tile code: T10SGF)
2025-10-20 01:38:32,119 consumer #0 [INFO] Downloading 'S2A_MSIL2A_20240520T183921_N0510_R070_T10SGF_20240521T011353' (Tile: T10SGF)
2025-10-20 01:38:32,608 consumer #0 [ERROR] Error processing S2A_MSIL2A_20240520T183921_N0510_R070_T10SGF_20240521T011353: Token exchange failed: {"error":"invalid_grant","error_description":"Session not active"}
2025-10-20 01:38:32,610 consumer #0 [WARNING] Retrying S2A_MSIL2A_20240520T183921_N0510_R070_T10SGF_20240521T011353, remaining: 1
2025-10-20 01:38:32,610 consumer #0 [INFO] Processing feature: S2A_MSIL2A_20240520T183921_N0510_R070_T10SGF_20240521T011353 (Tile code: T10SGF)
2025-10-20 01:38:32,610 consumer #0 [INFO] Downloading 'S2A_MSIL2A_20240520T183921_N0510_R070_T10SGF_20240521T011353' (Tile: T10SGF)
2025-10-20 01:38:33,086 consumer #0 [ERROR] Error processing S2A_MSIL2A_20240520T183921_N0510_R070_T10SGF_20240521T011353: Token exchange failed: {"error":"invalid_grant","error_description":"Session not active"}
2025-10-20 01:38:33,088 consumer #0 [INFO] Processing feature: S2B_MSIL2A_20240525T183919_N0510_R070_T11SKA_20240525T220718 (Tile code: T11SKA)
2025-10-20 01:38:33,089 consumer #0 [INFO] Downloading 'S2B_MSIL2A_20240525T183919_N0510_R070_T11SKA_20240525T220718' (Tile: T11SKA)
2025-10-20 01:38:33,568 consumer #0 [ERROR] Error processing S2B_MSIL2A_20240525T183919_N0510_R070_T11SKA_20240525T220718: Token exchange failed: {"error":"invalid_grant","error_description":"Session not active"}
2025-10-20 01:38:33,568 consumer #0 [WARNING] Retrying S2B_MSIL2A_20240525T183919_N0510_R070_T11SKA_20240525T220718, remaining: 3
2025-10-20 01:38:33,568 consumer #0 [INFO] Processing feature: S2B_MSIL2A_20240525T183919_N0510_R070_T11SKA_20240525T220718 (Tile code: T11SKA)
2025-10-20 01:38:33,569 consumer #0 [INFO] Downloading 'S2B_MSIL2A_20240525T183919_N0510_R070_T11SKA_20240525T220718' (Tile: T11SKA)
2025-10-20 01:38:34,055 consumer #0 [ERROR] Error processing S2B_MSIL2A_20240525T183919_N0510_R070_T11SKA_20240525T220718: Token exchange failed: {"error":"invalid_grant","error_description":"Session not active"}
2025-10-20 01:38:34,055 consumer #0 [WARNING] Retrying S2B_MSIL2A_20240525T183919_N0510_R070_T11SKA_20240525T220718, remaining: 2
2025-10-20 01:38:34,055 consumer #0 [INFO] Processing feature: S2B_MSIL2A_20240525T183919_N0510_R070_T11SKA_20240525T220718 (Tile code: T11SKA)
2025-10-20 01:38:34,055 consumer #0 [INFO] Downloading 'S2B_MSIL2A_20240525T183919_N0510_R070_T11SKA_20240525T220718' (Tile: T11SKA)
2025-10-20 01:38:34,534 consumer #0 [ERROR] Error processing S2B_MSIL2A_20240525T183919_N0510_R070_T11SKA_20240525T220718: Token exchange failed: {"error":"invalid_grant","error_description":"Session not active"}
2025-10-20 01:38:34,535 consumer #0 [WARNING] Retrying S2B_MSIL2A_20240525T183919_N0510_R070_T11SKA_20240525T220718, remaining: 1
2025-10-20 01:38:34,535 consumer #0 [INFO] Processing feature: S2B_MSIL2A_20240525T183919_N0510_R070_T11SKA_20240525T220718 (Tile code: T11SKA)
2025-10-20 01:38:34,536 consumer #0 [INFO] Downloading 'S2B_MSIL2A_20240525T183919_N0510_R070_T11SKA_20240525T220718' (Tile: T11SKA)
2025-10-20 01:38:35,022 consumer #0 [ERROR] Error processing S2B_MSIL2A_20240525T183919_N0510_R070_T11SKA_20240525T220718: Token exchange failed: {"error":"invalid_grant","error_description":"Session not active"}
2025-10-20 01:38:35,023 consumer #0 [INFO] Processing feature: S2B_MSIL2A_20240525T183919_N0510_R070_T10SGF_20240525T220718 (Tile code: T10SGF)
2025-10-20 01:38:35,023 consumer #0 [INFO] Downloading 'S2B_MSIL2A_20240525T183919_N0510_R070_T10SGF_20240525T220718' (Tile: T10SGF)
2025-10-20 01:38:35,503 consumer #0 [ERROR] Error processing S2B_MSIL2A_20240525T183919_N0510_R070_T10SGF_20240525T220718: Token exchange failed: {"error":"invalid_grant","error_description":"Session not active"}
2025-10-20 01:38:35,503 consumer #0 [WARNING] Retrying S2B_MSIL2A_20240525T183919_N0510_R070_T10SGF_20240525T220718, remaining: 3
2025-10-20 01:38:35,504 consumer #0 [INFO] Processing feature: S2B_MSIL2A_20240525T183919_N0510_R070_T10SGF_20240525T220718 (Tile code: T10SGF)
2025-10-20 01:38:35,504 consumer #0 [INFO] Downloading 'S2B_MSIL2A_20240525T183919_N0510_R070_T10SGF_20240525T220718' (Tile: T10SGF)
2025-10-20 01:38:35,984 consumer #0 [ERROR] Error processing S2B_MSIL2A_20240525T183919_N0510_R070_T10SGF_20240525T220718: Token exchange failed: {"error":"invalid_grant","error_description":"Session not active"}
2025-10-20 01:38:35,985 consumer #0 [WARNING] Retrying S2B_MSIL2A_20240525T183919_N0510_R070_T10SGF_20240525T220718, remaining: 2
2025-10-20 01:38:35,986 consumer #0 [INFO] Processing feature: S2B_MSIL2A_20240525T183919_N0510_R070_T10SGF_20240525T220718 (Tile code: T10SGF)
2025-10-20 01:38:35,986 consumer #0 [INFO] Downloading 'S2B_MSIL2A_20240525T183919_N0510_R070_T10SGF_20240525T220718' (Tile: T10SGF)
2025-10-20 01:38:36,486 consumer #0 [ERROR] Error processing S2B_MSIL2A_20240525T183919_N0510_R070_T10SGF_20240525T220718: Token exchange failed: {"error":"invalid_grant","error_description":"Session not active"}
2025-10-20 01:38:36,487 consumer #0 [WARNING] Retrying S2B_MSIL2A_20240525T183919_N0510_R070_T10SGF_20240525T220718, remaining: 1
2025-10-20 01:38:36,488 consumer #0 [INFO] Processing feature: S2B_MSIL2A_20240525T183919_N0510_R070_T10SGF_20240525T220718 (Tile code: T10SGF)
2025-10-20 01:38:36,488 consumer #0 [INFO] Downloading 'S2B_MSIL2A_20240525T183919_N0510_R070_T10SGF_20240525T220718' (Tile: T10SGF)
2025-10-20 01:38:36,969 consumer #0 [ERROR] Error processing S2B_MSIL2A_20240525T183919_N0510_R070_T10SGF_20240525T220718: Token exchange failed: {"error":"invalid_grant","error_description":"Session not active"}
2025-10-20 01:38:36,970 consumer #0 [INFO] Processing feature: S2A_MSIL2A_20240530T183921_N0510_R070_T11SKA_20240531T012300 (Tile code: T11SKA)
2025-10-20 01:38:36,971 consumer #0 [INFO] Downloading 'S2A_MSIL2A_20240530T183921_N0510_R070_T11SKA_20240531T012300' (Tile: T11SKA)
2025-10-20 01:38:37,452 consumer #0 [ERROR] Error processing S2A_MSIL2A_20240530T183921_N0510_R070_T11SKA_20240531T012300: Token exchange failed: {"error":"invalid_grant","error_description":"Session not active"}
2025-10-20 01:38:37,453 consumer #0 [WARNING] Retrying S2A_MSIL2A_20240530T183921_N0510_R070_T11SKA_20240531T012300, remaining: 3
2025-10-20 01:38:37,453 consumer #0 [INFO] Processing feature: S2A_MSIL2A_20240530T183921_N0510_R070_T11SKA_20240531T012300 (Tile code: T11SKA)
2025-10-20 01:38:37,453 consumer #0 [INFO] Downloading 'S2A_MSIL2A_20240530T183921_N0510_R070_T11SKA_20240531T012300' (Tile: T11SKA)
2025-10-20 01:38:37,933 consumer #0 [ERROR] Error processing S2A_MSIL2A_20240530T183921_N0510_R070_T11SKA_20240531T012300: Token exchange failed: {"error":"invalid_grant","error_description":"Session not active"}
2025-10-20 01:38:37,934 consumer #0 [WARNING] Retrying S2A_MSIL2A_20240530T183921_N0510_R070_T11SKA_20240531T012300, remaining: 2
2025-10-20 01:38:37,934 consumer #0 [INFO] Processing feature: S2A_MSIL2A_20240530T183921_N0510_R070_T11SKA_20240531T012300 (Tile code: T11SKA)
2025-10-20 01:38:37,934 consumer #0 [INFO] Downloading 'S2A_MSIL2A_20240530T183921_N0510_R070_T11SKA_20240531T012300' (Tile: T11SKA)
2025-10-20 01:38:38,413 consumer #0 [ERROR] Error processing S2A_MSIL2A_20240530T183921_N0510_R070_T11SKA_20240531T012300: Token exchange failed: {"error":"invalid_grant","error_description":"Session not active"}
2025-10-20 01:38:38,414 consumer #0 [WARNING] Retrying S2A_MSIL2A_20240530T183921_N0510_R070_T11SKA_20240531T012300, remaining: 1
2025-10-20 01:38:38,414 consumer #0 [INFO] Processing feature: S2A_MSIL2A_20240530T183921_N0510_R070_T11SKA_20240531T012300 (Tile code: T11SKA)
2025-10-20 01:38:38,414 consumer #0 [INFO] Downloading 'S2A_MSIL2A_20240530T183921_N0510_R070_T11SKA_20240531T012300' (Tile: T11SKA)
2025-10-20 01:38:38,898 consumer #0 [ERROR] Error processing S2A_MSIL2A_20240530T183921_N0510_R070_T11SKA_20240531T012300: Token exchange failed: {"error":"invalid_grant","error_description":"Session not active"}
2025-10-20 01:38:38,900 consumer #0 [INFO] Processing feature: S2A_MSIL2A_20240530T183921_N0510_R070_T10SGF_20240531T012300 (Tile code: T10SGF)
2025-10-20 01:38:38,900 consumer #0 [INFO] Downloading 'S2A_MSIL2A_20240530T183921_N0510_R070_T10SGF_20240531T012300' (Tile: T10SGF)
2025-10-20 01:38:39,379 consumer #0 [ERROR] Error processing S2A_MSIL2A_20240530T183921_N0510_R070_T10SGF_20240531T012300: Token exchange failed: {"error":"invalid_grant","error_description":"Session not active"}
2025-10-20 01:38:39,380 consumer #0 [WARNING] Retrying S2A_MSIL2A_20240530T183921_N0510_R070_T10SGF_20240531T012300, remaining: 3
2025-10-20 01:38:39,380 consumer #0 [INFO] Processing feature: S2A_MSIL2A_20240530T183921_N0510_R070_T10SGF_20240531T012300 (Tile code: T10SGF)
2025-10-20 01:38:39,380 consumer #0 [INFO] Downloading 'S2A_MSIL2A_20240530T183921_N0510_R070_T10SGF_20240531T012300' (Tile: T10SGF)
2025-10-20 01:38:39,862 consumer #0 [ERROR] Error processing S2A_MSIL2A_20240530T183921_N0510_R070_T10SGF_20240531T012300: Token exchange failed: {"error":"invalid_grant","error_description":"Session not active"}
2025-10-20 01:38:39,862 consumer #0 [WARNING] Retrying S2A_MSIL2A_20240530T183921_N0510_R070_T10SGF_20240531T012300, remaining: 2
2025-10-20 01:38:39,863 consumer #0 [INFO] Processing feature: S2A_MSIL2A_20240530T183921_N0510_R070_T10SGF_20240531T012300 (Tile code: T10SGF)
2025-10-20 01:38:39,863 consumer #0 [INFO] Downloading 'S2A_MSIL2A_20240530T183921_N0510_R070_T10SGF_20240531T012300' (Tile: T10SGF)
2025-10-20 01:38:40,342 consumer #0 [ERROR] Error processing S2A_MSIL2A_20240530T183921_N0510_R070_T10SGF_20240531T012300: Token exchange failed: {"error":"invalid_grant","error_description":"Session not active"}
2025-10-20 01:38:40,343 consumer #0 [WARNING] Retrying S2A_MSIL2A_20240530T183921_N0510_R070_T10SGF_20240531T012300, remaining: 1
2025-10-20 01:38:40,343 consumer #0 [INFO] Processing feature: S2A_MSIL2A_20240530T183921_N0510_R070_T10SGF_20240531T012300 (Tile code: T10SGF)
2025-10-20 01:38:40,343 consumer #0 [INFO] Downloading 'S2A_MSIL2A_20240530T183921_N0510_R070_T10SGF_20240531T012300' (Tile: T10SGF)
2025-10-20 01:38:40,828 consumer #0 [ERROR] Error processing S2A_MSIL2A_20240530T183921_N0510_R070_T10SGF_20240531T012300: Token exchange failed: {"error":"invalid_grant","error_description":"Session not active"}
2025-10-20 01:39:35,487 consumer #0 [INFO] Processing ZIP to 6-band for 'S2B_MSIL2A_20240922T184009_N0511_R070_T11SKA_20240922T225505' (Tile: T11SKA)
2025-10-20 01:39:41,750 consumer #0 [INFO] Created 6-band GeoTIFF: CA_late_season_2024/2024-09-22/S2B_MSIL2A_20240922T184009_N0511_R070_T11SKA_20240922T225505.tif
2025-10-20 01:39:41,768 consumer #0 [INFO] Successfully processed 'S2B_MSIL2A_20240922T184009_N0511_R070_T11SKA_20240922T225505' -> CA_late_season_2024/2024-09-22/S2B_MSIL2A_20240922T184009_N0511_R070_T11SKA_20240922T225505.tif
2025-10-20 01:39:41,769 consumer #0 [INFO] Processing feature: S2A_MSIL2A_20240927T184141_N0511_R070_T11SKA_20240928T001951 (Tile code: T11SKA)
2025-10-20 01:39:41,769 consumer #0 [INFO] Downloading 'S2A_MSIL2A_20240927T184141_N0511_R070_T11SKA_20240928T001951' (Tile: T11SKA)
2025-10-20 01:39:51,758 consumer #1 [INFO] Processing ZIP to 6-band for 'S2B_MSIL2A_20240326T183929_N0510_R070_T10SGF_20240326T225901' (Tile: T10SGF)
2025-10-20 01:39:58,095 consumer #1 [INFO] Created 6-band GeoTIFF: CA_early_season_2024/2024-03-26/S2B_MSIL2A_20240326T183929_N0510_R070_T10SGF_20240326T225901.tif
2025-10-20 01:39:58,113 consumer #1 [INFO] Successfully processed 'S2B_MSIL2A_20240326T183929_N0510_R070_T10SGF_20240326T225901' -> CA_early_season_2024/2024-03-26/S2B_MSIL2A_20240326T183929_N0510_R070_T10SGF_20240326T225901.tif
2025-10-20 01:40:44,932 consumer #2 [INFO] Processing ZIP to 6-band for 'S2A_MSIL2A_20240927T184141_N0511_R070_T10SGF_20240928T001951' (Tile: T10SGF)
2025-10-20 01:40:49,095 consumer #2 [INFO] Created 6-band GeoTIFF: CA_late_season_2024/2024-09-27/S2A_MSIL2A_20240927T184141_N0511_R070_T10SGF_20240928T001951.tif
2025-10-20 01:40:49,107 consumer #2 [INFO] Successfully processed 'S2A_MSIL2A_20240927T184141_N0511_R070_T10SGF_20240928T001951' -> CA_late_season_2024/2024-09-27/S2A_MSIL2A_20240927T184141_N0511_R070_T10SGF_20240928T001951.tif
2025-10-20 01:40:49,108 consumer #2 [INFO] Processing feature: S2A_MSIL2A_20240927T184141_N0511_R070_T11SKA_20240928T001552 (Tile code: T11SKA)
2025-10-20 01:40:49,108 consumer #2 [INFO] Downloading 'S2A_MSIL2A_20240927T184141_N0511_R070_T11SKA_20240928T001552' (Tile: T11SKA)
2025-10-20 01:41:01,981 consumer #0 [INFO] Processing ZIP to 6-band for 'S2A_MSIL2A_20240927T184141_N0511_R070_T11SKA_20240928T001951' (Tile: T11SKA)
2025-10-20 01:41:04,725 consumer #3 [INFO] Processing ZIP to 6-band for 'S2A_MSIL2A_20240321T184041_N0510_R070_T10SGF_20240322T000054' (Tile: T10SGF)
2025-10-20 01:41:05,975 consumer #0 [INFO] Created 6-band GeoTIFF: CA_late_season_2024/2024-09-27/S2A_MSIL2A_20240927T184141_N0511_R070_T11SKA_20240928T001951.tif
2025-10-20 01:41:05,985 consumer #0 [INFO] Successfully processed 'S2A_MSIL2A_20240927T184141_N0511_R070_T11SKA_20240928T001951' -> CA_late_season_2024/2024-09-27/S2A_MSIL2A_20240927T184141_N0511_R070_T11SKA_20240928T001951.tif
2025-10-20 01:41:05,986 consumer #0 [INFO] Processing feature: S2A_MSIL2A_20240927T184141_N0511_R070_T10SGF_20240928T001552 (Tile code: T10SGF)
2025-10-20 01:41:05,986 consumer #0 [INFO] Downloading 'S2A_MSIL2A_20240927T184141_N0511_R070_T10SGF_20240928T001552' (Tile: T10SGF)
2025-10-20 01:41:10,754 consumer #3 [INFO] Created 6-band GeoTIFF: CA_early_season_2024/2024-03-21/S2A_MSIL2A_20240321T184041_N0510_R070_T10SGF_20240322T000054.tif
2025-10-20 01:41:10,767 consumer #3 [INFO] Successfully processed 'S2A_MSIL2A_20240321T184041_N0510_R070_T10SGF_20240322T000054' -> CA_early_season_2024/2024-03-21/S2A_MSIL2A_20240321T184041_N0510_R070_T10SGF_20240322T000054.tif
2025-10-20 01:41:58,115 MainThread [INFO] Checking thread statuses...
2025-10-20 01:42:15,300 consumer #1 [INFO] Processing ZIP to 6-band for 'S2A_MSIL2A_20240629T183921_N0510_R070_T10SGF_20240630T013100' (Tile: T10SGF)
2025-10-20 01:42:21,164 consumer #1 [INFO] Created 6-band GeoTIFF: CA_mid_season_2024/2024-06-29/S2A_MSIL2A_20240629T183921_N0510_R070_T10SGF_20240630T013100.tif
2025-10-20 01:42:21,180 consumer #1 [INFO] Successfully processed 'S2A_MSIL2A_20240629T183921_N0510_R070_T10SGF_20240630T013100' -> CA_mid_season_2024/2024-06-29/S2A_MSIL2A_20240629T183921_N0510_R070_T10SGF_20240630T013100.tif
2025-10-20 01:42:21,180 consumer #1 [INFO] Processing feature: S2A_MSIL2A_20240629T183921_N0510_R070_T11SKA_20240630T013100 (Tile code: T11SKA)
2025-10-20 01:42:21,180 consumer #1 [INFO] Downloading 'S2A_MSIL2A_20240629T183921_N0510_R070_T11SKA_20240630T013100' (Tile: T11SKA)
2025-10-20 01:43:22,076 consumer #0 [INFO] Processing ZIP to 6-band for 'S2B_MSIL2A_20240614T183919_N0510_R070_T10SGF_20240614T223610' (Tile: T10SGF)
2025-10-20 01:43:25,858 consumer #2 [INFO] Processing ZIP to 6-band for 'S2A_MSIL2A_20240927T184141_N0511_R070_T11SKA_20240928T001552' (Tile: T11SKA)
2025-10-20 01:43:28,269 consumer #0 [INFO] Created 6-band GeoTIFF: CA_mid_season_2024/2024-06-14/S2B_MSIL2A_20240614T183919_N0510_R070_T10SGF_20240614T223610.tif
2025-10-20 01:43:28,286 consumer #0 [INFO] Successfully processed 'S2B_MSIL2A_20240614T183919_N0510_R070_T10SGF_20240614T223610' -> CA_mid_season_2024/2024-06-14/S2B_MSIL2A_20240614T183919_N0510_R070_T10SGF_20240614T223610.tif
2025-10-20 01:43:28,287 consumer #0 [INFO] Processing feature: S2B_MSIL2A_20240704T183919_N0510_R070_T10SGF_20240704T212737 (Tile code: T10SGF)
2025-10-20 01:43:28,287 consumer #0 [INFO] Downloading 'S2B_MSIL2A_20240704T183919_N0510_R070_T10SGF_20240704T212737' (Tile: T10SGF)
2025-10-20 01:43:30,459 consumer #2 [INFO] Created 6-band GeoTIFF: CA_late_season_2024/2024-09-27/S2A_MSIL2A_20240927T184141_N0511_R070_T11SKA_20240928T001552.tif
2025-10-20 01:43:30,473 consumer #2 [INFO] Successfully processed 'S2A_MSIL2A_20240927T184141_N0511_R070_T11SKA_20240928T001552' -> CA_late_season_2024/2024-09-27/S2A_MSIL2A_20240927T184141_N0511_R070_T11SKA_20240928T001552.tif
2025-10-20 01:43:58,115 MainThread [INFO] Checking thread statuses...
2025-10-20 01:44:09,510 MainThread [INFO] Checking thread statuses...
2025-10-20 01:44:45,097 consumer #2 [INFO] Processing ZIP to 6-band for 'S2B_MSIL2A_20240614T183919_N0510_R070_T11SKA_20240614T223610' (Tile: T11SKA)
2025-10-20 01:44:50,967 consumer #2 [INFO] Created 6-band GeoTIFF: CA_mid_season_2024/2024-06-14/S2B_MSIL2A_20240614T183919_N0510_R070_T11SKA_20240614T223610.tif
2025-10-20 01:44:50,984 consumer #2 [INFO] Successfully processed 'S2B_MSIL2A_20240614T183919_N0510_R070_T11SKA_20240614T223610' -> CA_mid_season_2024/2024-06-14/S2B_MSIL2A_20240614T183919_N0510_R070_T11SKA_20240614T223610.tif
2025-10-20 01:44:50,984 consumer #2 [INFO] Processing feature: S2B_MSIL2A_20240704T183919_N0510_R070_T11SKA_20240704T212737 (Tile code: T11SKA)
2025-10-20 01:44:50,984 consumer #2 [INFO] Downloading 'S2B_MSIL2A_20240704T183919_N0510_R070_T11SKA_20240704T212737' (Tile: T11SKA)
2025-10-20 01:44:59,203 MainThread [INFO] Checking thread statuses...
2025-10-20 01:45:58,116 MainThread [INFO] Checking thread statuses...
2025-10-20 01:46:43,850 consumer #2 [INFO] Processing ZIP to 6-band for 'S2A_MSIL2A_20240321T184041_N0510_R070_T11SKA_20240322T000054' (Tile: T11SKA)
2025-10-20 01:46:50,056 consumer #2 [INFO] Created 6-band GeoTIFF: CA_early_season_2024/2024-03-21/S2A_MSIL2A_20240321T184041_N0510_R070_T11SKA_20240322T000054.tif
2025-10-20 01:46:50,067 consumer #2 [INFO] Successfully processed 'S2A_MSIL2A_20240321T184041_N0510_R070_T11SKA_20240322T000054' -> CA_early_season_2024/2024-03-21/S2A_MSIL2A_20240321T184041_N0510_R070_T11SKA_20240322T000054.tif
2025-10-20 01:46:50,116 MainThread [INFO] Summary: 4 processed, 0 skipped, 11 errors.
2025-10-20 01:47:47,914 consumer #2 [INFO] Processing ZIP to 6-band for 'S2B_MSIL2A_20240704T183919_N0510_R070_T11SKA_20240704T212737' (Tile: T11SKA)
2025-10-20 01:47:53,762 consumer #2 [INFO] Created 6-band GeoTIFF: CA_mid_season_2024/2024-07-04/S2B_MSIL2A_20240704T183919_N0510_R070_T11SKA_20240704T212737.tif
2025-10-20 01:47:53,774 consumer #2 [INFO] Successfully processed 'S2B_MSIL2A_20240704T183919_N0510_R070_T11SKA_20240704T212737' -> CA_mid_season_2024/2024-07-04/S2B_MSIL2A_20240704T183919_N0510_R070_T11SKA_20240704T212737.tif
2025-10-20 01:47:53,775 consumer #2 [INFO] Processing feature: S2A_MSIL2A_20240709T183921_N0510_R070_T11SKA_20240710T002450 (Tile code: T11SKA)
2025-10-20 01:47:53,775 consumer #2 [INFO] Downloading 'S2A_MSIL2A_20240709T183921_N0510_R070_T11SKA_20240710T002450' (Tile: T11SKA)
2025-10-20 01:47:55,116 consumer #1 [INFO] Processing ZIP to 6-band for 'S2A_MSIL2A_20240917T184031_N0511_R070_T10SGF_20240918T005327' (Tile: T10SGF)
2025-10-20 01:48:00,928 consumer #1 [INFO] Created 6-band GeoTIFF: CA_late_season_2024/2024-09-17/S2A_MSIL2A_20240917T184031_N0511_R070_T10SGF_20240918T005327.tif
2025-10-20 01:48:00,941 consumer #1 [INFO] Successfully processed 'S2A_MSIL2A_20240917T184031_N0511_R070_T10SGF_20240918T005327' -> CA_late_season_2024/2024-09-17/S2A_MSIL2A_20240917T184031_N0511_R070_T10SGF_20240918T005327.tif
2025-10-20 01:48:26,278 consumer #0 [INFO] Processing ZIP to 6-band for 'S2B_MSIL2A_20240704T183919_N0510_R070_T10SGF_20240704T212737' (Tile: T10SGF)
2025-10-20 01:48:32,207 consumer #0 [INFO] Created 6-band GeoTIFF: CA_mid_season_2024/2024-07-04/S2B_MSIL2A_20240704T183919_N0510_R070_T10SGF_20240704T212737.tif
2025-10-20 01:48:32,224 consumer #0 [INFO] Successfully processed 'S2B_MSIL2A_20240704T183919_N0510_R070_T10SGF_20240704T212737' -> CA_mid_season_2024/2024-07-04/S2B_MSIL2A_20240704T183919_N0510_R070_T10SGF_20240704T212737.tif
2025-10-20 01:48:32,226 consumer #0 [INFO] Processing feature: S2A_MSIL2A_20240709T183921_N0510_R070_T10SGF_20240710T002450 (Tile code: T10SGF)
2025-10-20 01:48:32,226 consumer #0 [INFO] Downloading 'S2A_MSIL2A_20240709T183921_N0510_R070_T10SGF_20240710T002450' (Tile: T10SGF)
2025-10-20 01:48:46,982 consumer #3 [INFO] Processing ZIP to 6-band for 'S2A_MSIL2A_20240619T183921_N0510_R070_T11SKA_20240620T005757' (Tile: T11SKA)
2025-10-20 01:48:52,711 consumer #3 [INFO] Created 6-band GeoTIFF: CA_mid_season_2024/2024-06-19/S2A_MSIL2A_20240619T183921_N0510_R070_T11SKA_20240620T005757.tif
2025-10-20 01:48:52,730 consumer #3 [INFO] Successfully processed 'S2A_MSIL2A_20240619T183921_N0510_R070_T11SKA_20240620T005757' -> CA_mid_season_2024/2024-06-19/S2A_MSIL2A_20240619T183921_N0510_R070_T11SKA_20240620T005757.tif
2025-10-20 01:48:52,731 consumer #3 [INFO] Processing feature: S2B_MSIL2A_20240714T183919_N0510_R070_T10SGF_20240714T213402 (Tile code: T10SGF)
2025-10-20 01:48:52,739 consumer #3 [INFO] Downloading 'S2B_MSIL2A_20240714T183919_N0510_R070_T10SGF_20240714T213402' (Tile: T10SGF)
2025-10-20 01:50:00,942 MainThread [INFO] Checking thread statuses...
2025-10-20 01:50:13,990 consumer #3 [INFO] Processing ZIP to 6-band for 'S2A_MSIL2A_20240917T184031_N0511_R070_T11SKA_20240918T005327' (Tile: T11SKA)
2025-10-20 01:50:19,784 consumer #3 [INFO] Created 6-band GeoTIFF: CA_late_season_2024/2024-09-17/S2A_MSIL2A_20240917T184031_N0511_R070_T11SKA_20240918T005327.tif
2025-10-20 01:50:19,806 consumer #3 [INFO] Successfully processed 'S2A_MSIL2A_20240917T184031_N0511_R070_T11SKA_20240918T005327' -> CA_late_season_2024/2024-09-17/S2A_MSIL2A_20240917T184031_N0511_R070_T11SKA_20240918T005327.tif
2025-10-20 01:52:00,943 MainThread [INFO] Checking thread statuses...
2025-10-20 01:52:17,373 consumer #1 [INFO] Processing ZIP to 6-band for 'S2A_MSIL2A_20240629T183921_N0510_R070_T11SKA_20240630T013100' (Tile: T11SKA)
2025-10-20 01:52:23,227 consumer #1 [INFO] Created 6-band GeoTIFF: CA_mid_season_2024/2024-06-29/S2A_MSIL2A_20240629T183921_N0510_R070_T11SKA_20240630T013100.tif
2025-10-20 01:52:23,254 consumer #1 [INFO] Successfully processed 'S2A_MSIL2A_20240629T183921_N0510_R070_T11SKA_20240630T013100' -> CA_mid_season_2024/2024-06-29/S2A_MSIL2A_20240629T183921_N0510_R070_T11SKA_20240630T013100.tif
2025-10-20 01:52:23,266 consumer #1 [INFO] Processing feature: S2A_MSIL2A_20240719T183921_N0510_R070_T11SKA_20240720T004450 (Tile code: T11SKA)
2025-10-20 01:52:23,267 consumer #1 [INFO] Downloading 'S2A_MSIL2A_20240719T183921_N0510_R070_T11SKA_20240720T004450' (Tile: T11SKA)
2025-10-20 01:52:59,204 MainThread [INFO] Checking thread statuses...
2025-10-20 01:53:45,331 consumer #1 [INFO] Processing ZIP to 6-band for 'S2A_MSIL2A_20240719T183921_N0510_R070_T11SKA_20240720T004450' (Tile: T11SKA)
2025-10-20 01:53:50,992 consumer #1 [INFO] Created 6-band GeoTIFF: CA_mid_season_2024/2024-07-19/S2A_MSIL2A_20240719T183921_N0510_R070_T11SKA_20240720T004450.tif
2025-10-20 01:53:51,104 consumer #1 [INFO] Successfully processed 'S2A_MSIL2A_20240719T183921_N0510_R070_T11SKA_20240720T004450' -> CA_mid_season_2024/2024-07-19/S2A_MSIL2A_20240719T183921_N0510_R070_T11SKA_20240720T004450.tif
2025-10-20 01:53:51,105 consumer #1 [INFO] Processing feature: S2A_MSIL2A_20240719T183921_N0510_R070_T10SGF_20240720T004450 (Tile code: T10SGF)
2025-10-20 01:53:51,105 consumer #1 [INFO] Downloading 'S2A_MSIL2A_20240719T183921_N0510_R070_T10SGF_20240720T004450' (Tile: T10SGF)
2025-10-20 01:54:00,943 MainThread [INFO] Checking thread statuses...
2025-10-20 01:55:07,998 consumer #0 [INFO] Processing ZIP to 6-band for 'S2A_MSIL2A_20240709T183921_N0510_R070_T10SGF_20240710T002450' (Tile: T10SGF)
2025-10-20 01:55:13,774 consumer #0 [INFO] Created 6-band GeoTIFF: CA_mid_season_2024/2024-07-09/S2A_MSIL2A_20240709T183921_N0510_R070_T10SGF_20240710T002450.tif
2025-10-20 01:55:13,804 consumer #0 [INFO] Successfully processed 'S2A_MSIL2A_20240709T183921_N0510_R070_T10SGF_20240710T002450' -> CA_mid_season_2024/2024-07-09/S2A_MSIL2A_20240709T183921_N0510_R070_T10SGF_20240710T002450.tif
2025-10-20 01:55:13,805 consumer #0 [INFO] Processing feature: S2A_MSIL2A_20240729T183921_N0511_R070_T10SGF_20240730T023050 (Tile code: T10SGF)
2025-10-20 01:55:13,805 consumer #0 [INFO] Downloading 'S2A_MSIL2A_20240729T183921_N0511_R070_T10SGF_20240730T023050' (Tile: T10SGF)
2025-10-20 01:56:00,944 MainThread [INFO] Checking thread statuses...
2025-10-20 01:56:31,936 consumer #0 [INFO] Processing ZIP to 6-band for 'S2A_MSIL2A_20240927T184141_N0511_R070_T10SGF_20240928T001552' (Tile: T10SGF)
2025-10-20 01:56:36,133 consumer #0 [INFO] Created 6-band GeoTIFF: CA_late_season_2024/2024-09-27/S2A_MSIL2A_20240927T184141_N0511_R070_T10SGF_20240928T001552.tif
2025-10-20 01:56:36,154 consumer #0 [INFO] Successfully processed 'S2A_MSIL2A_20240927T184141_N0511_R070_T10SGF_20240928T001552' -> CA_late_season_2024/2024-09-27/S2A_MSIL2A_20240927T184141_N0511_R070_T10SGF_20240928T001552.tif
2025-10-20 01:56:36,239 MainThread [INFO] Summary: 13 processed, 0 skipped, 0 errors.
2025-10-20 01:57:46,322 consumer #1 [INFO] Processing ZIP to 6-band for 'S2A_MSIL2A_20240719T183921_N0510_R070_T10SGF_20240720T004450' (Tile: T10SGF)
2025-10-20 01:57:52,477 consumer #1 [INFO] Created 6-band GeoTIFF: CA_mid_season_2024/2024-07-19/S2A_MSIL2A_20240719T183921_N0510_R070_T10SGF_20240720T004450.tif
2025-10-20 01:57:52,500 consumer #1 [INFO] Successfully processed 'S2A_MSIL2A_20240719T183921_N0510_R070_T10SGF_20240720T004450' -> CA_mid_season_2024/2024-07-19/S2A_MSIL2A_20240719T183921_N0510_R070_T10SGF_20240720T004450.tif
2025-10-20 01:57:52,500 consumer #1 [INFO] Processing feature: S2A_MSIL2A_20240729T183921_N0511_R070_T11SKA_20240730T023050 (Tile code: T11SKA)
2025-10-20 01:57:52,500 consumer #1 [INFO] Downloading 'S2A_MSIL2A_20240729T183921_N0511_R070_T11SKA_20240730T023050' (Tile: T11SKA)
2025-10-20 01:59:14,587 consumer #2 [INFO] Processing ZIP to 6-band for 'S2A_MSIL2A_20240709T183921_N0510_R070_T11SKA_20240710T002450' (Tile: T11SKA)
2025-10-20 01:59:20,290 consumer #2 [INFO] Created 6-band GeoTIFF: CA_mid_season_2024/2024-07-09/S2A_MSIL2A_20240709T183921_N0510_R070_T11SKA_20240710T002450.tif
2025-10-20 01:59:20,309 consumer #2 [INFO] Successfully processed 'S2A_MSIL2A_20240709T183921_N0510_R070_T11SKA_20240710T002450' -> CA_mid_season_2024/2024-07-09/S2A_MSIL2A_20240709T183921_N0510_R070_T11SKA_20240710T002450.tif
2025-10-20 01:59:20,309 consumer #2 [INFO] Processing feature: S2A_MSIL2A_20240808T183921_N0511_R070_T11SKA_20240809T012502 (Tile code: T11SKA)
2025-10-20 01:59:20,310 consumer #2 [INFO] Downloading 'S2A_MSIL2A_20240808T183921_N0511_R070_T11SKA_20240809T012502' (Tile: T11SKA)
2025-10-20 01:59:58,622 consumer #3 [INFO] Processing ZIP to 6-band for 'S2B_MSIL2A_20240714T183919_N0510_R070_T10SGF_20240714T213402' (Tile: T10SGF)
2025-10-20 02:00:04,761 consumer #3 [INFO] Created 6-band GeoTIFF: CA_mid_season_2024/2024-07-14/S2B_MSIL2A_20240714T183919_N0510_R070_T10SGF_20240714T213402.tif
2025-10-20 02:00:04,780 consumer #3 [INFO] Successfully processed 'S2B_MSIL2A_20240714T183919_N0510_R070_T10SGF_20240714T213402' -> CA_mid_season_2024/2024-07-14/S2B_MSIL2A_20240714T183919_N0510_R070_T10SGF_20240714T213402.tif
2025-10-20 02:00:04,781 consumer #3 [INFO] Processing feature: S2A_MSIL2A_20240808T183921_N0511_R070_T10SGF_20240809T012502 (Tile code: T10SGF)
2025-10-20 02:00:04,781 consumer #3 [INFO] Downloading 'S2A_MSIL2A_20240808T183921_N0511_R070_T10SGF_20240809T012502' (Tile: T10SGF)
2025-10-20 02:00:38,083 consumer #2 [INFO] Processing ZIP to 6-band for 'S2A_MSIL2A_20240808T183921_N0511_R070_T11SKA_20240809T012502' (Tile: T11SKA)
2025-10-20 02:00:44,175 consumer #2 [INFO] Created 6-band GeoTIFF: CA_mid_season_2024/2024-08-08/S2A_MSIL2A_20240808T183921_N0511_R070_T11SKA_20240809T012502.tif
2025-10-20 02:00:44,192 consumer #2 [INFO] Successfully processed 'S2A_MSIL2A_20240808T183921_N0511_R070_T11SKA_20240809T012502' -> CA_mid_season_2024/2024-08-08/S2A_MSIL2A_20240808T183921_N0511_R070_T11SKA_20240809T012502.tif
2025-10-20 02:00:44,192 consumer #2 [INFO] Processing feature: S2B_MSIL2A_20240813T183919_N0511_R070_T10SGF_20240813T224159 (Tile code: T10SGF)
2025-10-20 02:00:44,193 consumer #2 [INFO] Downloading 'S2B_MSIL2A_20240813T183919_N0511_R070_T10SGF_20240813T224159' (Tile: T10SGF)
2025-10-20 02:00:59,205 MainThread [INFO] Checking thread statuses...
2025-10-20 02:01:54,031 consumer #2 [INFO] Processing ZIP to 6-band for 'S2B_MSIL2A_20240813T183919_N0511_R070_T10SGF_20240813T224159' (Tile: T10SGF)
2025-10-20 02:01:59,605 consumer #2 [INFO] Created 6-band GeoTIFF: CA_mid_season_2024/2024-08-13/S2B_MSIL2A_20240813T183919_N0511_R070_T10SGF_20240813T224159.tif
2025-10-20 02:01:59,622 consumer #2 [INFO] Successfully processed 'S2B_MSIL2A_20240813T183919_N0511_R070_T10SGF_20240813T224159' -> CA_mid_season_2024/2024-08-13/S2B_MSIL2A_20240813T183919_N0511_R070_T10SGF_20240813T224159.tif
2025-10-20 02:01:59,623 consumer #2 [INFO] Processing feature: S2B_MSIL2A_20240813T183919_N0511_R070_T11SKA_20240813T224159 (Tile code: T11SKA)
2025-10-20 02:01:59,639 consumer #2 [INFO] Downloading 'S2B_MSIL2A_20240813T183919_N0511_R070_T11SKA_20240813T224159' (Tile: T11SKA)
2025-10-20 02:03:07,315 consumer #2 [INFO] Processing ZIP to 6-band for 'S2B_MSIL2A_20240813T183919_N0511_R070_T11SKA_20240813T224159' (Tile: T11SKA)
2025-10-20 02:03:12,855 consumer #2 [INFO] Created 6-band GeoTIFF: CA_mid_season_2024/2024-08-13/S2B_MSIL2A_20240813T183919_N0511_R070_T11SKA_20240813T224159.tif
2025-10-20 02:03:12,871 consumer #2 [INFO] Successfully processed 'S2B_MSIL2A_20240813T183919_N0511_R070_T11SKA_20240813T224159' -> CA_mid_season_2024/2024-08-13/S2B_MSIL2A_20240813T183919_N0511_R070_T11SKA_20240813T224159.tif
2025-10-20 02:03:12,871 consumer #2 [INFO] Processing feature: S2A_MSIL2A_20240818T183921_N0511_R070_T10SGF_20240819T015050 (Tile code: T10SGF)
2025-10-20 02:03:12,872 consumer #2 [INFO] Downloading 'S2A_MSIL2A_20240818T183921_N0511_R070_T10SGF_20240819T015050' (Tile: T10SGF)
2025-10-20 02:03:29,267 consumer #0 [INFO] Processing ZIP to 6-band for 'S2A_MSIL2A_20240729T183921_N0511_R070_T10SGF_20240730T023050' (Tile: T10SGF)
2025-10-20 02:03:34,857 consumer #0 [INFO] Created 6-band GeoTIFF: CA_mid_season_2024/2024-07-29/S2A_MSIL2A_20240729T183921_N0511_R070_T10SGF_20240730T023050.tif
2025-10-20 02:03:34,872 consumer #0 [INFO] Successfully processed 'S2A_MSIL2A_20240729T183921_N0511_R070_T10SGF_20240730T023050' -> CA_mid_season_2024/2024-07-29/S2A_MSIL2A_20240729T183921_N0511_R070_T10SGF_20240730T023050.tif
2025-10-20 02:03:34,873 consumer #0 [INFO] Processing feature: S2A_MSIL2A_20240818T183921_N0511_R070_T11SKA_20240819T015050 (Tile code: T11SKA)
2025-10-20 02:03:34,873 consumer #0 [INFO] Downloading 'S2A_MSIL2A_20240818T183921_N0511_R070_T11SKA_20240819T015050' (Tile: T11SKA)
2025-10-20 02:04:38,506 consumer #2 [INFO] Processing ZIP to 6-band for 'S2A_MSIL2A_20240818T183921_N0511_R070_T10SGF_20240819T015050' (Tile: T10SGF)
2025-10-20 02:04:44,038 consumer #2 [INFO] Created 6-band GeoTIFF: CA_mid_season_2024/2024-08-18/S2A_MSIL2A_20240818T183921_N0511_R070_T10SGF_20240819T015050.tif
2025-10-20 02:04:44,059 consumer #2 [INFO] Successfully processed 'S2A_MSIL2A_20240818T183921_N0511_R070_T10SGF_20240819T015050' -> CA_mid_season_2024/2024-08-18/S2A_MSIL2A_20240818T183921_N0511_R070_T10SGF_20240819T015050.tif
2025-10-20 02:04:44,059 consumer #2 [INFO] Processing feature: S2A_MSIL2A_20240828T183921_N0511_R070_T11SKA_20240829T011944 (Tile code: T11SKA)
2025-10-20 02:04:44,060 consumer #2 [INFO] Downloading 'S2A_MSIL2A_20240828T183921_N0511_R070_T11SKA_20240829T011944' (Tile: T11SKA)
2025-10-20 02:06:37,404 consumer #2 [INFO] Processing ZIP to 6-band for 'S2A_MSIL2A_20240828T183921_N0511_R070_T11SKA_20240829T011944' (Tile: T11SKA)
2025-10-20 02:06:43,159 consumer #2 [INFO] Created 6-band GeoTIFF: CA_mid_season_2024/2024-08-28/S2A_MSIL2A_20240828T183921_N0511_R070_T11SKA_20240829T011944.tif
2025-10-20 02:06:43,177 consumer #2 [INFO] Successfully processed 'S2A_MSIL2A_20240828T183921_N0511_R070_T11SKA_20240829T011944' -> CA_mid_season_2024/2024-08-28/S2A_MSIL2A_20240828T183921_N0511_R070_T11SKA_20240829T011944.tif
2025-10-20 02:06:43,177 consumer #2 [INFO] Processing feature: S2A_MSIL2A_20240828T183921_N0511_R070_T10SGF_20240829T011944 (Tile code: T10SGF)
2025-10-20 02:06:43,178 consumer #2 [INFO] Downloading 'S2A_MSIL2A_20240828T183921_N0511_R070_T10SGF_20240829T011944' (Tile: T10SGF)
2025-10-20 02:08:08,051 consumer #1 [INFO] Processing ZIP to 6-band for 'S2A_MSIL2A_20240729T183921_N0511_R070_T11SKA_20240730T023050' (Tile: T11SKA)
2025-10-20 02:08:13,549 consumer #1 [INFO] Created 6-band GeoTIFF: CA_mid_season_2024/2024-07-29/S2A_MSIL2A_20240729T183921_N0511_R070_T11SKA_20240730T023050.tif
2025-10-20 02:08:13,566 consumer #1 [INFO] Successfully processed 'S2A_MSIL2A_20240729T183921_N0511_R070_T11SKA_20240730T023050' -> CA_mid_season_2024/2024-07-29/S2A_MSIL2A_20240729T183921_N0511_R070_T11SKA_20240730T023050.tif
2025-10-20 02:08:47,777 consumer #2 [INFO] Processing ZIP to 6-band for 'S2A_MSIL2A_20240828T183921_N0511_R070_T10SGF_20240829T011944' (Tile: T10SGF)
2025-10-20 02:08:53,214 consumer #2 [INFO] Created 6-band GeoTIFF: CA_mid_season_2024/2024-08-28/S2A_MSIL2A_20240828T183921_N0511_R070_T10SGF_20240829T011944.tif
2025-10-20 02:08:53,226 consumer #2 [INFO] Successfully processed 'S2A_MSIL2A_20240828T183921_N0511_R070_T10SGF_20240829T011944' -> CA_mid_season_2024/2024-08-28/S2A_MSIL2A_20240828T183921_N0511_R070_T10SGF_20240829T011944.tif
2025-10-20 02:08:59,206 MainThread [INFO] Checking thread statuses...
2025-10-20 02:12:15,762 consumer #0 [INFO] Processing ZIP to 6-band for 'S2A_MSIL2A_20240818T183921_N0511_R070_T11SKA_20240819T015050' (Tile: T11SKA)
2025-10-20 02:12:21,464 consumer #0 [INFO] Created 6-band GeoTIFF: CA_mid_season_2024/2024-08-18/S2A_MSIL2A_20240818T183921_N0511_R070_T11SKA_20240819T015050.tif
2025-10-20 02:12:21,475 consumer #0 [INFO] Successfully processed 'S2A_MSIL2A_20240818T183921_N0511_R070_T11SKA_20240819T015050' -> CA_mid_season_2024/2024-08-18/S2A_MSIL2A_20240818T183921_N0511_R070_T11SKA_20240819T015050.tif
2025-10-20 02:12:59,207 MainThread [INFO] Checking thread statuses...
2025-10-20 02:13:10,276 consumer #3 [INFO] Processing ZIP to 6-band for 'S2A_MSIL2A_20240808T183921_N0511_R070_T10SGF_20240809T012502' (Tile: T10SGF)
2025-10-20 02:13:16,058 consumer #3 [INFO] Created 6-band GeoTIFF: CA_mid_season_2024/2024-08-08/S2A_MSIL2A_20240808T183921_N0511_R070_T10SGF_20240809T012502.tif
2025-10-20 02:13:16,070 consumer #3 [INFO] Successfully processed 'S2A_MSIL2A_20240808T183921_N0511_R070_T10SGF_20240809T012502' -> CA_mid_season_2024/2024-08-08/S2A_MSIL2A_20240808T183921_N0511_R070_T10SGF_20240809T012502.tif
2025-10-20 02:13:16,089 MainThread [INFO] Summary: 27 processed, 0 skipped, 0 errors.
2025-10-20 14:58:33,978 MainThread [INFO] Logging to file: /bigdata/eldawylab/sdas050/MS_Research/scripts/sentinel2_downloader.log
2025-10-20 14:58:34,189 MainThread [INFO] Checking thread statuses...
2025-10-20 14:58:54,558 consumer #2 [INFO] Processing feature: S2A_MSIL2A_20240311T184151_N0510_R070_T11SKA_20240311T234450 (Tile code: T11SKA)
2025-10-20 14:58:54,562 consumer #2 [INFO] Downloading 'S2A_MSIL2A_20240311T184151_N0510_R070_T11SKA_20240311T234450' (Tile: T11SKA)
2025-10-20 14:59:10,897 consumer #0 [INFO] Processing feature: S2A_MSIL2A_20240321T184041_N0510_R070_T10SGF_20240322T000054 (Tile code: T10SGF)
2025-10-20 14:59:10,899 consumer #0 [INFO] Downloading 'S2A_MSIL2A_20240321T184041_N0510_R070_T10SGF_20240322T000054' (Tile: T10SGF)
2025-10-20 14:59:10,903 consumer #3 [INFO] Processing feature: S2A_MSIL2A_20240321T184041_N0510_R070_T11SKA_20240322T000054 (Tile code: T11SKA)
2025-10-20 14:59:10,904 consumer #3 [INFO] Downloading 'S2A_MSIL2A_20240321T184041_N0510_R070_T11SKA_20240322T000054' (Tile: T11SKA)
2025-10-20 14:59:18,558 consumer #1 [INFO] Processing feature: S2B_MSIL2A_20240326T183929_N0510_R070_T10SGF_20240326T225901 (Tile code: T10SGF)
2025-10-20 14:59:18,559 consumer #1 [INFO] Downloading 'S2B_MSIL2A_20240326T183929_N0510_R070_T10SGF_20240326T225901' (Tile: T10SGF)
2025-10-20 15:01:05,288 consumer #3 [INFO] Processing ZIP to 6-band for 'S2A_MSIL2A_20240321T184041_N0510_R070_T11SKA_20240322T000054' (Tile: T11SKA)
2025-10-20 15:01:08,886 consumer #2 [INFO] Processing ZIP to 6-band for 'S2A_MSIL2A_20240311T184151_N0510_R070_T11SKA_20240311T234450' (Tile: T11SKA)
2025-10-20 15:01:12,051 consumer #3 [INFO] Created 6-band GeoTIFF: CA_early_season_2024/2024-03-21/S2A_MSIL2A_20240321T184041_N0510_R070_T11SKA_20240322T000054.tif
2025-10-20 15:01:12,094 consumer #3 [INFO] Successfully processed 'S2A_MSIL2A_20240321T184041_N0510_R070_T11SKA_20240322T000054' -> CA_early_season_2024/2024-03-21/S2A_MSIL2A_20240321T184041_N0510_R070_T11SKA_20240322T000054.tif
2025-10-20 15:01:12,096 consumer #3 [INFO] Processing feature: S2B_MSIL2A_20240326T183929_N0510_R070_T11SKA_20240326T225901 (Tile code: T11SKA)
2025-10-20 15:01:12,096 consumer #3 [INFO] Downloading 'S2B_MSIL2A_20240326T183929_N0510_R070_T11SKA_20240326T225901' (Tile: T11SKA)
2025-10-20 15:01:17,746 consumer #2 [INFO] Created 6-band GeoTIFF: CA_early_season_2024/2024-03-11/S2A_MSIL2A_20240311T184151_N0510_R070_T11SKA_20240311T234450.tif
2025-10-20 15:01:17,797 consumer #2 [INFO] Successfully processed 'S2A_MSIL2A_20240311T184151_N0510_R070_T11SKA_20240311T234450' -> CA_early_season_2024/2024-03-11/S2A_MSIL2A_20240311T184151_N0510_R070_T11SKA_20240311T234450.tif
2025-10-20 15:01:17,799 consumer #2 [INFO] Processing feature: S2A_MSIL2A_20240430T183921_N0510_R070_T10SGF_20240501T002051 (Tile code: T10SGF)
2025-10-20 15:01:17,799 consumer #2 [INFO] Downloading 'S2A_MSIL2A_20240430T183921_N0510_R070_T10SGF_20240501T002051' (Tile: T10SGF)
2025-10-20 15:01:33,569 consumer #0 [INFO] Processing ZIP to 6-band for 'S2A_MSIL2A_20240321T184041_N0510_R070_T10SGF_20240322T000054' (Tile: T10SGF)
2025-10-20 15:01:39,767 consumer #0 [INFO] Created 6-band GeoTIFF: CA_early_season_2024/2024-03-21/S2A_MSIL2A_20240321T184041_N0510_R070_T10SGF_20240322T000054.tif
2025-10-20 15:01:39,790 consumer #0 [INFO] Successfully processed 'S2A_MSIL2A_20240321T184041_N0510_R070_T10SGF_20240322T000054' -> CA_early_season_2024/2024-03-21/S2A_MSIL2A_20240321T184041_N0510_R070_T10SGF_20240322T000054.tif
2025-10-20 15:01:39,792 consumer #0 [INFO] Processing feature: S2A_MSIL2A_20240430T183921_N0510_R070_T11SKA_20240501T002051 (Tile code: T11SKA)
2025-10-20 15:01:39,793 consumer #0 [INFO] Downloading 'S2A_MSIL2A_20240430T183921_N0510_R070_T11SKA_20240501T002051' (Tile: T11SKA)
2025-10-20 15:01:43,365 consumer #1 [INFO] Processing ZIP to 6-band for 'S2B_MSIL2A_20240326T183929_N0510_R070_T10SGF_20240326T225901' (Tile: T10SGF)
2025-10-20 15:01:49,536 consumer #1 [INFO] Created 6-band GeoTIFF: CA_early_season_2024/2024-03-26/S2B_MSIL2A_20240326T183929_N0510_R070_T10SGF_20240326T225901.tif
2025-10-20 15:01:49,561 consumer #1 [INFO] Successfully processed 'S2B_MSIL2A_20240326T183929_N0510_R070_T10SGF_20240326T225901' -> CA_early_season_2024/2024-03-26/S2B_MSIL2A_20240326T183929_N0510_R070_T10SGF_20240326T225901.tif
2025-10-20 15:01:49,563 consumer #1 [INFO] Processing feature: S2A_MSIL2A_20240510T183921_N0510_R070_T11SKA_20240511T002949 (Tile code: T11SKA)
2025-10-20 15:01:49,564 consumer #1 [INFO] Downloading 'S2A_MSIL2A_20240510T183921_N0510_R070_T11SKA_20240511T002949' (Tile: T11SKA)
2025-10-20 15:02:27,428 consumer #3 [INFO] Processing ZIP to 6-band for 'S2B_MSIL2A_20240326T183929_N0510_R070_T11SKA_20240326T225901' (Tile: T11SKA)
2025-10-20 15:02:28,630 consumer #2 [INFO] Processing ZIP to 6-band for 'S2A_MSIL2A_20240430T183921_N0510_R070_T10SGF_20240501T002051' (Tile: T10SGF)
2025-10-20 15:02:33,676 consumer #3 [INFO] Created 6-band GeoTIFF: CA_early_season_2024/2024-03-26/S2B_MSIL2A_20240326T183929_N0510_R070_T11SKA_20240326T225901.tif
2025-10-20 15:02:33,705 consumer #3 [INFO] Successfully processed 'S2B_MSIL2A_20240326T183929_N0510_R070_T11SKA_20240326T225901' -> CA_early_season_2024/2024-03-26/S2B_MSIL2A_20240326T183929_N0510_R070_T11SKA_20240326T225901.tif
2025-10-20 15:02:33,721 consumer #3 [INFO] Processing feature: S2A_MSIL2A_20240510T183921_N0510_R070_T10SGF_20240511T002949 (Tile code: T10SGF)
2025-10-20 15:02:33,730 consumer #3 [INFO] Downloading 'S2A_MSIL2A_20240510T183921_N0510_R070_T10SGF_20240511T002949' (Tile: T10SGF)
2025-10-20 15:02:38,099 consumer #2 [INFO] Created 6-band GeoTIFF: CA_early_season_2024/2024-04-30/S2A_MSIL2A_20240430T183921_N0510_R070_T10SGF_20240501T002051.tif
2025-10-20 15:02:38,121 consumer #2 [INFO] Successfully processed 'S2A_MSIL2A_20240430T183921_N0510_R070_T10SGF_20240501T002051' -> CA_early_season_2024/2024-04-30/S2A_MSIL2A_20240430T183921_N0510_R070_T10SGF_20240501T002051.tif
2025-10-20 15:02:38,122 consumer #2 [INFO] Processing feature: S2A_MSIL2A_20240520T183921_N0510_R070_T11SKA_20240521T011353 (Tile code: T11SKA)
2025-10-20 15:02:38,122 consumer #2 [INFO] Downloading 'S2A_MSIL2A_20240520T183921_N0510_R070_T11SKA_20240521T011353' (Tile: T11SKA)
2025-10-20 15:03:26,185 consumer #1 [INFO] Processing ZIP to 6-band for 'S2A_MSIL2A_20240510T183921_N0510_R070_T11SKA_20240511T002949' (Tile: T11SKA)
2025-10-20 15:03:32,186 consumer #1 [INFO] Created 6-band GeoTIFF: CA_early_season_2024/2024-05-10/S2A_MSIL2A_20240510T183921_N0510_R070_T11SKA_20240511T002949.tif
2025-10-20 15:03:32,238 consumer #1 [INFO] Successfully processed 'S2A_MSIL2A_20240510T183921_N0510_R070_T11SKA_20240511T002949' -> CA_early_season_2024/2024-05-10/S2A_MSIL2A_20240510T183921_N0510_R070_T11SKA_20240511T002949.tif
2025-10-20 15:03:32,238 consumer #1 [INFO] Processing feature: S2A_MSIL2A_20240520T183921_N0510_R070_T10SGF_20240521T011353 (Tile code: T10SGF)
2025-10-20 15:03:32,239 consumer #1 [INFO] Downloading 'S2A_MSIL2A_20240520T183921_N0510_R070_T10SGF_20240521T011353' (Tile: T10SGF)
2025-10-20 15:03:38,231 consumer #0 [INFO] Processing ZIP to 6-band for 'S2A_MSIL2A_20240430T183921_N0510_R070_T11SKA_20240501T002051' (Tile: T11SKA)
2025-10-20 15:03:44,029 consumer #0 [INFO] Created 6-band GeoTIFF: CA_early_season_2024/2024-04-30/S2A_MSIL2A_20240430T183921_N0510_R070_T11SKA_20240501T002051.tif
2025-10-20 15:03:44,048 consumer #0 [INFO] Successfully processed 'S2A_MSIL2A_20240430T183921_N0510_R070_T11SKA_20240501T002051' -> CA_early_season_2024/2024-04-30/S2A_MSIL2A_20240430T183921_N0510_R070_T11SKA_20240501T002051.tif
2025-10-20 15:03:44,049 consumer #0 [INFO] Processing feature: S2B_MSIL2A_20240525T183919_N0510_R070_T10SGF_20240525T220718 (Tile code: T10SGF)
2025-10-20 15:03:44,049 consumer #0 [INFO] Downloading 'S2B_MSIL2A_20240525T183919_N0510_R070_T10SGF_20240525T220718' (Tile: T10SGF)
2025-10-20 15:03:46,502 consumer #3 [INFO] Processing ZIP to 6-band for 'S2A_MSIL2A_20240510T183921_N0510_R070_T10SGF_20240511T002949' (Tile: T10SGF)
2025-10-20 15:03:52,317 consumer #3 [INFO] Created 6-band GeoTIFF: CA_early_season_2024/2024-05-10/S2A_MSIL2A_20240510T183921_N0510_R070_T10SGF_20240511T002949.tif
2025-10-20 15:03:52,339 consumer #3 [INFO] Successfully processed 'S2A_MSIL2A_20240510T183921_N0510_R070_T10SGF_20240511T002949' -> CA_early_season_2024/2024-05-10/S2A_MSIL2A_20240510T183921_N0510_R070_T10SGF_20240511T002949.tif
2025-10-20 15:03:52,339 consumer #3 [INFO] Processing feature: S2B_MSIL2A_20240525T183919_N0510_R070_T11SKA_20240525T220718 (Tile code: T11SKA)
2025-10-20 15:03:52,340 consumer #3 [INFO] Downloading 'S2B_MSIL2A_20240525T183919_N0510_R070_T11SKA_20240525T220718' (Tile: T11SKA)
2025-10-20 15:04:20,131 consumer #2 [INFO] Processing ZIP to 6-band for 'S2A_MSIL2A_20240520T183921_N0510_R070_T11SKA_20240521T011353' (Tile: T11SKA)
2025-10-20 15:04:26,038 consumer #2 [INFO] Created 6-band GeoTIFF: CA_early_season_2024/2024-05-20/S2A_MSIL2A_20240520T183921_N0510_R070_T11SKA_20240521T011353.tif
2025-10-20 15:04:26,057 consumer #2 [INFO] Successfully processed 'S2A_MSIL2A_20240520T183921_N0510_R070_T11SKA_20240521T011353' -> CA_early_season_2024/2024-05-20/S2A_MSIL2A_20240520T183921_N0510_R070_T11SKA_20240521T011353.tif
2025-10-20 15:04:26,057 consumer #2 [INFO] Processing feature: S2A_MSIL2A_20240530T183921_N0510_R070_T11SKA_20240531T012300 (Tile code: T11SKA)
2025-10-20 15:04:26,058 consumer #2 [INFO] Downloading 'S2A_MSIL2A_20240530T183921_N0510_R070_T11SKA_20240531T012300' (Tile: T11SKA)
2025-10-20 15:05:00,791 consumer #0 [INFO] Processing ZIP to 6-band for 'S2B_MSIL2A_20240525T183919_N0510_R070_T10SGF_20240525T220718' (Tile: T10SGF)
2025-10-20 15:05:06,589 consumer #0 [INFO] Created 6-band GeoTIFF: CA_early_season_2024/2024-05-25/S2B_MSIL2A_20240525T183919_N0510_R070_T10SGF_20240525T220718.tif
2025-10-20 15:05:06,606 consumer #0 [INFO] Successfully processed 'S2B_MSIL2A_20240525T183919_N0510_R070_T10SGF_20240525T220718' -> CA_early_season_2024/2024-05-25/S2B_MSIL2A_20240525T183919_N0510_R070_T10SGF_20240525T220718.tif
2025-10-20 15:05:06,606 consumer #0 [INFO] Processing feature: S2A_MSIL2A_20240530T183921_N0510_R070_T10SGF_20240531T012300 (Tile code: T10SGF)
2025-10-20 15:05:06,607 consumer #0 [INFO] Downloading 'S2A_MSIL2A_20240530T183921_N0510_R070_T10SGF_20240531T012300' (Tile: T10SGF)
2025-10-20 15:05:17,920 consumer #1 [INFO] Processing ZIP to 6-band for 'S2A_MSIL2A_20240520T183921_N0510_R070_T10SGF_20240521T011353' (Tile: T10SGF)
2025-10-20 15:05:23,689 consumer #1 [INFO] Created 6-band GeoTIFF: CA_early_season_2024/2024-05-20/S2A_MSIL2A_20240520T183921_N0510_R070_T10SGF_20240521T011353.tif
2025-10-20 15:05:23,719 consumer #1 [INFO] Successfully processed 'S2A_MSIL2A_20240520T183921_N0510_R070_T10SGF_20240521T011353' -> CA_early_season_2024/2024-05-20/S2A_MSIL2A_20240520T183921_N0510_R070_T10SGF_20240521T011353.tif
2025-10-20 15:05:23,837 consumer #3 [INFO] Processing ZIP to 6-band for 'S2B_MSIL2A_20240525T183919_N0510_R070_T11SKA_20240525T220718' (Tile: T11SKA)
2025-10-20 15:05:29,556 consumer #3 [INFO] Created 6-band GeoTIFF: CA_early_season_2024/2024-05-25/S2B_MSIL2A_20240525T183919_N0510_R070_T11SKA_20240525T220718.tif
2025-10-20 15:05:29,571 consumer #3 [INFO] Successfully processed 'S2B_MSIL2A_20240525T183919_N0510_R070_T11SKA_20240525T220718' -> CA_early_season_2024/2024-05-25/S2B_MSIL2A_20240525T183919_N0510_R070_T11SKA_20240525T220718.tif
2025-10-20 15:05:42,717 consumer #2 [INFO] Processing ZIP to 6-band for 'S2A_MSIL2A_20240530T183921_N0510_R070_T11SKA_20240531T012300' (Tile: T11SKA)
2025-10-20 15:05:48,524 consumer #2 [INFO] Created 6-band GeoTIFF: CA_early_season_2024/2024-05-30/S2A_MSIL2A_20240530T183921_N0510_R070_T11SKA_20240531T012300.tif
2025-10-20 15:05:48,535 consumer #2 [INFO] Successfully processed 'S2A_MSIL2A_20240530T183921_N0510_R070_T11SKA_20240531T012300' -> CA_early_season_2024/2024-05-30/S2A_MSIL2A_20240530T183921_N0510_R070_T11SKA_20240531T012300.tif
2025-10-20 15:05:48,536 MainThread [INFO] Checking thread statuses...
2025-10-20 15:06:22,179 consumer #0 [INFO] Processing ZIP to 6-band for 'S2A_MSIL2A_20240530T183921_N0510_R070_T10SGF_20240531T012300' (Tile: T10SGF)
2025-10-20 15:06:27,973 consumer #0 [INFO] Created 6-band GeoTIFF: CA_early_season_2024/2024-05-30/S2A_MSIL2A_20240530T183921_N0510_R070_T10SGF_20240531T012300.tif
2025-10-20 15:06:27,985 consumer #0 [INFO] Successfully processed 'S2A_MSIL2A_20240530T183921_N0510_R070_T10SGF_20240531T012300' -> CA_early_season_2024/2024-05-30/S2A_MSIL2A_20240530T183921_N0510_R070_T10SGF_20240531T012300.tif
2025-10-20 15:06:27,999 MainThread [INFO] Summary: 15 processed, 0 skipped, 0 errors.
2025-10-24 11:14:35,430 MainThread [INFO] Logging to file: /bigdata/eldawylab/sdas050/MS_Research/scripts/sentinel2_downloader.log
2025-10-24 11:14:35,594 MainThread [INFO] Checking thread statuses...
2025-10-24 11:14:45,702 consumer #1 [INFO] Processing feature: S2B_MSIL2A_20240305T173109_N0510_R055_T13SFR_20240305T220011 (Tile code: T13SFR)
2025-10-24 11:14:45,706 consumer #0 [INFO] Processing feature: S2B_MSIL2A_20240305T173109_N0510_R055_T13SGR_20240305T220011 (Tile code: T13SGR)
2025-10-24 11:14:45,706 consumer #1 [INFO] Downloading 'S2B_MSIL2A_20240305T173109_N0510_R055_T13SFR_20240305T220011' (Tile: T13SFR)
2025-10-24 11:14:45,708 consumer #0 [INFO] Downloading 'S2B_MSIL2A_20240305T173109_N0510_R055_T13SGR_20240305T220011' (Tile: T13SGR)
2025-10-24 11:14:45,714 consumer #3 [INFO] Processing feature: S2B_MSIL2A_20240305T173109_N0510_R055_T13SGS_20240305T220011 (Tile code: T13SGS)
2025-10-24 11:14:45,714 consumer #3 [INFO] Downloading 'S2B_MSIL2A_20240305T173109_N0510_R055_T13SGS_20240305T220011' (Tile: T13SGS)
2025-10-24 11:14:45,718 consumer #2 [INFO] Processing feature: S2B_MSIL2A_20240305T173109_N0510_R055_T14SKA_20240305T220011 (Tile code: T14SKA)
2025-10-24 11:14:45,719 consumer #2 [INFO] Downloading 'S2B_MSIL2A_20240305T173109_N0510_R055_T14SKA_20240305T220011' (Tile: T14SKA)
2025-10-24 11:15:37,560 consumer #2 [INFO] Processing ZIP to 6-band for 'S2B_MSIL2A_20240305T173109_N0510_R055_T14SKA_20240305T220011' (Tile: T14SKA)
2025-10-24 11:15:41,104 consumer #2 [INFO] Created 6-band GeoTIFF: TX_early_season_2024/2024-03-05/S2B_MSIL2A_20240305T173109_N0510_R055_T14SKA_20240305T220011.tif
2025-10-24 11:15:41,142 consumer #2 [INFO] Successfully processed 'S2B_MSIL2A_20240305T173109_N0510_R055_T14SKA_20240305T220011' -> TX_early_season_2024/2024-03-05/S2B_MSIL2A_20240305T173109_N0510_R055_T14SKA_20240305T220011.tif
2025-10-24 11:15:41,145 consumer #2 [INFO] Processing feature: S2A_MSIL2A_20240310T173131_N0510_R055_T13SFT_20240310T232252 (Tile code: T13SFT)
2025-10-24 11:15:41,145 consumer #2 [INFO] Downloading 'S2A_MSIL2A_20240310T173131_N0510_R055_T13SFT_20240310T232252' (Tile: T13SFT)
2025-10-24 11:16:22,508 consumer #3 [INFO] Processing ZIP to 6-band for 'S2B_MSIL2A_20240305T173109_N0510_R055_T13SGS_20240305T220011' (Tile: T13SGS)
2025-10-24 11:16:27,990 consumer #3 [INFO] Created 6-band GeoTIFF: TX_early_season_2024/2024-03-05/S2B_MSIL2A_20240305T173109_N0510_R055_T13SGS_20240305T220011.tif
2025-10-24 11:16:28,019 consumer #3 [INFO] Successfully processed 'S2B_MSIL2A_20240305T173109_N0510_R055_T13SGS_20240305T220011' -> TX_early_season_2024/2024-03-05/S2B_MSIL2A_20240305T173109_N0510_R055_T13SGS_20240305T220011.tif
2025-10-24 11:16:28,021 consumer #3 [INFO] Processing feature: S2A_MSIL2A_20240310T173131_N0510_R055_T14SKC_20240310T232252 (Tile code: T14SKC)
2025-10-24 11:16:28,021 consumer #3 [INFO] Downloading 'S2A_MSIL2A_20240310T173131_N0510_R055_T14SKC_20240310T232252' (Tile: T14SKC)
2025-10-24 11:16:53,407 consumer #1 [INFO] Processing ZIP to 6-band for 'S2B_MSIL2A_20240305T173109_N0510_R055_T13SFR_20240305T220011' (Tile: T13SFR)
2025-10-24 11:16:58,989 consumer #1 [INFO] Created 6-band GeoTIFF: TX_early_season_2024/2024-03-05/S2B_MSIL2A_20240305T173109_N0510_R055_T13SFR_20240305T220011.tif
2025-10-24 11:16:59,023 consumer #1 [INFO] Successfully processed 'S2B_MSIL2A_20240305T173109_N0510_R055_T13SFR_20240305T220011' -> TX_early_season_2024/2024-03-05/S2B_MSIL2A_20240305T173109_N0510_R055_T13SFR_20240305T220011.tif
2025-10-24 11:16:59,025 consumer #1 [INFO] Processing feature: S2A_MSIL2A_20240310T173131_N0510_R055_T13SGT_20240310T232252 (Tile code: T13SGT)
2025-10-24 11:16:59,025 consumer #1 [INFO] Downloading 'S2A_MSIL2A_20240310T173131_N0510_R055_T13SGT_20240310T232252' (Tile: T13SGT)
2025-10-24 11:17:49,924 consumer #2 [INFO] Processing ZIP to 6-band for 'S2A_MSIL2A_20240310T173131_N0510_R055_T13SFT_20240310T232252' (Tile: T13SFT)
2025-10-24 11:17:55,663 consumer #2 [INFO] Created 6-band GeoTIFF: TX_early_season_2024/2024-03-10/S2A_MSIL2A_20240310T173131_N0510_R055_T13SFT_20240310T232252.tif
2025-10-24 11:17:55,684 consumer #2 [INFO] Successfully processed 'S2A_MSIL2A_20240310T173131_N0510_R055_T13SFT_20240310T232252' -> TX_early_season_2024/2024-03-10/S2A_MSIL2A_20240310T173131_N0510_R055_T13SFT_20240310T232252.tif
2025-10-24 11:17:55,685 consumer #2 [INFO] Processing feature: S2B_MSIL2A_20240322T171909_N0510_R012_T13SGT_20240322T213501 (Tile code: T13SGT)
2025-10-24 11:17:55,687 consumer #2 [INFO] Downloading 'S2B_MSIL2A_20240322T171909_N0510_R012_T13SGT_20240322T213501' (Tile: T13SGT)
2025-10-24 11:19:42,363 consumer #1 [INFO] Processing ZIP to 6-band for 'S2A_MSIL2A_20240310T173131_N0510_R055_T13SGT_20240310T232252' (Tile: T13SGT)
2025-10-24 11:19:48,044 consumer #1 [INFO] Created 6-band GeoTIFF: TX_early_season_2024/2024-03-10/S2A_MSIL2A_20240310T173131_N0510_R055_T13SGT_20240310T232252.tif
2025-10-24 11:19:48,075 consumer #1 [INFO] Successfully processed 'S2A_MSIL2A_20240310T173131_N0510_R055_T13SGT_20240310T232252' -> TX_early_season_2024/2024-03-10/S2A_MSIL2A_20240310T173131_N0510_R055_T13SGT_20240310T232252.tif
2025-10-24 11:19:48,076 consumer #1 [INFO] Processing feature: S2B_MSIL2A_20240322T171909_N0510_R012_T13SGS_20240322T213501 (Tile code: T13SGS)
2025-10-24 11:19:48,086 consumer #1 [INFO] Downloading 'S2B_MSIL2A_20240322T171909_N0510_R012_T13SGS_20240322T213501' (Tile: T13SGS)
2025-10-24 11:19:52,590 consumer #2 [INFO] Processing ZIP to 6-band for 'S2B_MSIL2A_20240322T171909_N0510_R012_T13SGT_20240322T213501' (Tile: T13SGT)
2025-10-24 11:19:55,432 consumer #2 [INFO] Created 6-band GeoTIFF: TX_early_season_2024/2024-03-22/S2B_MSIL2A_20240322T171909_N0510_R012_T13SGT_20240322T213501.tif
2025-10-24 11:19:55,457 consumer #2 [INFO] Successfully processed 'S2B_MSIL2A_20240322T171909_N0510_R012_T13SGT_20240322T213501' -> TX_early_season_2024/2024-03-22/S2B_MSIL2A_20240322T171909_N0510_R012_T13SGT_20240322T213501.tif
2025-10-24 11:19:55,458 consumer #2 [INFO] Processing feature: S2B_MSIL2A_20240322T171909_N0510_R012_T13SGR_20240322T213501 (Tile code: T13SGR)
2025-10-24 11:19:55,458 consumer #2 [INFO] Downloading 'S2B_MSIL2A_20240322T171909_N0510_R012_T13SGR_20240322T213501' (Tile: T13SGR)
2025-10-24 11:20:26,417 consumer #1 [INFO] Processing ZIP to 6-band for 'S2B_MSIL2A_20240322T171909_N0510_R012_T13SGS_20240322T213501' (Tile: T13SGS)
2025-10-24 11:20:29,890 consumer #1 [INFO] Created 6-band GeoTIFF: TX_early_season_2024/2024-03-22/S2B_MSIL2A_20240322T171909_N0510_R012_T13SGS_20240322T213501.tif
2025-10-24 11:20:29,909 consumer #1 [INFO] Successfully processed 'S2B_MSIL2A_20240322T171909_N0510_R012_T13SGS_20240322T213501' -> TX_early_season_2024/2024-03-22/S2B_MSIL2A_20240322T171909_N0510_R012_T13SGS_20240322T213501.tif
2025-10-24 11:20:29,910 consumer #1 [INFO] Processing feature: S2B_MSIL2A_20240322T171909_N0510_R012_T14SKA_20240322T213501 (Tile code: T14SKA)
2025-10-24 11:20:29,910 consumer #1 [INFO] Downloading 'S2B_MSIL2A_20240322T171909_N0510_R012_T14SKA_20240322T213501' (Tile: T14SKA)
2025-10-24 11:22:08,294 consumer #2 [INFO] Processing ZIP to 6-band for 'S2B_MSIL2A_20240322T171909_N0510_R012_T13SGR_20240322T213501' (Tile: T13SGR)
2025-10-24 11:22:12,812 consumer #2 [INFO] Created 6-band GeoTIFF: TX_early_season_2024/2024-03-22/S2B_MSIL2A_20240322T171909_N0510_R012_T13SGR_20240322T213501.tif
2025-10-24 11:22:12,833 consumer #2 [INFO] Successfully processed 'S2B_MSIL2A_20240322T171909_N0510_R012_T13SGR_20240322T213501' -> TX_early_season_2024/2024-03-22/S2B_MSIL2A_20240322T171909_N0510_R012_T13SGR_20240322T213501.tif
2025-10-24 11:22:12,834 consumer #2 [INFO] Processing feature: S2B_MSIL2A_20240322T171909_N0510_R012_T14SKC_20240322T213501 (Tile code: T14SKC)
2025-10-24 11:22:12,834 consumer #2 [INFO] Downloading 'S2B_MSIL2A_20240322T171909_N0510_R012_T14SKC_20240322T213501' (Tile: T14SKC)
2025-10-24 11:22:58,930 consumer #1 [INFO] Processing ZIP to 6-band for 'S2B_MSIL2A_20240322T171909_N0510_R012_T14SKA_20240322T213501' (Tile: T14SKA)
2025-10-24 11:23:04,591 consumer #1 [INFO] Created 6-band GeoTIFF: TX_early_season_2024/2024-03-22/S2B_MSIL2A_20240322T171909_N0510_R012_T14SKA_20240322T213501.tif
2025-10-24 11:23:04,609 consumer #1 [INFO] Successfully processed 'S2B_MSIL2A_20240322T171909_N0510_R012_T14SKA_20240322T213501' -> TX_early_season_2024/2024-03-22/S2B_MSIL2A_20240322T171909_N0510_R012_T14SKA_20240322T213501.tif
2025-10-24 11:23:04,609 consumer #1 [INFO] Processing feature: S2B_MSIL2A_20240322T171909_N0510_R012_T14SKB_20240322T213501 (Tile code: T14SKB)
2025-10-24 11:23:04,609 consumer #1 [INFO] Downloading 'S2B_MSIL2A_20240322T171909_N0510_R012_T14SKB_20240322T213501' (Tile: T14SKB)
2025-10-24 11:24:32,350 consumer #1 [INFO] Processing ZIP to 6-band for 'S2B_MSIL2A_20240322T171909_N0510_R012_T14SKB_20240322T213501' (Tile: T14SKB)
2025-10-24 11:24:35,596 MainThread [INFO] Checking thread statuses...
2025-10-24 11:24:37,930 consumer #1 [INFO] Created 6-band GeoTIFF: TX_early_season_2024/2024-03-22/S2B_MSIL2A_20240322T171909_N0510_R012_T14SKB_20240322T213501.tif
2025-10-24 11:24:37,954 consumer #1 [INFO] Successfully processed 'S2B_MSIL2A_20240322T171909_N0510_R012_T14SKB_20240322T213501' -> TX_early_season_2024/2024-03-22/S2B_MSIL2A_20240322T171909_N0510_R012_T14SKB_20240322T213501.tif
2025-10-24 11:24:37,954 consumer #1 [INFO] Processing feature: S2A_MSIL2A_20240327T171931_N0510_R012_T13SGR_20240328T002159 (Tile code: T13SGR)
2025-10-24 11:24:37,956 consumer #1 [INFO] Downloading 'S2A_MSIL2A_20240327T171931_N0510_R012_T13SGR_20240328T002159' (Tile: T13SGR)
2025-10-24 11:24:40,439 consumer #2 [INFO] Processing ZIP to 6-band for 'S2B_MSIL2A_20240322T171909_N0510_R012_T14SKC_20240322T213501' (Tile: T14SKC)
2025-10-24 11:24:45,090 consumer #2 [INFO] Created 6-band GeoTIFF: TX_early_season_2024/2024-03-22/S2B_MSIL2A_20240322T171909_N0510_R012_T14SKC_20240322T213501.tif
2025-10-24 11:24:45,108 consumer #2 [INFO] Successfully processed 'S2B_MSIL2A_20240322T171909_N0510_R012_T14SKC_20240322T213501' -> TX_early_season_2024/2024-03-22/S2B_MSIL2A_20240322T171909_N0510_R012_T14SKC_20240322T213501.tif
2025-10-24 11:24:45,108 consumer #2 [INFO] Processing feature: S2A_MSIL2A_20240327T171931_N0510_R012_T14SKA_20240328T002159 (Tile code: T14SKA)
2025-10-24 11:24:45,124 consumer #2 [INFO] Downloading 'S2A_MSIL2A_20240327T171931_N0510_R012_T14SKA_20240328T002159' (Tile: T14SKA)
2025-10-24 11:26:04,725 consumer #1 [INFO] Processing ZIP to 6-band for 'S2A_MSIL2A_20240327T171931_N0510_R012_T13SGR_20240328T002159' (Tile: T13SGR)
2025-10-24 11:26:09,170 consumer #1 [INFO] Created 6-band GeoTIFF: TX_early_season_2024/2024-03-27/S2A_MSIL2A_20240327T171931_N0510_R012_T13SGR_20240328T002159.tif
2025-10-24 11:26:09,190 consumer #1 [INFO] Successfully processed 'S2A_MSIL2A_20240327T171931_N0510_R012_T13SGR_20240328T002159' -> TX_early_season_2024/2024-03-27/S2A_MSIL2A_20240327T171931_N0510_R012_T13SGR_20240328T002159.tif
2025-10-24 11:26:09,191 consumer #1 [INFO] Processing feature: S2B_MSIL2A_20240404T172859_N0510_R055_T14SKA_20240405T003335 (Tile code: T14SKA)
2025-10-24 11:26:09,191 consumer #1 [INFO] Downloading 'S2B_MSIL2A_20240404T172859_N0510_R055_T14SKA_20240405T003335' (Tile: T14SKA)
2025-10-24 11:27:08,809 consumer #2 [INFO] Processing ZIP to 6-band for 'S2A_MSIL2A_20240327T171931_N0510_R012_T14SKA_20240328T002159' (Tile: T14SKA)
2025-10-24 11:27:14,361 consumer #2 [INFO] Created 6-band GeoTIFF: TX_early_season_2024/2024-03-27/S2A_MSIL2A_20240327T171931_N0510_R012_T14SKA_20240328T002159.tif
2025-10-24 11:27:14,381 consumer #2 [INFO] Successfully processed 'S2A_MSIL2A_20240327T171931_N0510_R012_T14SKA_20240328T002159' -> TX_early_season_2024/2024-03-27/S2A_MSIL2A_20240327T171931_N0510_R012_T14SKA_20240328T002159.tif
2025-10-24 11:27:14,382 consumer #2 [INFO] Processing feature: S2B_MSIL2A_20240404T172859_N0510_R055_T14SKB_20240405T003335 (Tile code: T14SKB)
2025-10-24 11:27:14,382 consumer #2 [INFO] Downloading 'S2B_MSIL2A_20240404T172859_N0510_R055_T14SKB_20240405T003335' (Tile: T14SKB)
2025-10-24 11:27:36,862 consumer #1 [INFO] Processing ZIP to 6-band for 'S2B_MSIL2A_20240404T172859_N0510_R055_T14SKA_20240405T003335' (Tile: T14SKA)
2025-10-24 11:27:39,949 consumer #1 [INFO] Created 6-band GeoTIFF: TX_early_season_2024/2024-04-04/S2B_MSIL2A_20240404T172859_N0510_R055_T14SKA_20240405T003335.tif
2025-10-24 11:27:39,966 consumer #1 [INFO] Successfully processed 'S2B_MSIL2A_20240404T172859_N0510_R055_T14SKA_20240405T003335' -> TX_early_season_2024/2024-04-04/S2B_MSIL2A_20240404T172859_N0510_R055_T14SKA_20240405T003335.tif
2025-10-24 11:27:39,967 consumer #1 [INFO] Processing feature: S2B_MSIL2A_20240404T172859_N0510_R055_T13SFT_20240405T003335 (Tile code: T13SFT)
2025-10-24 11:27:39,967 consumer #1 [INFO] Downloading 'S2B_MSIL2A_20240404T172859_N0510_R055_T13SFT_20240405T003335' (Tile: T13SFT)
2025-10-24 11:28:00,654 consumer #2 [INFO] Processing ZIP to 6-band for 'S2B_MSIL2A_20240404T172859_N0510_R055_T14SKB_20240405T003335' (Tile: T14SKB)
2025-10-24 11:28:04,675 consumer #2 [INFO] Created 6-band GeoTIFF: TX_early_season_2024/2024-04-04/S2B_MSIL2A_20240404T172859_N0510_R055_T14SKB_20240405T003335.tif
2025-10-24 11:28:04,697 consumer #2 [INFO] Successfully processed 'S2B_MSIL2A_20240404T172859_N0510_R055_T14SKB_20240405T003335' -> TX_early_season_2024/2024-04-04/S2B_MSIL2A_20240404T172859_N0510_R055_T14SKB_20240405T003335.tif
2025-10-24 11:28:04,698 consumer #2 [INFO] Processing feature: S2B_MSIL2A_20240404T172859_N0510_R055_T13SGS_20240405T003335 (Tile code: T13SGS)
2025-10-24 11:28:04,698 consumer #2 [INFO] Downloading 'S2B_MSIL2A_20240404T172859_N0510_R055_T13SGS_20240405T003335' (Tile: T13SGS)
2025-10-24 11:29:39,705 consumer #2 [INFO] Processing ZIP to 6-band for 'S2B_MSIL2A_20240404T172859_N0510_R055_T13SGS_20240405T003335' (Tile: T13SGS)
2025-10-24 11:29:45,347 consumer #2 [INFO] Created 6-band GeoTIFF: TX_early_season_2024/2024-04-04/S2B_MSIL2A_20240404T172859_N0510_R055_T13SGS_20240405T003335.tif
2025-10-24 11:29:45,365 consumer #2 [INFO] Successfully processed 'S2B_MSIL2A_20240404T172859_N0510_R055_T13SGS_20240405T003335' -> TX_early_season_2024/2024-04-04/S2B_MSIL2A_20240404T172859_N0510_R055_T13SGS_20240405T003335.tif
2025-10-24 11:29:45,366 consumer #2 [INFO] Processing feature: S2B_MSIL2A_20240404T172859_N0510_R055_T13SFR_20240405T003335 (Tile code: T13SFR)
2025-10-24 11:29:45,378 consumer #2 [INFO] Downloading 'S2B_MSIL2A_20240404T172859_N0510_R055_T13SFR_20240405T003335' (Tile: T13SFR)
2025-10-24 11:30:23,066 consumer #3 [INFO] Processing ZIP to 6-band for 'S2A_MSIL2A_20240310T173131_N0510_R055_T14SKC_20240310T232252' (Tile: T14SKC)
2025-10-24 11:30:28,168 consumer #3 [INFO] Created 6-band GeoTIFF: TX_early_season_2024/2024-03-10/S2A_MSIL2A_20240310T173131_N0510_R055_T14SKC_20240310T232252.tif
2025-10-24 11:30:28,188 consumer #3 [INFO] Successfully processed 'S2A_MSIL2A_20240310T173131_N0510_R055_T14SKC_20240310T232252' -> TX_early_season_2024/2024-03-10/S2A_MSIL2A_20240310T173131_N0510_R055_T14SKC_20240310T232252.tif
2025-10-24 11:30:28,189 consumer #3 [INFO] Processing feature: S2B_MSIL2A_20240404T172859_N0510_R055_T14SKC_20240405T003335 (Tile code: T14SKC)
2025-10-24 11:30:28,190 consumer #3 [INFO] Downloading 'S2B_MSIL2A_20240404T172859_N0510_R055_T14SKC_20240405T003335' (Tile: T14SKC)
2025-10-24 11:30:29,954 consumer #0 [INFO] Processing ZIP to 6-band for 'S2B_MSIL2A_20240305T173109_N0510_R055_T13SGR_20240305T220011' (Tile: T13SGR)
2025-10-24 11:30:35,356 consumer #0 [INFO] Created 6-band GeoTIFF: TX_early_season_2024/2024-03-05/S2B_MSIL2A_20240305T173109_N0510_R055_T13SGR_20240305T220011.tif
2025-10-24 11:30:35,373 consumer #0 [INFO] Successfully processed 'S2B_MSIL2A_20240305T173109_N0510_R055_T13SGR_20240305T220011' -> TX_early_season_2024/2024-03-05/S2B_MSIL2A_20240305T173109_N0510_R055_T13SGR_20240305T220011.tif
2025-10-24 11:30:35,374 consumer #0 [INFO] Processing feature: S2B_MSIL2A_20240404T172859_N0510_R055_T13SGR_20240405T003335 (Tile code: T13SGR)
2025-10-24 11:30:35,375 consumer #0 [INFO] Downloading 'S2B_MSIL2A_20240404T172859_N0510_R055_T13SGR_20240405T003335' (Tile: T13SGR)
2025-10-24 11:31:55,681 consumer #3 [INFO] Processing ZIP to 6-band for 'S2B_MSIL2A_20240404T172859_N0510_R055_T14SKC_20240405T003335' (Tile: T14SKC)
2025-10-24 11:31:56,250 consumer #0 [INFO] Processing ZIP to 6-band for 'S2B_MSIL2A_20240404T172859_N0510_R055_T13SGR_20240405T003335' (Tile: T13SGR)
2025-10-24 11:32:02,058 consumer #3 [INFO] Created 6-band GeoTIFF: TX_early_season_2024/2024-04-04/S2B_MSIL2A_20240404T172859_N0510_R055_T14SKC_20240405T003335.tif
2025-10-24 11:32:02,084 consumer #3 [INFO] Successfully processed 'S2B_MSIL2A_20240404T172859_N0510_R055_T14SKC_20240405T003335' -> TX_early_season_2024/2024-04-04/S2B_MSIL2A_20240404T172859_N0510_R055_T14SKC_20240405T003335.tif
2025-10-24 11:32:02,090 consumer #3 [INFO] Processing feature: S2B_MSIL2A_20240404T172859_N0510_R055_T13SFS_20240405T003335 (Tile code: T13SFS)
2025-10-24 11:32:02,094 consumer #3 [INFO] Downloading 'S2B_MSIL2A_20240404T172859_N0510_R055_T13SFS_20240405T003335' (Tile: T13SFS)
2025-10-24 11:32:05,451 consumer #0 [INFO] Created 6-band GeoTIFF: TX_early_season_2024/2024-04-04/S2B_MSIL2A_20240404T172859_N0510_R055_T13SGR_20240405T003335.tif
2025-10-24 11:32:05,506 consumer #0 [INFO] Successfully processed 'S2B_MSIL2A_20240404T172859_N0510_R055_T13SGR_20240405T003335' -> TX_early_season_2024/2024-04-04/S2B_MSIL2A_20240404T172859_N0510_R055_T13SGR_20240405T003335.tif
2025-10-24 11:32:05,506 consumer #0 [INFO] Processing feature: S2B_MSIL2A_20240404T172859_N0510_R055_T13SGT_20240405T003335 (Tile code: T13SGT)
2025-10-24 11:32:05,507 consumer #0 [INFO] Downloading 'S2B_MSIL2A_20240404T172859_N0510_R055_T13SGT_20240405T003335' (Tile: T13SGT)
2025-10-24 11:32:35,597 MainThread [INFO] Checking thread statuses...
2025-10-24 11:33:28,555 consumer #3 [INFO] Processing ZIP to 6-band for 'S2B_MSIL2A_20240404T172859_N0510_R055_T13SFS_20240405T003335' (Tile: T13SFS)
2025-10-24 11:33:34,439 consumer #3 [INFO] Created 6-band GeoTIFF: TX_early_season_2024/2024-04-04/S2B_MSIL2A_20240404T172859_N0510_R055_T13SFS_20240405T003335.tif
2025-10-24 11:33:34,470 consumer #3 [INFO] Successfully processed 'S2B_MSIL2A_20240404T172859_N0510_R055_T13SFS_20240405T003335' -> TX_early_season_2024/2024-04-04/S2B_MSIL2A_20240404T172859_N0510_R055_T13SFS_20240405T003335.tif
2025-10-24 11:33:34,470 consumer #3 [INFO] Processing feature: S2A_MSIL2A_20240406T171851_N0510_R012_T13SGT_20240407T003451 (Tile code: T13SGT)
2025-10-24 11:33:34,481 consumer #3 [INFO] Downloading 'S2A_MSIL2A_20240406T171851_N0510_R012_T13SGT_20240407T003451' (Tile: T13SGT)
2025-10-24 11:33:34,577 consumer #0 [INFO] Processing ZIP to 6-band for 'S2B_MSIL2A_20240404T172859_N0510_R055_T13SGT_20240405T003335' (Tile: T13SGT)
2025-10-24 11:33:37,792 consumer #1 [INFO] Processing ZIP to 6-band for 'S2B_MSIL2A_20240404T172859_N0510_R055_T13SFT_20240405T003335' (Tile: T13SFT)
2025-10-24 11:33:40,466 consumer #0 [INFO] Created 6-band GeoTIFF: TX_early_season_2024/2024-04-04/S2B_MSIL2A_20240404T172859_N0510_R055_T13SGT_20240405T003335.tif
2025-10-24 11:33:40,485 consumer #0 [INFO] Successfully processed 'S2B_MSIL2A_20240404T172859_N0510_R055_T13SGT_20240405T003335' -> TX_early_season_2024/2024-04-04/S2B_MSIL2A_20240404T172859_N0510_R055_T13SGT_20240405T003335.tif
2025-10-24 11:33:40,486 consumer #0 [INFO] Processing feature: S2A_MSIL2A_20240406T171851_N0510_R012_T13SGS_20240407T003451 (Tile code: T13SGS)
2025-10-24 11:33:40,487 consumer #0 [INFO] Downloading 'S2A_MSIL2A_20240406T171851_N0510_R012_T13SGS_20240407T003451' (Tile: T13SGS)
2025-10-24 11:33:45,946 consumer #1 [INFO] Created 6-band GeoTIFF: TX_early_season_2024/2024-04-04/S2B_MSIL2A_20240404T172859_N0510_R055_T13SFT_20240405T003335.tif
2025-10-24 11:33:45,964 consumer #1 [INFO] Successfully processed 'S2B_MSIL2A_20240404T172859_N0510_R055_T13SFT_20240405T003335' -> TX_early_season_2024/2024-04-04/S2B_MSIL2A_20240404T172859_N0510_R055_T13SFT_20240405T003335.tif
2025-10-24 11:33:45,964 consumer #1 [INFO] Processing feature: S2A_MSIL2A_20240406T171851_N0510_R012_T14SKC_20240407T003451 (Tile code: T14SKC)
2025-10-24 11:33:45,965 consumer #1 [INFO] Downloading 'S2A_MSIL2A_20240406T171851_N0510_R012_T14SKC_20240407T003451' (Tile: T14SKC)
2025-10-24 11:33:53,454 consumer #2 [INFO] Processing ZIP to 6-band for 'S2B_MSIL2A_20240404T172859_N0510_R055_T13SFR_20240405T003335' (Tile: T13SFR)
2025-10-24 11:33:59,010 consumer #2 [INFO] Created 6-band GeoTIFF: TX_early_season_2024/2024-04-04/S2B_MSIL2A_20240404T172859_N0510_R055_T13SFR_20240405T003335.tif
2025-10-24 11:33:59,027 consumer #2 [INFO] Successfully processed 'S2B_MSIL2A_20240404T172859_N0510_R055_T13SFR_20240405T003335' -> TX_early_season_2024/2024-04-04/S2B_MSIL2A_20240404T172859_N0510_R055_T13SFR_20240405T003335.tif
2025-10-24 11:33:59,027 consumer #2 [INFO] Processing feature: S2B_MSIL2A_20240411T171859_N0510_R012_T14SKC_20240411T213058 (Tile code: T14SKC)
2025-10-24 11:33:59,028 consumer #2 [INFO] Downloading 'S2B_MSIL2A_20240411T171859_N0510_R012_T14SKC_20240411T213058' (Tile: T14SKC)
2025-10-24 11:34:03,473 consumer #3 [INFO] Processing ZIP to 6-band for 'S2A_MSIL2A_20240406T171851_N0510_R012_T13SGT_20240407T003451' (Tile: T13SGT)
2025-10-24 11:34:06,281 consumer #3 [INFO] Created 6-band GeoTIFF: TX_early_season_2024/2024-04-06/S2A_MSIL2A_20240406T171851_N0510_R012_T13SGT_20240407T003451.tif
2025-10-24 11:34:06,299 consumer #3 [INFO] Successfully processed 'S2A_MSIL2A_20240406T171851_N0510_R012_T13SGT_20240407T003451' -> TX_early_season_2024/2024-04-06/S2A_MSIL2A_20240406T171851_N0510_R012_T13SGT_20240407T003451.tif
2025-10-24 11:34:06,300 consumer #3 [INFO] Processing feature: S2B_MSIL2A_20240411T171859_N0510_R012_T13SGT_20240411T213058 (Tile code: T13SGT)
2025-10-24 11:34:06,300 consumer #3 [INFO] Downloading 'S2B_MSIL2A_20240411T171859_N0510_R012_T13SGT_20240411T213058' (Tile: T13SGT)
2025-10-24 11:34:29,957 consumer #3 [INFO] Processing ZIP to 6-band for 'S2B_MSIL2A_20240411T171859_N0510_R012_T13SGT_20240411T213058' (Tile: T13SGT)
2025-10-24 11:34:32,935 consumer #3 [INFO] Created 6-band GeoTIFF: TX_early_season_2024/2024-04-11/S2B_MSIL2A_20240411T171859_N0510_R012_T13SGT_20240411T213058.tif
2025-10-24 11:34:32,950 consumer #3 [INFO] Successfully processed 'S2B_MSIL2A_20240411T171859_N0510_R012_T13SGT_20240411T213058' -> TX_early_season_2024/2024-04-11/S2B_MSIL2A_20240411T171859_N0510_R012_T13SGT_20240411T213058.tif
2025-10-24 11:34:32,951 consumer #3 [INFO] Processing feature: S2B_MSIL2A_20240411T171859_N0510_R012_T13SGS_20240411T213058 (Tile code: T13SGS)
2025-10-24 11:34:32,964 consumer #3 [INFO] Downloading 'S2B_MSIL2A_20240411T171859_N0510_R012_T13SGS_20240411T213058' (Tile: T13SGS)
2025-10-24 11:34:45,140 consumer #0 [INFO] Processing ZIP to 6-band for 'S2A_MSIL2A_20240406T171851_N0510_R012_T13SGS_20240407T003451' (Tile: T13SGS)
2025-10-24 11:34:48,564 consumer #0 [INFO] Created 6-band GeoTIFF: TX_early_season_2024/2024-04-06/S2A_MSIL2A_20240406T171851_N0510_R012_T13SGS_20240407T003451.tif
2025-10-24 11:34:48,585 consumer #0 [INFO] Successfully processed 'S2A_MSIL2A_20240406T171851_N0510_R012_T13SGS_20240407T003451' -> TX_early_season_2024/2024-04-06/S2A_MSIL2A_20240406T171851_N0510_R012_T13SGS_20240407T003451.tif
2025-10-24 11:34:48,586 consumer #0 [INFO] Processing feature: S2B_MSIL2A_20240411T171859_N0510_R012_T13SGR_20240411T213058 (Tile code: T13SGR)
2025-10-24 11:34:48,586 consumer #0 [INFO] Downloading 'S2B_MSIL2A_20240411T171859_N0510_R012_T13SGR_20240411T213058' (Tile: T13SGR)
2025-10-24 11:35:06,481 consumer #1 [INFO] Processing ZIP to 6-band for 'S2A_MSIL2A_20240406T171851_N0510_R012_T14SKC_20240407T003451' (Tile: T14SKC)
2025-10-24 11:35:11,491 consumer #1 [INFO] Created 6-band GeoTIFF: TX_early_season_2024/2024-04-06/S2A_MSIL2A_20240406T171851_N0510_R012_T14SKC_20240407T003451.tif
2025-10-24 11:35:11,514 consumer #1 [INFO] Successfully processed 'S2A_MSIL2A_20240406T171851_N0510_R012_T14SKC_20240407T003451' -> TX_early_season_2024/2024-04-06/S2A_MSIL2A_20240406T171851_N0510_R012_T14SKC_20240407T003451.tif
2025-10-24 11:35:11,514 consumer #1 [INFO] Processing feature: S2B_MSIL2A_20240411T171859_N0510_R012_T14SKA_20240411T213058 (Tile code: T14SKA)
2025-10-24 11:35:11,515 consumer #1 [INFO] Downloading 'S2B_MSIL2A_20240411T171859_N0510_R012_T14SKA_20240411T213058' (Tile: T14SKA)
2025-10-24 11:35:45,000 consumer #0 [INFO] Processing ZIP to 6-band for 'S2B_MSIL2A_20240411T171859_N0510_R012_T13SGR_20240411T213058' (Tile: T13SGR)
2025-10-24 11:35:49,286 consumer #0 [INFO] Created 6-band GeoTIFF: TX_early_season_2024/2024-04-11/S2B_MSIL2A_20240411T171859_N0510_R012_T13SGR_20240411T213058.tif
2025-10-24 11:35:49,303 consumer #0 [INFO] Successfully processed 'S2B_MSIL2A_20240411T171859_N0510_R012_T13SGR_20240411T213058' -> TX_early_season_2024/2024-04-11/S2B_MSIL2A_20240411T171859_N0510_R012_T13SGR_20240411T213058.tif
2025-10-24 11:35:49,303 consumer #0 [INFO] Processing feature: S2B_MSIL2A_20240411T171859_N0510_R012_T14SKB_20240411T213058 (Tile code: T14SKB)
2025-10-24 11:35:49,304 consumer #0 [INFO] Downloading 'S2B_MSIL2A_20240411T171859_N0510_R012_T14SKB_20240411T213058' (Tile: T14SKB)
2025-10-24 11:36:25,516 consumer #1 [INFO] Processing ZIP to 6-band for 'S2B_MSIL2A_20240411T171859_N0510_R012_T14SKA_20240411T213058' (Tile: T14SKA)
2025-10-24 11:36:30,936 consumer #1 [INFO] Created 6-band GeoTIFF: TX_early_season_2024/2024-04-11/S2B_MSIL2A_20240411T171859_N0510_R012_T14SKA_20240411T213058.tif
2025-10-24 11:36:30,956 consumer #1 [INFO] Successfully processed 'S2B_MSIL2A_20240411T171859_N0510_R012_T14SKA_20240411T213058' -> TX_early_season_2024/2024-04-11/S2B_MSIL2A_20240411T171859_N0510_R012_T14SKA_20240411T213058.tif
2025-10-24 11:36:30,956 consumer #1 [INFO] Processing feature: S2B_MSIL2A_20240414T172859_N0510_R055_T13SGR_20240414T212226 (Tile code: T13SGR)
2025-10-24 11:36:30,957 consumer #1 [INFO] Downloading 'S2B_MSIL2A_20240414T172859_N0510_R055_T13SGR_20240414T212226' (Tile: T13SGR)
2025-10-24 11:36:39,081 consumer #3 [INFO] Processing ZIP to 6-band for 'S2B_MSIL2A_20240411T171859_N0510_R012_T13SGS_20240411T213058' (Tile: T13SGS)
2025-10-24 11:36:42,473 consumer #3 [INFO] Created 6-band GeoTIFF: TX_early_season_2024/2024-04-11/S2B_MSIL2A_20240411T171859_N0510_R012_T13SGS_20240411T213058.tif
2025-10-24 11:36:42,487 consumer #3 [INFO] Successfully processed 'S2B_MSIL2A_20240411T171859_N0510_R012_T13SGS_20240411T213058' -> TX_early_season_2024/2024-04-11/S2B_MSIL2A_20240411T171859_N0510_R012_T13SGS_20240411T213058.tif
2025-10-24 11:36:42,499 consumer #3 [INFO] Processing feature: S2B_MSIL2A_20240414T172859_N0510_R055_T14SKA_20240414T212226 (Tile code: T14SKA)
2025-10-24 11:36:42,499 consumer #3 [INFO] Downloading 'S2B_MSIL2A_20240414T172859_N0510_R055_T14SKA_20240414T212226' (Tile: T14SKA)
2025-10-24 11:37:21,275 consumer #3 [INFO] Processing ZIP to 6-band for 'S2B_MSIL2A_20240414T172859_N0510_R055_T14SKA_20240414T212226' (Tile: T14SKA)
2025-10-24 11:37:24,360 consumer #3 [INFO] Created 6-band GeoTIFF: TX_early_season_2024/2024-04-14/S2B_MSIL2A_20240414T172859_N0510_R055_T14SKA_20240414T212226.tif
2025-10-24 11:37:24,377 consumer #3 [INFO] Successfully processed 'S2B_MSIL2A_20240414T172859_N0510_R055_T14SKA_20240414T212226' -> TX_early_season_2024/2024-04-14/S2B_MSIL2A_20240414T172859_N0510_R055_T14SKA_20240414T212226.tif
2025-10-24 11:37:24,378 consumer #3 [INFO] Processing feature: S2A_MSIL2A_20240416T171901_N0510_R012_T13SGT_20240417T000851 (Tile code: T13SGT)
2025-10-24 11:37:24,379 consumer #3 [INFO] Downloading 'S2A_MSIL2A_20240416T171901_N0510_R012_T13SGT_20240417T000851' (Tile: T13SGT)
2025-10-24 11:37:30,238 consumer #2 [INFO] Processing ZIP to 6-band for 'S2B_MSIL2A_20240411T171859_N0510_R012_T14SKC_20240411T213058' (Tile: T14SKC)
2025-10-24 11:37:35,169 consumer #2 [INFO] Created 6-band GeoTIFF: TX_early_season_2024/2024-04-11/S2B_MSIL2A_20240411T171859_N0510_R012_T14SKC_20240411T213058.tif
2025-10-24 11:37:35,291 consumer #2 [INFO] Successfully processed 'S2B_MSIL2A_20240411T171859_N0510_R012_T14SKC_20240411T213058' -> TX_early_season_2024/2024-04-11/S2B_MSIL2A_20240411T171859_N0510_R012_T14SKC_20240411T213058.tif
2025-10-24 11:37:35,291 consumer #2 [INFO] Processing feature: S2A_MSIL2A_20240416T171901_N0510_R012_T14SKA_20240417T000851 (Tile code: T14SKA)
2025-10-24 11:37:35,292 consumer #2 [INFO] Downloading 'S2A_MSIL2A_20240416T171901_N0510_R012_T14SKA_20240417T000851' (Tile: T14SKA)
2025-10-24 11:37:45,822 MainThread [INFO] Logging to file: /bigdata/eldawylab/sdas050/MS_Research/scripts/sentinel2_downloader.log
2025-10-24 11:37:45,921 MainThread [INFO] Checking thread statuses...
2025-10-24 11:37:49,364 consumer #3 [INFO] Processing ZIP to 6-band for 'S2A_MSIL2A_20240416T171901_N0510_R012_T13SGT_20240417T000851' (Tile: T13SGT)
2025-10-24 11:37:52,201 consumer #3 [INFO] Created 6-band GeoTIFF: TX_early_season_2024/2024-04-16/S2A_MSIL2A_20240416T171901_N0510_R012_T13SGT_20240417T000851.tif
2025-10-24 11:37:52,215 consumer #3 [INFO] Successfully processed 'S2A_MSIL2A_20240416T171901_N0510_R012_T13SGT_20240417T000851' -> TX_early_season_2024/2024-04-16/S2A_MSIL2A_20240416T171901_N0510_R012_T13SGT_20240417T000851.tif
2025-10-24 11:37:52,215 consumer #3 [INFO] Processing feature: S2A_MSIL2A_20240416T171901_N0510_R012_T14SKC_20240417T000851 (Tile code: T14SKC)
2025-10-24 11:37:52,216 consumer #3 [INFO] Downloading 'S2A_MSIL2A_20240416T171901_N0510_R012_T14SKC_20240417T000851' (Tile: T14SKC)
2025-10-24 11:37:52,336 consumer #1 [INFO] Processing ZIP to 6-band for 'S2B_MSIL2A_20240414T172859_N0510_R055_T13SGR_20240414T212226' (Tile: T13SGR)
2025-10-24 11:37:53,251 consumer #3 [INFO] Processing feature: S2B_MSIL2A_20240603T172859_N0510_R055_T13SFT_20240603T214532 (Tile code: T13SFT)
2025-10-24 11:37:53,253 consumer #3 [INFO] Downloading 'S2B_MSIL2A_20240603T172859_N0510_R055_T13SFT_20240603T214532' (Tile: T13SFT)
2025-10-24 11:37:53,258 consumer #0 [INFO] Processing feature: S2B_MSIL2A_20240603T172859_N0510_R055_T14SKB_20240603T214532 (Tile code: T14SKB)
2025-10-24 11:37:53,259 consumer #0 [INFO] Downloading 'S2B_MSIL2A_20240603T172859_N0510_R055_T14SKB_20240603T214532' (Tile: T14SKB)
2025-10-24 11:37:53,264 consumer #1 [INFO] Processing feature: S2B_MSIL2A_20240603T172859_N0510_R055_T13SFS_20240603T214532 (Tile code: T13SFS)
2025-10-24 11:37:53,264 consumer #1 [INFO] Downloading 'S2B_MSIL2A_20240603T172859_N0510_R055_T13SFS_20240603T214532' (Tile: T13SFS)
2025-10-24 11:37:53,268 consumer #2 [INFO] Processing feature: S2B_MSIL2A_20240603T172859_N0510_R055_T13SGT_20240603T214532 (Tile code: T13SGT)
2025-10-24 11:37:53,269 consumer #2 [INFO] Downloading 'S2B_MSIL2A_20240603T172859_N0510_R055_T13SGT_20240603T214532' (Tile: T13SGT)
2025-10-24 11:37:57,759 consumer #1 [INFO] Created 6-band GeoTIFF: TX_early_season_2024/2024-04-14/S2B_MSIL2A_20240414T172859_N0510_R055_T13SGR_20240414T212226.tif
2025-10-24 11:37:57,776 consumer #1 [INFO] Successfully processed 'S2B_MSIL2A_20240414T172859_N0510_R055_T13SGR_20240414T212226' -> TX_early_season_2024/2024-04-14/S2B_MSIL2A_20240414T172859_N0510_R055_T13SGR_20240414T212226.tif
2025-10-24 11:37:57,777 consumer #1 [INFO] Processing feature: S2A_MSIL2A_20240426T171901_N0510_R012_T14SKB_20240427T004352 (Tile code: T14SKB)
2025-10-24 11:37:57,777 consumer #1 [INFO] Downloading 'S2A_MSIL2A_20240426T171901_N0510_R012_T14SKB_20240427T004352' (Tile: T14SKB)
2025-10-24 11:39:01,540 consumer #1 [INFO] Processing ZIP to 6-band for 'S2B_MSIL2A_20240603T172859_N0510_R055_T13SFS_20240603T214532' (Tile: T13SFS)
2025-10-24 11:39:07,488 consumer #1 [INFO] Created 6-band GeoTIFF: TX_mid_season_2024/2024-06-03/S2B_MSIL2A_20240603T172859_N0510_R055_T13SFS_20240603T214532.tif
2025-10-24 11:39:07,504 consumer #1 [INFO] Successfully processed 'S2B_MSIL2A_20240603T172859_N0510_R055_T13SFS_20240603T214532' -> TX_mid_season_2024/2024-06-03/S2B_MSIL2A_20240603T172859_N0510_R055_T13SFS_20240603T214532.tif
2025-10-24 11:39:07,506 consumer #1 [INFO] Processing feature: S2B_MSIL2A_20240603T172859_N0510_R055_T13SGS_20240603T214532 (Tile code: T13SGS)
2025-10-24 11:39:07,506 consumer #1 [INFO] Downloading 'S2B_MSIL2A_20240603T172859_N0510_R055_T13SGS_20240603T214532' (Tile: T13SGS)
2025-10-24 11:39:19,896 consumer #2 [INFO] Processing ZIP to 6-band for 'S2A_MSIL2A_20240416T171901_N0510_R012_T14SKA_20240417T000851' (Tile: T14SKA)
2025-10-24 11:39:25,523 consumer #2 [INFO] Created 6-band GeoTIFF: TX_early_season_2024/2024-04-16/S2A_MSIL2A_20240416T171901_N0510_R012_T14SKA_20240417T000851.tif
2025-10-24 11:39:25,544 consumer #2 [INFO] Successfully processed 'S2A_MSIL2A_20240416T171901_N0510_R012_T14SKA_20240417T000851' -> TX_early_season_2024/2024-04-16/S2A_MSIL2A_20240416T171901_N0510_R012_T14SKA_20240417T000851.tif
2025-10-24 11:39:25,545 consumer #2 [INFO] Processing feature: S2A_MSIL2A_20240426T171901_N0510_R012_T14SKA_20240427T004352 (Tile code: T14SKA)
2025-10-24 11:39:25,545 consumer #2 [INFO] Downloading 'S2A_MSIL2A_20240426T171901_N0510_R012_T14SKA_20240427T004352' (Tile: T14SKA)
2025-10-24 11:40:04,871 consumer #3 [INFO] Processing ZIP to 6-band for 'S2A_MSIL2A_20240416T171901_N0510_R012_T14SKC_20240417T000851' (Tile: T14SKC)
2025-10-24 11:40:09,775 consumer #3 [INFO] Created 6-band GeoTIFF: TX_early_season_2024/2024-04-16/S2A_MSIL2A_20240416T171901_N0510_R012_T14SKC_20240417T000851.tif
2025-10-24 11:40:09,789 consumer #3 [INFO] Successfully processed 'S2A_MSIL2A_20240416T171901_N0510_R012_T14SKC_20240417T000851' -> TX_early_season_2024/2024-04-16/S2A_MSIL2A_20240416T171901_N0510_R012_T14SKC_20240417T000851.tif
2025-10-24 11:40:09,789 consumer #3 [INFO] Processing feature: S2A_MSIL2A_20240426T171901_N0510_R012_T13SGR_20240427T004352 (Tile code: T13SGR)
2025-10-24 11:40:09,790 consumer #3 [INFO] Downloading 'S2A_MSIL2A_20240426T171901_N0510_R012_T13SGR_20240427T004352' (Tile: T13SGR)
2025-10-24 11:40:14,492 consumer #1 [INFO] Processing ZIP to 6-band for 'S2B_MSIL2A_20240603T172859_N0510_R055_T13SGS_20240603T214532' (Tile: T13SGS)
2025-10-24 11:40:16,796 consumer #0 [INFO] Processing ZIP to 6-band for 'S2B_MSIL2A_20240411T171859_N0510_R012_T14SKB_20240411T213058' (Tile: T14SKB)
2025-10-24 11:40:20,471 consumer #1 [INFO] Created 6-band GeoTIFF: TX_mid_season_2024/2024-06-03/S2B_MSIL2A_20240603T172859_N0510_R055_T13SGS_20240603T214532.tif
2025-10-24 11:40:20,486 consumer #1 [INFO] Successfully processed 'S2B_MSIL2A_20240603T172859_N0510_R055_T13SGS_20240603T214532' -> TX_mid_season_2024/2024-06-03/S2B_MSIL2A_20240603T172859_N0510_R055_T13SGS_20240603T214532.tif
2025-10-24 11:40:20,486 consumer #1 [INFO] Processing feature: S2B_MSIL2A_20240603T172859_N0510_R055_T14SKC_20240603T214532 (Tile code: T14SKC)
2025-10-24 11:40:20,487 consumer #1 [INFO] Downloading 'S2B_MSIL2A_20240603T172859_N0510_R055_T14SKC_20240603T214532' (Tile: T14SKC)
2025-10-24 11:40:22,795 consumer #0 [INFO] Created 6-band GeoTIFF: TX_early_season_2024/2024-04-11/S2B_MSIL2A_20240411T171859_N0510_R012_T14SKB_20240411T213058.tif
2025-10-24 11:40:22,826 consumer #0 [INFO] Successfully processed 'S2B_MSIL2A_20240411T171859_N0510_R012_T14SKB_20240411T213058' -> TX_early_season_2024/2024-04-11/S2B_MSIL2A_20240411T171859_N0510_R012_T14SKB_20240411T213058.tif
2025-10-24 11:40:22,827 consumer #0 [INFO] Processing feature: S2A_MSIL2A_20240426T171901_N0510_R012_T13SGT_20240427T004352 (Tile code: T13SGT)
2025-10-24 11:40:22,827 consumer #0 [INFO] Downloading 'S2A_MSIL2A_20240426T171901_N0510_R012_T13SGT_20240427T004352' (Tile: T13SGT)
2025-10-24 11:40:35,599 MainThread [INFO] Checking thread statuses...
2025-10-24 11:40:42,362 consumer #2 [INFO] Processing ZIP to 6-band for 'S2A_MSIL2A_20240426T171901_N0510_R012_T14SKA_20240427T004352' (Tile: T14SKA)
2025-10-24 11:40:47,972 consumer #2 [INFO] Created 6-band GeoTIFF: TX_early_season_2024/2024-04-26/S2A_MSIL2A_20240426T171901_N0510_R012_T14SKA_20240427T004352.tif
2025-10-24 11:40:47,995 consumer #2 [INFO] Successfully processed 'S2A_MSIL2A_20240426T171901_N0510_R012_T14SKA_20240427T004352' -> TX_early_season_2024/2024-04-26/S2A_MSIL2A_20240426T171901_N0510_R012_T14SKA_20240427T004352.tif
2025-10-24 11:40:47,996 consumer #2 [INFO] Processing feature: S2A_MSIL2A_20240426T171901_N0510_R012_T14SKC_20240427T004352 (Tile code: T14SKC)
2025-10-24 11:40:47,996 consumer #2 [INFO] Downloading 'S2A_MSIL2A_20240426T171901_N0510_R012_T14SKC_20240427T004352' (Tile: T14SKC)
2025-10-24 11:41:03,526 consumer #0 [INFO] Processing ZIP to 6-band for 'S2A_MSIL2A_20240426T171901_N0510_R012_T13SGT_20240427T004352' (Tile: T13SGT)
2025-10-24 11:41:06,469 consumer #0 [INFO] Created 6-band GeoTIFF: TX_early_season_2024/2024-04-26/S2A_MSIL2A_20240426T171901_N0510_R012_T13SGT_20240427T004352.tif
2025-10-24 11:41:06,489 consumer #0 [INFO] Successfully processed 'S2A_MSIL2A_20240426T171901_N0510_R012_T13SGT_20240427T004352' -> TX_early_season_2024/2024-04-26/S2A_MSIL2A_20240426T171901_N0510_R012_T13SGT_20240427T004352.tif
2025-10-24 11:41:06,490 consumer #0 [INFO] Processing feature: S2A_MSIL2A_20240426T171901_N0510_R012_T13SGS_20240427T004352 (Tile code: T13SGS)
2025-10-24 11:41:06,490 consumer #0 [INFO] Downloading 'S2A_MSIL2A_20240426T171901_N0510_R012_T13SGS_20240427T004352' (Tile: T13SGS)
2025-10-24 11:41:36,024 consumer #1 [INFO] Processing ZIP to 6-band for 'S2A_MSIL2A_20240426T171901_N0510_R012_T14SKB_20240427T004352' (Tile: T14SKB)
2025-10-24 11:41:42,354 consumer #1 [INFO] Created 6-band GeoTIFF: TX_early_season_2024/2024-04-26/S2A_MSIL2A_20240426T171901_N0510_R012_T14SKB_20240427T004352.tif
2025-10-24 11:41:42,371 consumer #1 [INFO] Successfully processed 'S2A_MSIL2A_20240426T171901_N0510_R012_T14SKB_20240427T004352' -> TX_early_season_2024/2024-04-26/S2A_MSIL2A_20240426T171901_N0510_R012_T14SKB_20240427T004352.tif
2025-10-24 11:41:42,372 consumer #1 [INFO] Processing feature: S2A_MSIL2A_20240429T172901_N0510_R055_T13SGR_20240430T001051 (Tile code: T13SGR)
2025-10-24 11:41:42,372 consumer #1 [INFO] Downloading 'S2A_MSIL2A_20240429T172901_N0510_R055_T13SGR_20240430T001051' (Tile: T13SGR)
2025-10-24 11:42:00,848 consumer #3 [INFO] Processing ZIP to 6-band for 'S2A_MSIL2A_20240426T171901_N0510_R012_T13SGR_20240427T004352' (Tile: T13SGR)
2025-10-24 11:42:05,370 consumer #3 [INFO] Created 6-band GeoTIFF: TX_early_season_2024/2024-04-26/S2A_MSIL2A_20240426T171901_N0510_R012_T13SGR_20240427T004352.tif
2025-10-24 11:42:05,393 consumer #3 [INFO] Successfully processed 'S2A_MSIL2A_20240426T171901_N0510_R012_T13SGR_20240427T004352' -> TX_early_season_2024/2024-04-26/S2A_MSIL2A_20240426T171901_N0510_R012_T13SGR_20240427T004352.tif
2025-10-24 11:42:05,394 consumer #3 [INFO] Processing feature: S2A_MSIL2A_20240429T172901_N0510_R055_T13SGT_20240430T001051 (Tile code: T13SGT)
2025-10-24 11:42:05,394 consumer #3 [INFO] Downloading 'S2A_MSIL2A_20240429T172901_N0510_R055_T13SGT_20240430T001051' (Tile: T13SGT)
2025-10-24 11:42:18,686 consumer #0 [INFO] Processing ZIP to 6-band for 'S2B_MSIL2A_20240603T172859_N0510_R055_T14SKB_20240603T214532' (Tile: T14SKB)
2025-10-24 11:42:22,635 consumer #0 [INFO] Created 6-band GeoTIFF: TX_mid_season_2024/2024-06-03/S2B_MSIL2A_20240603T172859_N0510_R055_T14SKB_20240603T214532.tif
2025-10-24 11:42:22,649 consumer #0 [INFO] Successfully processed 'S2B_MSIL2A_20240603T172859_N0510_R055_T14SKB_20240603T214532' -> TX_mid_season_2024/2024-06-03/S2B_MSIL2A_20240603T172859_N0510_R055_T14SKB_20240603T214532.tif
2025-10-24 11:42:22,651 consumer #0 [INFO] Processing feature: S2A_MSIL2A_20240605T171901_N0510_R012_T14SKC_20240606T005352 (Tile code: T14SKC)
2025-10-24 11:42:22,652 consumer #0 [INFO] Downloading 'S2A_MSIL2A_20240605T171901_N0510_R012_T14SKC_20240606T005352' (Tile: T14SKC)
2025-10-24 11:42:24,263 consumer #3 [INFO] Processing ZIP to 6-band for 'S2B_MSIL2A_20240603T172859_N0510_R055_T13SFT_20240603T214532' (Tile: T13SFT)
2025-10-24 11:42:29,682 consumer #3 [INFO] Created 6-band GeoTIFF: TX_mid_season_2024/2024-06-03/S2B_MSIL2A_20240603T172859_N0510_R055_T13SFT_20240603T214532.tif
2025-10-24 11:42:29,697 consumer #3 [INFO] Successfully processed 'S2B_MSIL2A_20240603T172859_N0510_R055_T13SFT_20240603T214532' -> TX_mid_season_2024/2024-06-03/S2B_MSIL2A_20240603T172859_N0510_R055_T13SFT_20240603T214532.tif
2025-10-24 11:42:29,699 consumer #3 [INFO] Processing feature: S2A_MSIL2A_20240605T171901_N0510_R012_T13SGS_20240606T000150 (Tile code: T13SGS)
2025-10-24 11:42:29,700 consumer #3 [INFO] Downloading 'S2A_MSIL2A_20240605T171901_N0510_R012_T13SGS_20240606T000150' (Tile: T13SGS)
2025-10-24 11:42:57,319 consumer #2 [INFO] Processing ZIP to 6-band for 'S2A_MSIL2A_20240426T171901_N0510_R012_T14SKC_20240427T004352' (Tile: T14SKC)
2025-10-24 11:43:02,323 consumer #2 [INFO] Created 6-band GeoTIFF: TX_early_season_2024/2024-04-26/S2A_MSIL2A_20240426T171901_N0510_R012_T14SKC_20240427T004352.tif
2025-10-24 11:43:02,353 consumer #2 [INFO] Successfully processed 'S2A_MSIL2A_20240426T171901_N0510_R012_T14SKC_20240427T004352' -> TX_early_season_2024/2024-04-26/S2A_MSIL2A_20240426T171901_N0510_R012_T14SKC_20240427T004352.tif
2025-10-24 11:43:02,353 consumer #2 [INFO] Processing feature: S2A_MSIL2A_20240429T172901_N0510_R055_T13SFT_20240430T001051 (Tile code: T13SFT)
2025-10-24 11:43:02,354 consumer #2 [INFO] Downloading 'S2A_MSIL2A_20240429T172901_N0510_R055_T13SFT_20240430T001051' (Tile: T13SFT)
2025-10-24 11:43:58,673 consumer #0 [INFO] Processing ZIP to 6-band for 'S2A_MSIL2A_20240605T171901_N0510_R012_T14SKC_20240606T005352' (Tile: T14SKC)
2025-10-24 11:44:03,979 consumer #0 [INFO] Created 6-band GeoTIFF: TX_mid_season_2024/2024-06-05/S2A_MSIL2A_20240605T171901_N0510_R012_T14SKC_20240606T005352.tif
2025-10-24 11:44:03,992 consumer #0 [INFO] Successfully processed 'S2A_MSIL2A_20240605T171901_N0510_R012_T14SKC_20240606T005352' -> TX_mid_season_2024/2024-06-05/S2A_MSIL2A_20240605T171901_N0510_R012_T14SKC_20240606T005352.tif
2025-10-24 11:44:03,992 consumer #0 [INFO] Processing feature: S2A_MSIL2A_20240605T171901_N0510_R012_T14SKA_20240606T000150 (Tile code: T14SKA)
2025-10-24 11:44:03,993 consumer #0 [INFO] Downloading 'S2A_MSIL2A_20240605T171901_N0510_R012_T14SKA_20240606T000150' (Tile: T14SKA)
2025-10-24 11:44:14,922 consumer #2 [INFO] Processing ZIP to 6-band for 'S2B_MSIL2A_20240603T172859_N0510_R055_T13SGT_20240603T214532' (Tile: T13SGT)
2025-10-24 11:44:20,538 consumer #2 [INFO] Created 6-band GeoTIFF: TX_mid_season_2024/2024-06-03/S2B_MSIL2A_20240603T172859_N0510_R055_T13SGT_20240603T214532.tif
2025-10-24 11:44:20,556 consumer #2 [INFO] Successfully processed 'S2B_MSIL2A_20240603T172859_N0510_R055_T13SGT_20240603T214532' -> TX_mid_season_2024/2024-06-03/S2B_MSIL2A_20240603T172859_N0510_R055_T13SGT_20240603T214532.tif
2025-10-24 11:44:20,557 consumer #2 [INFO] Processing feature: S2A_MSIL2A_20240605T171901_N0510_R012_T13SGS_20240606T005352 (Tile code: T13SGS)
2025-10-24 11:44:20,558 consumer #2 [INFO] Downloading 'S2A_MSIL2A_20240605T171901_N0510_R012_T13SGS_20240606T005352' (Tile: T13SGS)
2025-10-24 11:44:31,509 consumer #3 [INFO] Processing ZIP to 6-band for 'S2A_MSIL2A_20240429T172901_N0510_R055_T13SGT_20240430T001051' (Tile: T13SGT)
2025-10-24 11:44:37,175 consumer #3 [INFO] Created 6-band GeoTIFF: TX_early_season_2024/2024-04-29/S2A_MSIL2A_20240429T172901_N0510_R055_T13SGT_20240430T001051.tif
2025-10-24 11:44:37,195 consumer #3 [INFO] Successfully processed 'S2A_MSIL2A_20240429T172901_N0510_R055_T13SGT_20240430T001051' -> TX_early_season_2024/2024-04-29/S2A_MSIL2A_20240429T172901_N0510_R055_T13SGT_20240430T001051.tif
2025-10-24 11:44:37,196 consumer #3 [INFO] Processing feature: S2A_MSIL2A_20240429T172901_N0510_R055_T14SKB_20240430T001051 (Tile code: T14SKB)
2025-10-24 11:44:37,196 consumer #3 [INFO] Downloading 'S2A_MSIL2A_20240429T172901_N0510_R055_T14SKB_20240430T001051' (Tile: T14SKB)
2025-10-24 11:44:37,242 consumer #0 [INFO] Processing ZIP to 6-band for 'S2A_MSIL2A_20240426T171901_N0510_R012_T13SGS_20240427T004352' (Tile: T13SGS)
2025-10-24 11:44:40,790 consumer #0 [INFO] Created 6-band GeoTIFF: TX_early_season_2024/2024-04-26/S2A_MSIL2A_20240426T171901_N0510_R012_T13SGS_20240427T004352.tif
2025-10-24 11:44:40,809 consumer #0 [INFO] Successfully processed 'S2A_MSIL2A_20240426T171901_N0510_R012_T13SGS_20240427T004352' -> TX_early_season_2024/2024-04-26/S2A_MSIL2A_20240426T171901_N0510_R012_T13SGS_20240427T004352.tif
2025-10-24 11:44:40,809 consumer #0 [INFO] Processing feature: S2A_MSIL2A_20240429T172901_N0510_R055_T14SKC_20240430T001051 (Tile code: T14SKC)
2025-10-24 11:44:40,810 consumer #0 [INFO] Downloading 'S2A_MSIL2A_20240429T172901_N0510_R055_T14SKC_20240430T001051' (Tile: T14SKC)
2025-10-24 11:44:50,368 consumer #1 [INFO] Processing ZIP to 6-band for 'S2A_MSIL2A_20240429T172901_N0510_R055_T13SGR_20240430T001051' (Tile: T13SGR)
2025-10-24 11:44:55,556 consumer #1 [INFO] Created 6-band GeoTIFF: TX_early_season_2024/2024-04-29/S2A_MSIL2A_20240429T172901_N0510_R055_T13SGR_20240430T001051.tif
2025-10-24 11:44:55,573 consumer #1 [INFO] Successfully processed 'S2A_MSIL2A_20240429T172901_N0510_R055_T13SGR_20240430T001051' -> TX_early_season_2024/2024-04-29/S2A_MSIL2A_20240429T172901_N0510_R055_T13SGR_20240430T001051.tif
2025-10-24 11:44:55,573 consumer #1 [INFO] Processing feature: S2A_MSIL2A_20240429T172901_N0510_R055_T14SKA_20240430T001051 (Tile code: T14SKA)
2025-10-24 11:44:55,574 consumer #1 [INFO] Downloading 'S2A_MSIL2A_20240429T172901_N0510_R055_T14SKA_20240430T001051' (Tile: T14SKA)
2025-10-24 11:45:00,576 consumer #2 [INFO] Processing ZIP to 6-band for 'S2A_MSIL2A_20240605T171901_N0510_R012_T13SGS_20240606T005352' (Tile: T13SGS)
2025-10-24 11:45:03,585 consumer #2 [INFO] Created 6-band GeoTIFF: TX_mid_season_2024/2024-06-05/S2A_MSIL2A_20240605T171901_N0510_R012_T13SGS_20240606T005352.tif
2025-10-24 11:45:03,599 consumer #2 [INFO] Successfully processed 'S2A_MSIL2A_20240605T171901_N0510_R012_T13SGS_20240606T005352' -> TX_mid_season_2024/2024-06-05/S2A_MSIL2A_20240605T171901_N0510_R012_T13SGS_20240606T005352.tif
2025-10-24 11:45:03,600 consumer #2 [INFO] Processing feature: S2A_MSIL2A_20240605T171901_N0510_R012_T14SKB_20240606T005352 (Tile code: T14SKB)
2025-10-24 11:45:03,600 consumer #2 [INFO] Downloading 'S2A_MSIL2A_20240605T171901_N0510_R012_T14SKB_20240606T005352' (Tile: T14SKB)
2025-10-24 11:45:32,962 consumer #1 [INFO] Processing ZIP to 6-band for 'S2A_MSIL2A_20240429T172901_N0510_R055_T14SKA_20240430T001051' (Tile: T14SKA)
2025-10-24 11:45:35,861 consumer #1 [INFO] Created 6-band GeoTIFF: TX_early_season_2024/2024-04-29/S2A_MSIL2A_20240429T172901_N0510_R055_T14SKA_20240430T001051.tif
2025-10-24 11:45:35,875 consumer #1 [INFO] Successfully processed 'S2A_MSIL2A_20240429T172901_N0510_R055_T14SKA_20240430T001051' -> TX_early_season_2024/2024-04-29/S2A_MSIL2A_20240429T172901_N0510_R055_T14SKA_20240430T001051.tif
2025-10-24 11:45:35,875 consumer #1 [INFO] Processing feature: S2A_MSIL2A_20240429T172901_N0510_R055_T13SGS_20240430T001051 (Tile code: T13SGS)
2025-10-24 11:45:35,876 consumer #1 [INFO] Downloading 'S2A_MSIL2A_20240429T172901_N0510_R055_T13SGS_20240430T001051' (Tile: T13SGS)
2025-10-24 11:46:11,936 consumer #3 [INFO] Processing ZIP to 6-band for 'S2A_MSIL2A_20240605T171901_N0510_R012_T13SGS_20240606T000150' (Tile: T13SGS)
2025-10-24 11:46:14,666 consumer #3 [INFO] Created 6-band GeoTIFF: TX_mid_season_2024/2024-06-05/S2A_MSIL2A_20240605T171901_N0510_R012_T13SGS_20240606T000150.tif
2025-10-24 11:46:14,680 consumer #3 [INFO] Successfully processed 'S2A_MSIL2A_20240605T171901_N0510_R012_T13SGS_20240606T000150' -> TX_mid_season_2024/2024-06-05/S2A_MSIL2A_20240605T171901_N0510_R012_T13SGS_20240606T000150.tif
2025-10-24 11:46:14,681 consumer #3 [INFO] Processing feature: S2A_MSIL2A_20240605T171901_N0510_R012_T13SGT_20240606T005352 (Tile code: T13SGT)
2025-10-24 11:46:14,681 consumer #3 [INFO] Downloading 'S2A_MSIL2A_20240605T171901_N0510_R012_T13SGT_20240606T005352' (Tile: T13SGT)
2025-10-24 11:46:34,818 MainThread [INFO] Logging to file: /bigdata/eldawylab/sdas050/MS_Research/scripts/sentinel2_downloader.log
2025-10-24 11:46:34,919 MainThread [INFO] Checking thread statuses...
2025-10-24 11:46:48,735 consumer #2 [INFO] Processing feature: S2A_MSIL2A_20240906T172901_N0511_R055_T13SGR_20240907T001649 (Tile code: T13SGR)
2025-10-24 11:46:48,736 consumer #2 [INFO] Downloading 'S2A_MSIL2A_20240906T172901_N0511_R055_T13SGR_20240907T001649' (Tile: T13SGR)
2025-10-24 11:46:48,742 consumer #1 [INFO] Processing feature: S2A_MSIL2A_20240906T172901_N0511_R055_T13SFR_20240907T001649 (Tile code: T13SFR)
2025-10-24 11:46:48,743 consumer #1 [INFO] Downloading 'S2A_MSIL2A_20240906T172901_N0511_R055_T13SFR_20240907T001649' (Tile: T13SFR)
2025-10-24 11:46:48,749 consumer #3 [INFO] Processing feature: S2A_MSIL2A_20240906T172901_N0511_R055_T13SFT_20240907T001649 (Tile code: T13SFT)
2025-10-24 11:46:48,749 consumer #3 [INFO] Downloading 'S2A_MSIL2A_20240906T172901_N0511_R055_T13SFT_20240907T001649' (Tile: T13SFT)
2025-10-24 11:46:48,754 consumer #0 [INFO] Processing feature: S2A_MSIL2A_20240906T172901_N0511_R055_T14SKA_20240907T001649 (Tile code: T14SKA)
2025-10-24 11:46:48,754 consumer #0 [INFO] Downloading 'S2A_MSIL2A_20240906T172901_N0511_R055_T14SKA_20240907T001649' (Tile: T14SKA)
2025-10-24 11:47:05,006 consumer #2 [INFO] Processing ZIP to 6-band for 'S2A_MSIL2A_20240429T172901_N0510_R055_T13SFT_20240430T001051' (Tile: T13SFT)
2025-10-24 11:47:10,401 consumer #2 [INFO] Created 6-band GeoTIFF: TX_early_season_2024/2024-04-29/S2A_MSIL2A_20240429T172901_N0510_R055_T13SFT_20240430T001051.tif
2025-10-24 11:47:10,428 consumer #2 [INFO] Successfully processed 'S2A_MSIL2A_20240429T172901_N0510_R055_T13SFT_20240430T001051' -> TX_early_season_2024/2024-04-29/S2A_MSIL2A_20240429T172901_N0510_R055_T13SFT_20240430T001051.tif
2025-10-24 11:47:10,429 consumer #2 [INFO] Processing feature: S2A_MSIL2A_20240429T172901_N0510_R055_T13SFS_20240430T001051 (Tile code: T13SFS)
2025-10-24 11:47:10,430 consumer #2 [INFO] Downloading 'S2A_MSIL2A_20240429T172901_N0510_R055_T13SFS_20240430T001051' (Tile: T13SFS)
2025-10-24 11:47:30,039 consumer #0 [INFO] Processing ZIP to 6-band for 'S2A_MSIL2A_20240906T172901_N0511_R055_T14SKA_20240907T001649' (Tile: T14SKA)
2025-10-24 11:47:36,850 consumer #0 [INFO] Created 6-band GeoTIFF: TX_late_season_2024/2024-09-06/S2A_MSIL2A_20240906T172901_N0511_R055_T14SKA_20240907T001649.tif
2025-10-24 11:47:36,871 consumer #0 [INFO] Successfully processed 'S2A_MSIL2A_20240906T172901_N0511_R055_T14SKA_20240907T001649' -> TX_late_season_2024/2024-09-06/S2A_MSIL2A_20240906T172901_N0511_R055_T14SKA_20240907T001649.tif
2025-10-24 11:47:36,873 consumer #0 [INFO] Processing feature: S2A_MSIL2A_20240906T172901_N0511_R055_T13SGS_20240907T001649 (Tile code: T13SGS)
2025-10-24 11:47:36,874 consumer #0 [INFO] Downloading 'S2A_MSIL2A_20240906T172901_N0511_R055_T13SGS_20240907T001649' (Tile: T13SGS)
2025-10-24 11:47:45,925 MainThread [INFO] Checking thread statuses...
2025-10-24 11:47:46,264 consumer #3 [INFO] Processing ZIP to 6-band for 'S2A_MSIL2A_20240429T172901_N0510_R055_T14SKB_20240430T001051' (Tile: T14SKB)
2025-10-24 11:47:51,383 consumer #0 [INFO] Processing ZIP to 6-band for 'S2A_MSIL2A_20240605T171901_N0510_R012_T14SKA_20240606T000150' (Tile: T14SKA)
2025-10-24 11:47:51,406 consumer #3 [INFO] Created 6-band GeoTIFF: TX_early_season_2024/2024-04-29/S2A_MSIL2A_20240429T172901_N0510_R055_T14SKB_20240430T001051.tif
2025-10-24 11:47:51,424 consumer #3 [INFO] Successfully processed 'S2A_MSIL2A_20240429T172901_N0510_R055_T14SKB_20240430T001051' -> TX_early_season_2024/2024-04-29/S2A_MSIL2A_20240429T172901_N0510_R055_T14SKB_20240430T001051.tif
2025-10-24 11:47:51,425 consumer #3 [INFO] Processing feature: S2A_MSIL2A_20240429T172901_N0510_R055_T13SFR_20240430T001051 (Tile code: T13SFR)
2025-10-24 11:47:51,425 consumer #3 [INFO] Downloading 'S2A_MSIL2A_20240429T172901_N0510_R055_T13SFR_20240430T001051' (Tile: T13SFR)
2025-10-24 11:47:57,299 consumer #0 [INFO] Created 6-band GeoTIFF: TX_mid_season_2024/2024-06-05/S2A_MSIL2A_20240605T171901_N0510_R012_T14SKA_20240606T000150.tif
2025-10-24 11:47:57,370 consumer #0 [INFO] Successfully processed 'S2A_MSIL2A_20240605T171901_N0510_R012_T14SKA_20240606T000150' -> TX_mid_season_2024/2024-06-05/S2A_MSIL2A_20240605T171901_N0510_R012_T14SKA_20240606T000150.tif
2025-10-24 11:47:57,370 consumer #0 [INFO] Processing feature: S2A_MSIL2A_20240605T171901_N0510_R012_T13SGR_20240606T000150 (Tile code: T13SGR)
2025-10-24 11:47:57,371 consumer #0 [INFO] Downloading 'S2A_MSIL2A_20240605T171901_N0510_R012_T13SGR_20240606T000150' (Tile: T13SGR)
2025-10-24 11:48:37,175 MainThread [INFO] Checking thread statuses...
2025-10-24 11:49:08,108 consumer #0 [INFO] Processing ZIP to 6-band for 'S2A_MSIL2A_20240429T172901_N0510_R055_T14SKC_20240430T001051' (Tile: T14SKC)
2025-10-24 11:49:13,086 consumer #0 [INFO] Created 6-band GeoTIFF: TX_early_season_2024/2024-04-29/S2A_MSIL2A_20240429T172901_N0510_R055_T14SKC_20240430T001051.tif
2025-10-24 11:49:13,101 consumer #0 [INFO] Successfully processed 'S2A_MSIL2A_20240429T172901_N0510_R055_T14SKC_20240430T001051' -> TX_early_season_2024/2024-04-29/S2A_MSIL2A_20240429T172901_N0510_R055_T14SKC_20240430T001051.tif
2025-10-24 11:49:13,102 consumer #0 [INFO] Processing feature: S2B_MSIL2A_20240501T171859_N0510_R012_T13SGS_20240501T214403 (Tile code: T13SGS)
2025-10-24 11:49:13,102 consumer #0 [INFO] Downloading 'S2B_MSIL2A_20240501T171859_N0510_R012_T13SGS_20240501T214403' (Tile: T13SGS)
2025-10-24 11:50:15,762 consumer #3 [INFO] Processing ZIP to 6-band for 'S2A_MSIL2A_20240906T172901_N0511_R055_T13SFT_20240907T001649' (Tile: T13SFT)
2025-10-24 11:50:20,635 consumer #1 [INFO] Processing ZIP to 6-band for 'S2A_MSIL2A_20240429T172901_N0510_R055_T13SGS_20240430T001051' (Tile: T13SGS)
2025-10-24 11:50:21,905 consumer #3 [INFO] Created 6-band GeoTIFF: TX_late_season_2024/2024-09-06/S2A_MSIL2A_20240906T172901_N0511_R055_T13SFT_20240907T001649.tif
2025-10-24 11:50:21,925 consumer #3 [INFO] Successfully processed 'S2A_MSIL2A_20240906T172901_N0511_R055_T13SFT_20240907T001649' -> TX_late_season_2024/2024-09-06/S2A_MSIL2A_20240906T172901_N0511_R055_T13SFT_20240907T001649.tif
2025-10-24 11:50:21,927 consumer #3 [INFO] Processing feature: S2A_MSIL2A_20240906T172901_N0511_R055_T14SKC_20240907T001649 (Tile code: T14SKC)
2025-10-24 11:50:21,928 consumer #3 [INFO] Downloading 'S2A_MSIL2A_20240906T172901_N0511_R055_T14SKC_20240907T001649' (Tile: T14SKC)
2025-10-24 11:50:25,994 consumer #1 [INFO] Created 6-band GeoTIFF: TX_early_season_2024/2024-04-29/S2A_MSIL2A_20240429T172901_N0510_R055_T13SGS_20240430T001051.tif
2025-10-24 11:50:26,025 consumer #1 [INFO] Successfully processed 'S2A_MSIL2A_20240429T172901_N0510_R055_T13SGS_20240430T001051' -> TX_early_season_2024/2024-04-29/S2A_MSIL2A_20240429T172901_N0510_R055_T13SGS_20240430T001051.tif
2025-10-24 11:50:26,026 consumer #1 [INFO] Processing feature: S2B_MSIL2A_20240501T171859_N0510_R012_T13SGT_20240501T214403 (Tile code: T13SGT)
2025-10-24 11:50:26,026 consumer #1 [INFO] Downloading 'S2B_MSIL2A_20240501T171859_N0510_R012_T13SGT_20240501T214403' (Tile: T13SGT)
2025-10-24 11:51:38,175 consumer #3 [INFO] Processing ZIP to 6-band for 'S2A_MSIL2A_20240429T172901_N0510_R055_T13SFR_20240430T001051' (Tile: T13SFR)
2025-10-24 11:51:41,885 consumer #0 [INFO] Processing ZIP to 6-band for 'S2A_MSIL2A_20240906T172901_N0511_R055_T13SGS_20240907T001649' (Tile: T13SGS)
2025-10-24 11:51:43,757 consumer #3 [INFO] Created 6-band GeoTIFF: TX_early_season_2024/2024-04-29/S2A_MSIL2A_20240429T172901_N0510_R055_T13SFR_20240430T001051.tif
2025-10-24 11:51:43,766 consumer #3 [INFO] Successfully processed 'S2A_MSIL2A_20240429T172901_N0510_R055_T13SFR_20240430T001051' -> TX_early_season_2024/2024-04-29/S2A_MSIL2A_20240429T172901_N0510_R055_T13SFR_20240430T001051.tif
2025-10-24 11:51:43,768 consumer #3 [INFO] Processing feature: S2B_MSIL2A_20240501T171859_N0510_R012_T14SKC_20240501T214403 (Tile code: T14SKC)
2025-10-24 11:51:43,768 consumer #3 [INFO] Downloading 'S2B_MSIL2A_20240501T171859_N0510_R012_T14SKC_20240501T214403' (Tile: T14SKC)
2025-10-24 11:51:48,569 consumer #0 [INFO] Created 6-band GeoTIFF: TX_late_season_2024/2024-09-06/S2A_MSIL2A_20240906T172901_N0511_R055_T13SGS_20240907T001649.tif
2025-10-24 11:51:48,587 consumer #0 [INFO] Successfully processed 'S2A_MSIL2A_20240906T172901_N0511_R055_T13SGS_20240907T001649' -> TX_late_season_2024/2024-09-06/S2A_MSIL2A_20240906T172901_N0511_R055_T13SGS_20240907T001649.tif
2025-10-24 11:51:48,587 consumer #0 [INFO] Processing feature: S2B_MSIL2A_20240908T171859_N0511_R012_T13SGS_20240908T215314 (Tile code: T13SGS)
2025-10-24 11:51:48,588 consumer #0 [INFO] Downloading 'S2B_MSIL2A_20240908T171859_N0511_R012_T13SGS_20240908T215314' (Tile: T13SGS)
2025-10-24 11:51:54,506 consumer #1 [INFO] Processing ZIP to 6-band for 'S2A_MSIL2A_20240906T172901_N0511_R055_T13SFR_20240907T001649' (Tile: T13SFR)
2025-10-24 11:52:01,206 consumer #1 [INFO] Created 6-band GeoTIFF: TX_late_season_2024/2024-09-06/S2A_MSIL2A_20240906T172901_N0511_R055_T13SFR_20240907T001649.tif
2025-10-24 11:52:01,224 consumer #1 [INFO] Successfully processed 'S2A_MSIL2A_20240906T172901_N0511_R055_T13SFR_20240907T001649' -> TX_late_season_2024/2024-09-06/S2A_MSIL2A_20240906T172901_N0511_R055_T13SFR_20240907T001649.tif
2025-10-24 11:52:01,235 consumer #1 [INFO] Processing feature: S2B_MSIL2A_20240908T171859_N0511_R012_T14SKB_20240908T215314 (Tile code: T14SKB)
2025-10-24 11:52:01,235 consumer #1 [INFO] Downloading 'S2B_MSIL2A_20240908T171859_N0511_R012_T14SKB_20240908T215314' (Tile: T14SKB)
2025-10-24 11:52:32,904 consumer #1 [INFO] Processing ZIP to 6-band for 'S2B_MSIL2A_20240603T172859_N0510_R055_T14SKC_20240603T214532' (Tile: T14SKC)
2025-10-24 11:52:37,714 consumer #1 [INFO] Created 6-band GeoTIFF: TX_mid_season_2024/2024-06-03/S2B_MSIL2A_20240603T172859_N0510_R055_T14SKC_20240603T214532.tif
2025-10-24 11:52:37,727 consumer #1 [INFO] Successfully processed 'S2B_MSIL2A_20240603T172859_N0510_R055_T14SKC_20240603T214532' -> TX_mid_season_2024/2024-06-03/S2B_MSIL2A_20240603T172859_N0510_R055_T14SKC_20240603T214532.tif
2025-10-24 11:52:37,727 consumer #1 [INFO] Processing feature: S2B_MSIL2A_20240613T172859_N0510_R055_T14SKA_20240613T212437 (Tile code: T14SKA)
2025-10-24 11:52:37,728 consumer #1 [INFO] Downloading 'S2B_MSIL2A_20240613T172859_N0510_R055_T14SKA_20240613T212437' (Tile: T14SKA)
2025-10-24 11:52:54,127 consumer #2 [INFO] Processing ZIP to 6-band for 'S2A_MSIL2A_20240906T172901_N0511_R055_T13SGR_20240907T001649' (Tile: T13SGR)
2025-10-24 11:52:59,393 consumer #2 [INFO] Created 6-band GeoTIFF: TX_late_season_2024/2024-09-06/S2A_MSIL2A_20240906T172901_N0511_R055_T13SGR_20240907T001649.tif
2025-10-24 11:52:59,411 consumer #2 [INFO] Successfully processed 'S2A_MSIL2A_20240906T172901_N0511_R055_T13SGR_20240907T001649' -> TX_late_season_2024/2024-09-06/S2A_MSIL2A_20240906T172901_N0511_R055_T13SGR_20240907T001649.tif
2025-10-24 11:52:59,413 consumer #2 [INFO] Processing feature: S2B_MSIL2A_20240908T171859_N0511_R012_T13SGT_20240908T215314 (Tile code: T13SGT)
2025-10-24 11:52:59,413 consumer #2 [INFO] Downloading 'S2B_MSIL2A_20240908T171859_N0511_R012_T13SGT_20240908T215314' (Tile: T13SGT)
2025-10-24 11:53:56,729 consumer #3 [INFO] Processing ZIP to 6-band for 'S2A_MSIL2A_20240605T171901_N0510_R012_T13SGT_20240606T005352' (Tile: T13SGT)
2025-10-24 11:53:59,635 consumer #3 [INFO] Created 6-band GeoTIFF: TX_mid_season_2024/2024-06-05/S2A_MSIL2A_20240605T171901_N0510_R012_T13SGT_20240606T005352.tif
2025-10-24 11:53:59,654 consumer #3 [INFO] Successfully processed 'S2A_MSIL2A_20240605T171901_N0510_R012_T13SGT_20240606T005352' -> TX_mid_season_2024/2024-06-05/S2A_MSIL2A_20240605T171901_N0510_R012_T13SGT_20240606T005352.tif
2025-10-24 11:53:59,655 consumer #3 [INFO] Processing feature: S2B_MSIL2A_20240613T172859_N0510_R055_T14SKB_20240613T212437 (Tile code: T14SKB)
2025-10-24 11:53:59,655 consumer #3 [INFO] Downloading 'S2B_MSIL2A_20240613T172859_N0510_R055_T14SKB_20240613T212437' (Tile: T14SKB)
2025-10-24 11:54:21,026 consumer #0 [INFO] Processing ZIP to 6-band for 'S2B_MSIL2A_20240501T171859_N0510_R012_T13SGS_20240501T214403' (Tile: T13SGS)
2025-10-24 11:54:24,445 consumer #0 [INFO] Created 6-band GeoTIFF: TX_early_season_2024/2024-05-01/S2B_MSIL2A_20240501T171859_N0510_R012_T13SGS_20240501T214403.tif
2025-10-24 11:54:24,459 consumer #0 [INFO] Successfully processed 'S2B_MSIL2A_20240501T171859_N0510_R012_T13SGS_20240501T214403' -> TX_early_season_2024/2024-05-01/S2B_MSIL2A_20240501T171859_N0510_R012_T13SGS_20240501T214403.tif
2025-10-24 11:54:24,460 consumer #0 [INFO] Processing feature: S2A_MSIL2A_20240506T171901_N0510_R012_T13SGS_20240506T235850 (Tile code: T13SGS)
2025-10-24 11:54:24,461 consumer #0 [INFO] Downloading 'S2A_MSIL2A_20240506T171901_N0510_R012_T13SGS_20240506T235850' (Tile: T13SGS)
2025-10-24 11:54:37,545 consumer #0 [INFO] Processing ZIP to 6-band for 'S2B_MSIL2A_20240908T171859_N0511_R012_T13SGS_20240908T215314' (Tile: T13SGS)
2025-10-24 11:54:41,034 consumer #0 [INFO] Created 6-band GeoTIFF: TX_late_season_2024/2024-09-08/S2B_MSIL2A_20240908T171859_N0511_R012_T13SGS_20240908T215314.tif
2025-10-24 11:54:41,050 consumer #0 [INFO] Successfully processed 'S2B_MSIL2A_20240908T171859_N0511_R012_T13SGS_20240908T215314' -> TX_late_season_2024/2024-09-08/S2B_MSIL2A_20240908T171859_N0511_R012_T13SGS_20240908T215314.tif
2025-10-24 11:54:41,051 consumer #0 [INFO] Processing feature: S2B_MSIL2A_20240908T171859_N0511_R012_T13SGR_20240908T215314 (Tile code: T13SGR)
2025-10-24 11:54:41,051 consumer #0 [INFO] Downloading 'S2B_MSIL2A_20240908T171859_N0511_R012_T13SGR_20240908T215314' (Tile: T13SGR)
2025-10-24 11:55:03,979 consumer #1 [INFO] Processing ZIP to 6-band for 'S2B_MSIL2A_20240613T172859_N0510_R055_T14SKA_20240613T212437' (Tile: T14SKA)
2025-10-24 11:55:06,959 consumer #1 [INFO] Created 6-band GeoTIFF: TX_mid_season_2024/2024-06-13/S2B_MSIL2A_20240613T172859_N0510_R055_T14SKA_20240613T212437.tif
2025-10-24 11:55:06,972 consumer #1 [INFO] Successfully processed 'S2B_MSIL2A_20240613T172859_N0510_R055_T14SKA_20240613T212437' -> TX_mid_season_2024/2024-06-13/S2B_MSIL2A_20240613T172859_N0510_R055_T14SKA_20240613T212437.tif
2025-10-24 11:55:06,973 consumer #1 [INFO] Processing feature: S2B_MSIL2A_20240613T172859_N0510_R055_T13SGT_20240613T212437 (Tile code: T13SGT)
2025-10-24 11:55:06,973 consumer #1 [INFO] Downloading 'S2B_MSIL2A_20240613T172859_N0510_R055_T13SGT_20240613T212437' (Tile: T13SGT)
2025-10-24 11:55:15,406 consumer #3 [INFO] Processing ZIP to 6-band for 'S2A_MSIL2A_20240906T172901_N0511_R055_T14SKC_20240907T001649' (Tile: T14SKC)
2025-10-24 11:55:20,238 consumer #3 [INFO] Created 6-band GeoTIFF: TX_late_season_2024/2024-09-06/S2A_MSIL2A_20240906T172901_N0511_R055_T14SKC_20240907T001649.tif
2025-10-24 11:55:20,253 consumer #3 [INFO] Successfully processed 'S2A_MSIL2A_20240906T172901_N0511_R055_T14SKC_20240907T001649' -> TX_late_season_2024/2024-09-06/S2A_MSIL2A_20240906T172901_N0511_R055_T14SKC_20240907T001649.tif
2025-10-24 11:55:20,253 consumer #3 [INFO] Processing feature: S2B_MSIL2A_20240908T171859_N0511_R012_T14SKC_20240908T215314 (Tile code: T14SKC)
2025-10-24 11:55:20,254 consumer #3 [INFO] Downloading 'S2B_MSIL2A_20240908T171859_N0511_R012_T14SKC_20240908T215314' (Tile: T14SKC)
2025-10-24 11:55:40,508 consumer #2 [INFO] Processing ZIP to 6-band for 'S2B_MSIL2A_20240908T171859_N0511_R012_T13SGT_20240908T215314' (Tile: T13SGT)
2025-10-24 11:55:43,326 consumer #2 [INFO] Created 6-band GeoTIFF: TX_late_season_2024/2024-09-08/S2B_MSIL2A_20240908T171859_N0511_R012_T13SGT_20240908T215314.tif
2025-10-24 11:55:43,337 consumer #2 [INFO] Successfully processed 'S2B_MSIL2A_20240908T171859_N0511_R012_T13SGT_20240908T215314' -> TX_late_season_2024/2024-09-08/S2B_MSIL2A_20240908T171859_N0511_R012_T13SGT_20240908T215314.tif
2025-10-24 11:55:43,338 consumer #2 [INFO] Processing feature: S2B_MSIL2A_20240908T171859_N0511_R012_T14SKA_20240908T215314 (Tile code: T14SKA)
2025-10-24 11:55:43,338 consumer #2 [INFO] Downloading 'S2B_MSIL2A_20240908T171859_N0511_R012_T14SKA_20240908T215314' (Tile: T14SKA)
2025-10-24 11:55:48,570 MainThread [INFO] Checking thread statuses...
2025-10-24 11:56:23,393 consumer #1 [INFO] Processing ZIP to 6-band for 'S2B_MSIL2A_20240501T171859_N0510_R012_T13SGT_20240501T214403' (Tile: T13SGT)
2025-10-24 11:56:26,327 consumer #1 [INFO] Created 6-band GeoTIFF: TX_early_season_2024/2024-05-01/S2B_MSIL2A_20240501T171859_N0510_R012_T13SGT_20240501T214403.tif
2025-10-24 11:56:26,341 consumer #1 [INFO] Successfully processed 'S2B_MSIL2A_20240501T171859_N0510_R012_T13SGT_20240501T214403' -> TX_early_season_2024/2024-05-01/S2B_MSIL2A_20240501T171859_N0510_R012_T13SGT_20240501T214403.tif
2025-10-24 11:56:26,342 consumer #1 [INFO] Processing feature: S2A_MSIL2A_20240506T171901_N0510_R012_T13SGT_20240506T235850 (Tile code: T13SGT)
2025-10-24 11:56:26,342 consumer #1 [INFO] Downloading 'S2A_MSIL2A_20240506T171901_N0510_R012_T13SGT_20240506T235850' (Tile: T13SGT)
2025-10-24 11:56:37,176 MainThread [INFO] Checking thread statuses...
2025-10-24 11:56:44,898 consumer #1 [INFO] Processing ZIP to 6-band for 'S2B_MSIL2A_20240613T172859_N0510_R055_T13SGT_20240613T212437' (Tile: T13SGT)
2025-10-24 11:56:50,369 consumer #1 [INFO] Created 6-band GeoTIFF: TX_mid_season_2024/2024-06-13/S2B_MSIL2A_20240613T172859_N0510_R055_T13SGT_20240613T212437.tif
2025-10-24 11:56:50,381 consumer #1 [INFO] Successfully processed 'S2B_MSIL2A_20240613T172859_N0510_R055_T13SGT_20240613T212437' -> TX_mid_season_2024/2024-06-13/S2B_MSIL2A_20240613T172859_N0510_R055_T13SGT_20240613T212437.tif
2025-10-24 11:56:50,382 consumer #1 [INFO] Processing feature: S2B_MSIL2A_20240613T172859_N0510_R055_T13SGR_20240613T212437 (Tile code: T13SGR)
2025-10-24 11:56:50,382 consumer #1 [INFO] Downloading 'S2B_MSIL2A_20240613T172859_N0510_R055_T13SGR_20240613T212437' (Tile: T13SGR)
2025-10-24 11:57:36,141 consumer #3 [INFO] Processing ZIP to 6-band for 'S2B_MSIL2A_20240908T171859_N0511_R012_T14SKC_20240908T215314' (Tile: T14SKC)
2025-10-24 11:57:40,963 consumer #3 [INFO] Created 6-band GeoTIFF: TX_late_season_2024/2024-09-08/S2B_MSIL2A_20240908T171859_N0511_R012_T14SKC_20240908T215314.tif
2025-10-24 11:57:40,976 consumer #3 [INFO] Successfully processed 'S2B_MSIL2A_20240908T171859_N0511_R012_T14SKC_20240908T215314' -> TX_late_season_2024/2024-09-08/S2B_MSIL2A_20240908T171859_N0511_R012_T14SKC_20240908T215314.tif
2025-10-24 11:57:40,977 consumer #3 [INFO] Processing feature: S2B_MSIL2A_20240911T172859_N0511_R055_T13SGT_20240911T214609 (Tile code: T13SGT)
2025-10-24 11:57:40,977 consumer #3 [INFO] Downloading 'S2B_MSIL2A_20240911T172859_N0511_R055_T13SGT_20240911T214609' (Tile: T13SGT)
2025-10-24 11:57:45,926 MainThread [INFO] Checking thread statuses...
2025-10-24 11:59:06,274 consumer #1 [INFO] Processing ZIP to 6-band for 'S2A_MSIL2A_20240506T171901_N0510_R012_T13SGT_20240506T235850' (Tile: T13SGT)
2025-10-24 11:59:09,200 consumer #1 [INFO] Created 6-band GeoTIFF: TX_early_season_2024/2024-05-06/S2A_MSIL2A_20240506T171901_N0510_R012_T13SGT_20240506T235850.tif
2025-10-24 11:59:09,217 consumer #1 [INFO] Successfully processed 'S2A_MSIL2A_20240506T171901_N0510_R012_T13SGT_20240506T235850' -> TX_early_season_2024/2024-05-06/S2A_MSIL2A_20240506T171901_N0510_R012_T13SGT_20240506T235850.tif
2025-10-24 11:59:09,218 consumer #1 [INFO] Processing feature: S2A_MSIL2A_20240506T171901_N0510_R012_T13SGR_20240506T235850 (Tile code: T13SGR)
2025-10-24 11:59:09,218 consumer #1 [INFO] Downloading 'S2A_MSIL2A_20240506T171901_N0510_R012_T13SGR_20240506T235850' (Tile: T13SGR)
2025-10-24 11:59:24,347 consumer #2 [INFO] Processing ZIP to 6-band for 'S2B_MSIL2A_20240908T171859_N0511_R012_T14SKA_20240908T215314' (Tile: T14SKA)
2025-10-24 11:59:30,011 consumer #2 [INFO] Created 6-band GeoTIFF: TX_late_season_2024/2024-09-08/S2B_MSIL2A_20240908T171859_N0511_R012_T14SKA_20240908T215314.tif
2025-10-24 11:59:30,026 consumer #2 [INFO] Successfully processed 'S2B_MSIL2A_20240908T171859_N0511_R012_T14SKA_20240908T215314' -> TX_late_season_2024/2024-09-08/S2B_MSIL2A_20240908T171859_N0511_R012_T14SKA_20240908T215314.tif
2025-10-24 11:59:30,027 consumer #2 [INFO] Processing feature: S2B_MSIL2A_20240911T172859_N0511_R055_T13SGS_20240911T214609 (Tile code: T13SGS)
2025-10-24 11:59:30,027 consumer #2 [INFO] Downloading 'S2B_MSIL2A_20240911T172859_N0511_R055_T13SGS_20240911T214609' (Tile: T13SGS)
2025-10-24 12:00:29,677 consumer #3 [INFO] Processing ZIP to 6-band for 'S2B_MSIL2A_20240613T172859_N0510_R055_T14SKB_20240613T212437' (Tile: T14SKB)
2025-10-24 12:00:31,671 consumer #0 [INFO] Processing ZIP to 6-band for 'S2A_MSIL2A_20240605T171901_N0510_R012_T13SGR_20240606T000150' (Tile: T13SGR)
2025-10-24 12:00:33,796 consumer #3 [INFO] Created 6-band GeoTIFF: TX_mid_season_2024/2024-06-13/S2B_MSIL2A_20240613T172859_N0510_R055_T14SKB_20240613T212437.tif
2025-10-24 12:00:33,808 consumer #3 [INFO] Successfully processed 'S2B_MSIL2A_20240613T172859_N0510_R055_T14SKB_20240613T212437' -> TX_mid_season_2024/2024-06-13/S2B_MSIL2A_20240613T172859_N0510_R055_T14SKB_20240613T212437.tif
2025-10-24 12:00:33,808 consumer #3 [INFO] Processing feature: S2B_MSIL2A_20240613T172859_N0510_R055_T13SFR_20240613T212437 (Tile code: T13SFR)
2025-10-24 12:00:33,809 consumer #3 [INFO] Downloading 'S2B_MSIL2A_20240613T172859_N0510_R055_T13SFR_20240613T212437' (Tile: T13SFR)
2025-10-24 12:00:37,836 consumer #0 [INFO] Created 6-band GeoTIFF: TX_mid_season_2024/2024-06-05/S2A_MSIL2A_20240605T171901_N0510_R012_T13SGR_20240606T000150.tif
2025-10-24 12:00:37,851 consumer #0 [INFO] Successfully processed 'S2A_MSIL2A_20240605T171901_N0510_R012_T13SGR_20240606T000150' -> TX_mid_season_2024/2024-06-05/S2A_MSIL2A_20240605T171901_N0510_R012_T13SGR_20240606T000150.tif
2025-10-24 12:00:37,851 consumer #0 [INFO] Processing feature: S2B_MSIL2A_20240613T172859_N0510_R055_T13SGS_20240613T212437 (Tile code: T13SGS)
2025-10-24 12:00:37,852 consumer #0 [INFO] Downloading 'S2B_MSIL2A_20240613T172859_N0510_R055_T13SGS_20240613T212437' (Tile: T13SGS)
2025-10-24 12:00:40,551 consumer #3 [INFO] Processing ZIP to 6-band for 'S2B_MSIL2A_20240501T171859_N0510_R012_T14SKC_20240501T214403' (Tile: T14SKC)
2025-10-24 12:00:45,632 consumer #3 [INFO] Created 6-band GeoTIFF: TX_early_season_2024/2024-05-01/S2B_MSIL2A_20240501T171859_N0510_R012_T14SKC_20240501T214403.tif
2025-10-24 12:00:45,648 consumer #3 [INFO] Successfully processed 'S2B_MSIL2A_20240501T171859_N0510_R012_T14SKC_20240501T214403' -> TX_early_season_2024/2024-05-01/S2B_MSIL2A_20240501T171859_N0510_R012_T14SKC_20240501T214403.tif
2025-10-24 12:00:45,648 consumer #3 [INFO] Processing feature: S2A_MSIL2A_20240506T171901_N0510_R012_T14SKB_20240506T235850 (Tile code: T14SKB)
2025-10-24 12:00:45,649 consumer #3 [INFO] Downloading 'S2A_MSIL2A_20240506T171901_N0510_R012_T14SKB_20240506T235850' (Tile: T14SKB)
2025-10-24 12:01:45,345 consumer #3 [INFO] Processing ZIP to 6-band for 'S2B_MSIL2A_20240613T172859_N0510_R055_T13SFR_20240613T212437' (Tile: T13SFR)
2025-10-24 12:01:51,237 consumer #3 [INFO] Created 6-band GeoTIFF: TX_mid_season_2024/2024-06-13/S2B_MSIL2A_20240613T172859_N0510_R055_T13SFR_20240613T212437.tif
2025-10-24 12:01:51,264 consumer #3 [INFO] Successfully processed 'S2B_MSIL2A_20240613T172859_N0510_R055_T13SFR_20240613T212437' -> TX_mid_season_2024/2024-06-13/S2B_MSIL2A_20240613T172859_N0510_R055_T13SFR_20240613T212437.tif
2025-10-24 12:01:51,264 consumer #3 [INFO] Processing feature: S2B_MSIL2A_20240613T172859_N0510_R055_T14SKC_20240613T212437 (Tile code: T14SKC)
2025-10-24 12:01:51,265 consumer #3 [INFO] Downloading 'S2B_MSIL2A_20240613T172859_N0510_R055_T14SKC_20240613T212437' (Tile: T14SKC)
2025-10-24 12:01:55,963 consumer #2 [INFO] Processing ZIP to 6-band for 'S2A_MSIL2A_20240605T171901_N0510_R012_T14SKB_20240606T005352' (Tile: T14SKB)
2025-10-24 12:02:00,777 consumer #2 [INFO] Created 6-band GeoTIFF: TX_mid_season_2024/2024-06-05/S2A_MSIL2A_20240605T171901_N0510_R012_T14SKB_20240606T005352.tif
2025-10-24 12:02:00,795 consumer #2 [INFO] Successfully processed 'S2A_MSIL2A_20240605T171901_N0510_R012_T14SKB_20240606T005352' -> TX_mid_season_2024/2024-06-05/S2A_MSIL2A_20240605T171901_N0510_R012_T14SKB_20240606T005352.tif
2025-10-24 12:02:00,795 consumer #2 [INFO] Processing feature: S2B_MSIL2A_20240613T172859_N0510_R055_T13SFT_20240613T212437 (Tile code: T13SFT)
2025-10-24 12:02:00,795 consumer #2 [INFO] Downloading 'S2B_MSIL2A_20240613T172859_N0510_R055_T13SFT_20240613T212437' (Tile: T13SFT)
2025-10-24 12:02:41,279 consumer #0 [INFO] Processing ZIP to 6-band for 'S2B_MSIL2A_20240908T171859_N0511_R012_T13SGR_20240908T215314' (Tile: T13SGR)
2025-10-24 12:02:45,767 consumer #0 [INFO] Created 6-band GeoTIFF: TX_late_season_2024/2024-09-08/S2B_MSIL2A_20240908T171859_N0511_R012_T13SGR_20240908T215314.tif
2025-10-24 12:02:45,786 consumer #0 [INFO] Successfully processed 'S2B_MSIL2A_20240908T171859_N0511_R012_T13SGR_20240908T215314' -> TX_late_season_2024/2024-09-08/S2B_MSIL2A_20240908T171859_N0511_R012_T13SGR_20240908T215314.tif
2025-10-24 12:02:45,786 consumer #0 [INFO] Processing feature: S2B_MSIL2A_20240911T172859_N0511_R055_T14SKA_20240911T214609 (Tile code: T14SKA)
2025-10-24 12:02:45,787 consumer #0 [INFO] Downloading 'S2B_MSIL2A_20240911T172859_N0511_R055_T14SKA_20240911T214609' (Tile: T14SKA)
2025-10-24 12:02:49,132 consumer #2 [INFO] Processing ZIP to 6-band for 'S2B_MSIL2A_20240911T172859_N0511_R055_T13SGS_20240911T214609' (Tile: T13SGS)
2025-10-24 12:02:54,753 consumer #2 [INFO] Created 6-band GeoTIFF: TX_late_season_2024/2024-09-11/S2B_MSIL2A_20240911T172859_N0511_R055_T13SGS_20240911T214609.tif
2025-10-24 12:02:54,766 consumer #2 [INFO] Successfully processed 'S2B_MSIL2A_20240911T172859_N0511_R055_T13SGS_20240911T214609' -> TX_late_season_2024/2024-09-11/S2B_MSIL2A_20240911T172859_N0511_R055_T13SGS_20240911T214609.tif
2025-10-24 12:02:54,767 consumer #2 [INFO] Processing feature: S2B_MSIL2A_20240911T172859_N0511_R055_T13SFS_20240911T214609 (Tile code: T13SFS)
2025-10-24 12:02:54,767 consumer #2 [INFO] Downloading 'S2B_MSIL2A_20240911T172859_N0511_R055_T13SFS_20240911T214609' (Tile: T13SFS)
2025-10-24 12:03:48,571 MainThread [INFO] Checking thread statuses...
2025-10-24 12:04:37,177 MainThread [INFO] Checking thread statuses...
2025-10-24 12:05:26,004 consumer #3 [INFO] Processing ZIP to 6-band for 'S2A_MSIL2A_20240506T171901_N0510_R012_T14SKB_20240506T235850' (Tile: T14SKB)
2025-10-24 12:05:31,980 consumer #3 [INFO] Created 6-band GeoTIFF: TX_early_season_2024/2024-05-06/S2A_MSIL2A_20240506T171901_N0510_R012_T14SKB_20240506T235850.tif
2025-10-24 12:05:31,998 consumer #3 [INFO] Successfully processed 'S2A_MSIL2A_20240506T171901_N0510_R012_T14SKB_20240506T235850' -> TX_early_season_2024/2024-05-06/S2A_MSIL2A_20240506T171901_N0510_R012_T14SKB_20240506T235850.tif
2025-10-24 12:05:31,999 consumer #3 [INFO] Processing feature: S2A_MSIL2A_20240506T171901_N0510_R012_T14SKC_20240506T235850 (Tile code: T14SKC)
2025-10-24 12:05:31,999 consumer #3 [INFO] Downloading 'S2A_MSIL2A_20240506T171901_N0510_R012_T14SKC_20240506T235850' (Tile: T14SKC)
2025-10-24 12:06:09,760 consumer #1 [INFO] Processing ZIP to 6-band for 'S2A_MSIL2A_20240506T171901_N0510_R012_T13SGR_20240506T235850' (Tile: T13SGR)
2025-10-24 12:06:14,064 consumer #1 [INFO] Created 6-band GeoTIFF: TX_early_season_2024/2024-05-06/S2A_MSIL2A_20240506T171901_N0510_R012_T13SGR_20240506T235850.tif
2025-10-24 12:06:14,076 consumer #1 [INFO] Successfully processed 'S2A_MSIL2A_20240506T171901_N0510_R012_T13SGR_20240506T235850' -> TX_early_season_2024/2024-05-06/S2A_MSIL2A_20240506T171901_N0510_R012_T13SGR_20240506T235850.tif
2025-10-24 12:06:14,076 consumer #1 [INFO] Processing feature: S2A_MSIL2A_20240506T171901_N0510_R012_T14SKA_20240506T235850 (Tile code: T14SKA)
2025-10-24 12:06:14,085 consumer #1 [INFO] Downloading 'S2A_MSIL2A_20240506T171901_N0510_R012_T14SKA_20240506T235850' (Tile: T14SKA)
2025-10-24 12:06:36,692 consumer #0 [INFO] Processing ZIP to 6-band for 'S2B_MSIL2A_20240911T172859_N0511_R055_T14SKA_20240911T214609' (Tile: T14SKA)
2025-10-24 12:06:39,745 consumer #0 [INFO] Created 6-band GeoTIFF: TX_late_season_2024/2024-09-11/S2B_MSIL2A_20240911T172859_N0511_R055_T14SKA_20240911T214609.tif
2025-10-24 12:06:39,756 consumer #0 [INFO] Successfully processed 'S2B_MSIL2A_20240911T172859_N0511_R055_T14SKA_20240911T214609' -> TX_late_season_2024/2024-09-11/S2B_MSIL2A_20240911T172859_N0511_R055_T14SKA_20240911T214609.tif
2025-10-24 12:06:39,756 consumer #0 [INFO] Processing feature: S2B_MSIL2A_20240911T172859_N0511_R055_T13SFR_20240911T214609 (Tile code: T13SFR)
2025-10-24 12:06:39,756 consumer #0 [INFO] Downloading 'S2B_MSIL2A_20240911T172859_N0511_R055_T13SFR_20240911T214609' (Tile: T13SFR)
2025-10-24 12:06:47,750 consumer #2 [INFO] Processing ZIP to 6-band for 'S2B_MSIL2A_20240613T172859_N0510_R055_T13SFT_20240613T212437' (Tile: T13SFT)
2025-10-24 12:06:53,407 consumer #2 [INFO] Created 6-band GeoTIFF: TX_mid_season_2024/2024-06-13/S2B_MSIL2A_20240613T172859_N0510_R055_T13SFT_20240613T212437.tif
2025-10-24 12:06:53,419 consumer #2 [INFO] Successfully processed 'S2B_MSIL2A_20240613T172859_N0510_R055_T13SFT_20240613T212437' -> TX_mid_season_2024/2024-06-13/S2B_MSIL2A_20240613T172859_N0510_R055_T13SFT_20240613T212437.tif
2025-10-24 12:06:53,420 consumer #2 [INFO] Processing feature: S2B_MSIL2A_20240613T172859_N0510_R055_T13SFS_20240613T212437 (Tile code: T13SFS)
2025-10-24 12:06:53,420 consumer #2 [INFO] Downloading 'S2B_MSIL2A_20240613T172859_N0510_R055_T13SFS_20240613T212437' (Tile: T13SFS)
2025-10-24 12:07:45,927 MainThread [INFO] Checking thread statuses...
2025-10-24 12:07:51,180 consumer #2 [INFO] Processing ZIP to 6-band for 'S2B_MSIL2A_20240911T172859_N0511_R055_T13SFS_20240911T214609' (Tile: T13SFS)
2025-10-24 12:07:53,623 consumer #1 [INFO] Processing ZIP to 6-band for 'S2A_MSIL2A_20240506T171901_N0510_R012_T14SKA_20240506T235850' (Tile: T14SKA)
2025-10-24 12:07:57,027 consumer #2 [INFO] Created 6-band GeoTIFF: TX_late_season_2024/2024-09-11/S2B_MSIL2A_20240911T172859_N0511_R055_T13SFS_20240911T214609.tif
2025-10-24 12:07:57,038 consumer #2 [INFO] Successfully processed 'S2B_MSIL2A_20240911T172859_N0511_R055_T13SFS_20240911T214609' -> TX_late_season_2024/2024-09-11/S2B_MSIL2A_20240911T172859_N0511_R055_T13SFS_20240911T214609.tif
2025-10-24 12:07:57,038 consumer #2 [INFO] Processing feature: S2B_MSIL2A_20240911T172859_N0511_R055_T14SKB_20240911T214609 (Tile code: T14SKB)
2025-10-24 12:07:57,038 consumer #2 [INFO] Downloading 'S2B_MSIL2A_20240911T172859_N0511_R055_T14SKB_20240911T214609' (Tile: T14SKB)
2025-10-24 12:07:59,345 consumer #1 [INFO] Created 6-band GeoTIFF: TX_early_season_2024/2024-05-06/S2A_MSIL2A_20240506T171901_N0510_R012_T14SKA_20240506T235850.tif
2025-10-24 12:07:59,373 consumer #1 [INFO] Successfully processed 'S2A_MSIL2A_20240506T171901_N0510_R012_T14SKA_20240506T235850' -> TX_early_season_2024/2024-05-06/S2A_MSIL2A_20240506T171901_N0510_R012_T14SKA_20240506T235850.tif
2025-10-24 12:07:59,373 consumer #1 [INFO] Processing feature: S2A_MSIL2A_20240509T172901_N0510_R055_T14SKB_20240510T002045 (Tile code: T14SKB)
2025-10-24 12:07:59,374 consumer #1 [INFO] Downloading 'S2A_MSIL2A_20240509T172901_N0510_R055_T14SKB_20240510T002045' (Tile: T14SKB)
2025-10-24 12:08:18,089 consumer #2 [INFO] Processing ZIP to 6-band for 'S2A_MSIL2A_20240429T172901_N0510_R055_T13SFS_20240430T001051' (Tile: T13SFS)
2025-10-24 12:08:23,912 consumer #2 [INFO] Created 6-band GeoTIFF: TX_early_season_2024/2024-04-29/S2A_MSIL2A_20240429T172901_N0510_R055_T13SFS_20240430T001051.tif
2025-10-24 12:08:23,929 consumer #2 [INFO] Successfully processed 'S2A_MSIL2A_20240429T172901_N0510_R055_T13SFS_20240430T001051' -> TX_early_season_2024/2024-04-29/S2A_MSIL2A_20240429T172901_N0510_R055_T13SFS_20240430T001051.tif
2025-10-24 12:08:23,929 consumer #2 [INFO] Processing feature: S2A_MSIL2A_20240509T172901_N0510_R055_T13SFT_20240510T002045 (Tile code: T13SFT)
2025-10-24 12:08:23,945 consumer #2 [INFO] Downloading 'S2A_MSIL2A_20240509T172901_N0510_R055_T13SFT_20240510T002045' (Tile: T13SFT)
2025-10-24 12:09:05,101 consumer #0 [INFO] Processing ZIP to 6-band for 'S2B_MSIL2A_20240613T172859_N0510_R055_T13SGS_20240613T212437' (Tile: T13SGS)
2025-10-24 12:09:10,638 consumer #0 [INFO] Created 6-band GeoTIFF: TX_mid_season_2024/2024-06-13/S2B_MSIL2A_20240613T172859_N0510_R055_T13SGS_20240613T212437.tif
2025-10-24 12:09:10,650 consumer #0 [INFO] Successfully processed 'S2B_MSIL2A_20240613T172859_N0510_R055_T13SGS_20240613T212437' -> TX_mid_season_2024/2024-06-13/S2B_MSIL2A_20240613T172859_N0510_R055_T13SGS_20240613T212437.tif
2025-10-24 12:09:10,650 consumer #0 [INFO] Processing feature: S2A_MSIL2A_20240615T171901_N0510_R012_T14SKB_20240616T001402 (Tile code: T14SKB)
2025-10-24 12:09:10,651 consumer #0 [INFO] Downloading 'S2A_MSIL2A_20240615T171901_N0510_R012_T14SKB_20240616T001402' (Tile: T14SKB)
2025-10-24 12:09:32,818 consumer #3 [INFO] Processing ZIP to 6-band for 'S2B_MSIL2A_20240911T172859_N0511_R055_T13SGT_20240911T214609' (Tile: T13SGT)
2025-10-24 12:09:33,247 consumer #0 [INFO] Processing ZIP to 6-band for 'S2A_MSIL2A_20240506T171901_N0510_R012_T13SGS_20240506T235850' (Tile: T13SGS)
2025-10-24 12:09:36,972 consumer #0 [INFO] Created 6-band GeoTIFF: TX_early_season_2024/2024-05-06/S2A_MSIL2A_20240506T171901_N0510_R012_T13SGS_20240506T235850.tif
2025-10-24 12:09:36,986 consumer #0 [INFO] Successfully processed 'S2A_MSIL2A_20240506T171901_N0510_R012_T13SGS_20240506T235850' -> TX_early_season_2024/2024-05-06/S2A_MSIL2A_20240506T171901_N0510_R012_T13SGS_20240506T235850.tif
2025-10-24 12:09:36,986 consumer #0 [INFO] Processing feature: S2A_MSIL2A_20240509T172901_N0510_R055_T14SKA_20240510T002045 (Tile code: T14SKA)
2025-10-24 12:09:36,987 consumer #0 [INFO] Downloading 'S2A_MSIL2A_20240509T172901_N0510_R055_T14SKA_20240510T002045' (Tile: T14SKA)
2025-10-24 12:09:38,506 consumer #3 [INFO] Created 6-band GeoTIFF: TX_late_season_2024/2024-09-11/S2B_MSIL2A_20240911T172859_N0511_R055_T13SGT_20240911T214609.tif
2025-10-24 12:09:38,524 consumer #3 [INFO] Successfully processed 'S2B_MSIL2A_20240911T172859_N0511_R055_T13SGT_20240911T214609' -> TX_late_season_2024/2024-09-11/S2B_MSIL2A_20240911T172859_N0511_R055_T13SGT_20240911T214609.tif
2025-10-24 12:09:38,525 consumer #3 [INFO] Processing feature: S2B_MSIL2A_20240911T172859_N0511_R055_T13SGR_20240911T214609 (Tile code: T13SGR)
2025-10-24 12:09:38,525 consumer #3 [INFO] Downloading 'S2B_MSIL2A_20240911T172859_N0511_R055_T13SGR_20240911T214609' (Tile: T13SGR)
2025-10-24 12:09:58,600 consumer #3 [INFO] Processing ZIP to 6-band for 'S2A_MSIL2A_20240506T171901_N0510_R012_T14SKC_20240506T235850' (Tile: T14SKC)
2025-10-24 12:10:03,599 consumer #3 [INFO] Created 6-band GeoTIFF: TX_early_season_2024/2024-05-06/S2A_MSIL2A_20240506T171901_N0510_R012_T14SKC_20240506T235850.tif
2025-10-24 12:10:03,612 consumer #3 [INFO] Successfully processed 'S2A_MSIL2A_20240506T171901_N0510_R012_T14SKC_20240506T235850' -> TX_early_season_2024/2024-05-06/S2A_MSIL2A_20240506T171901_N0510_R012_T14SKC_20240506T235850.tif
2025-10-24 12:10:03,613 consumer #3 [INFO] Processing feature: S2A_MSIL2A_20240509T172901_N0510_R055_T13SGR_20240510T002045 (Tile code: T13SGR)
2025-10-24 12:10:03,613 consumer #3 [INFO] Downloading 'S2A_MSIL2A_20240509T172901_N0510_R055_T13SGR_20240510T002045' (Tile: T13SGR)
2025-10-24 12:11:06,673 consumer #3 [INFO] Processing ZIP to 6-band for 'S2B_MSIL2A_20240911T172859_N0511_R055_T13SGR_20240911T214609' (Tile: T13SGR)
2025-10-24 12:11:12,155 consumer #3 [INFO] Created 6-band GeoTIFF: TX_late_season_2024/2024-09-11/S2B_MSIL2A_20240911T172859_N0511_R055_T13SGR_20240911T214609.tif
2025-10-24 12:11:12,173 consumer #3 [INFO] Successfully processed 'S2B_MSIL2A_20240911T172859_N0511_R055_T13SGR_20240911T214609' -> TX_late_season_2024/2024-09-11/S2B_MSIL2A_20240911T172859_N0511_R055_T13SGR_20240911T214609.tif
2025-10-24 12:11:12,173 consumer #3 [INFO] Processing feature: S2B_MSIL2A_20240911T172859_N0511_R055_T13SFT_20240911T214609 (Tile code: T13SFT)
2025-10-24 12:11:12,188 consumer #3 [INFO] Downloading 'S2B_MSIL2A_20240911T172859_N0511_R055_T13SFT_20240911T214609' (Tile: T13SFT)
2025-10-24 12:11:15,971 consumer #0 [INFO] Processing ZIP to 6-band for 'S2A_MSIL2A_20240615T171901_N0510_R012_T14SKB_20240616T001402' (Tile: T14SKB)
2025-10-24 12:11:21,789 consumer #0 [INFO] Created 6-band GeoTIFF: TX_mid_season_2024/2024-06-15/S2A_MSIL2A_20240615T171901_N0510_R012_T14SKB_20240616T001402.tif
2025-10-24 12:11:21,803 consumer #0 [INFO] Successfully processed 'S2A_MSIL2A_20240615T171901_N0510_R012_T14SKB_20240616T001402' -> TX_mid_season_2024/2024-06-15/S2A_MSIL2A_20240615T171901_N0510_R012_T14SKB_20240616T001402.tif
2025-10-24 12:11:21,803 consumer #0 [INFO] Processing feature: S2A_MSIL2A_20240615T171901_N0510_R012_T13SGR_20240616T001402 (Tile code: T13SGR)
2025-10-24 12:11:21,804 consumer #0 [INFO] Downloading 'S2A_MSIL2A_20240615T171901_N0510_R012_T13SGR_20240616T001402' (Tile: T13SGR)
2025-10-24 12:11:48,572 MainThread [INFO] Checking thread statuses...
2025-10-24 12:11:57,147 consumer #1 [INFO] Processing ZIP to 6-band for 'S2B_MSIL2A_20240908T171859_N0511_R012_T14SKB_20240908T215314' (Tile: T14SKB)
2025-10-24 12:12:02,765 consumer #1 [INFO] Created 6-band GeoTIFF: TX_late_season_2024/2024-09-08/S2B_MSIL2A_20240908T171859_N0511_R012_T14SKB_20240908T215314.tif
2025-10-24 12:12:02,781 consumer #1 [INFO] Successfully processed 'S2B_MSIL2A_20240908T171859_N0511_R012_T14SKB_20240908T215314' -> TX_late_season_2024/2024-09-08/S2B_MSIL2A_20240908T171859_N0511_R012_T14SKB_20240908T215314.tif
2025-10-24 12:12:02,781 consumer #1 [INFO] Processing feature: S2B_MSIL2A_20240911T172859_N0511_R055_T14SKC_20240911T214609 (Tile code: T14SKC)
2025-10-24 12:12:02,782 consumer #1 [INFO] Downloading 'S2B_MSIL2A_20240911T172859_N0511_R055_T14SKC_20240911T214609' (Tile: T14SKC)
2025-10-24 12:12:18,259 consumer #0 [INFO] Processing ZIP to 6-band for 'S2B_MSIL2A_20240911T172859_N0511_R055_T13SFR_20240911T214609' (Tile: T13SFR)
2025-10-24 12:12:23,924 consumer #0 [INFO] Created 6-band GeoTIFF: TX_late_season_2024/2024-09-11/S2B_MSIL2A_20240911T172859_N0511_R055_T13SFR_20240911T214609.tif
2025-10-24 12:12:23,941 consumer #0 [INFO] Successfully processed 'S2B_MSIL2A_20240911T172859_N0511_R055_T13SFR_20240911T214609' -> TX_late_season_2024/2024-09-11/S2B_MSIL2A_20240911T172859_N0511_R055_T13SFR_20240911T214609.tif
2025-10-24 12:12:23,942 consumer #0 [INFO] Processing feature: S2A_MSIL2A_20240913T171921_N0511_R012_T13SGT_20240913T231552 (Tile code: T13SGT)
2025-10-24 12:12:23,942 consumer #0 [INFO] Downloading 'S2A_MSIL2A_20240913T171921_N0511_R012_T13SGT_20240913T231552' (Tile: T13SGT)
2025-10-24 12:12:37,178 MainThread [INFO] Checking thread statuses...
2025-10-24 12:13:00,706 consumer #2 [INFO] Processing ZIP to 6-band for 'S2B_MSIL2A_20240613T172859_N0510_R055_T13SFS_20240613T212437' (Tile: T13SFS)
2025-10-24 12:13:06,353 consumer #2 [INFO] Created 6-band GeoTIFF: TX_mid_season_2024/2024-06-13/S2B_MSIL2A_20240613T172859_N0510_R055_T13SFS_20240613T212437.tif
2025-10-24 12:13:06,369 consumer #2 [INFO] Successfully processed 'S2B_MSIL2A_20240613T172859_N0510_R055_T13SFS_20240613T212437' -> TX_mid_season_2024/2024-06-13/S2B_MSIL2A_20240613T172859_N0510_R055_T13SFS_20240613T212437.tif
2025-10-24 12:13:06,371 consumer #2 [INFO] Processing feature: S2A_MSIL2A_20240615T171901_N0510_R012_T14SKC_20240616T001402 (Tile code: T14SKC)
2025-10-24 12:13:06,371 consumer #2 [INFO] Downloading 'S2A_MSIL2A_20240615T171901_N0510_R012_T14SKC_20240616T001402' (Tile: T14SKC)
2025-10-24 12:13:22,775 consumer #1 [INFO] Processing ZIP to 6-band for 'S2B_MSIL2A_20240911T172859_N0511_R055_T14SKC_20240911T214609' (Tile: T14SKC)
2025-10-24 12:13:27,931 consumer #1 [INFO] Created 6-band GeoTIFF: TX_late_season_2024/2024-09-11/S2B_MSIL2A_20240911T172859_N0511_R055_T14SKC_20240911T214609.tif
2025-10-24 12:13:27,952 consumer #1 [INFO] Successfully processed 'S2B_MSIL2A_20240911T172859_N0511_R055_T14SKC_20240911T214609' -> TX_late_season_2024/2024-09-11/S2B_MSIL2A_20240911T172859_N0511_R055_T14SKC_20240911T214609.tif
2025-10-24 12:13:27,966 consumer #1 [INFO] Processing feature: S2A_MSIL2A_20240913T171921_N0511_R012_T13SGS_20240913T231552 (Tile code: T13SGS)
2025-10-24 12:13:27,966 consumer #1 [INFO] Downloading 'S2A_MSIL2A_20240913T171921_N0511_R012_T13SGS_20240913T231552' (Tile: T13SGS)
2025-10-24 12:13:29,672 consumer #3 [INFO] Processing ZIP to 6-band for 'S2B_MSIL2A_20240911T172859_N0511_R055_T13SFT_20240911T214609' (Tile: T13SFT)
2025-10-24 12:13:35,417 consumer #3 [INFO] Created 6-band GeoTIFF: TX_late_season_2024/2024-09-11/S2B_MSIL2A_20240911T172859_N0511_R055_T13SFT_20240911T214609.tif
2025-10-24 12:13:35,432 consumer #3 [INFO] Successfully processed 'S2B_MSIL2A_20240911T172859_N0511_R055_T13SFT_20240911T214609' -> TX_late_season_2024/2024-09-11/S2B_MSIL2A_20240911T172859_N0511_R055_T13SFT_20240911T214609.tif
2025-10-24 12:13:35,432 consumer #3 [INFO] Processing feature: S2A_MSIL2A_20240913T171921_N0511_R012_T13SGR_20240913T231552 (Tile code: T13SGR)
2025-10-24 12:13:35,432 consumer #3 [INFO] Downloading 'S2A_MSIL2A_20240913T171921_N0511_R012_T13SGR_20240913T231552' (Tile: T13SGR)
2025-10-24 12:13:47,044 consumer #0 [INFO] Processing ZIP to 6-band for 'S2A_MSIL2A_20240913T171921_N0511_R012_T13SGT_20240913T231552' (Tile: T13SGT)
2025-10-24 12:13:49,899 consumer #0 [INFO] Created 6-band GeoTIFF: TX_late_season_2024/2024-09-13/S2A_MSIL2A_20240913T171921_N0511_R012_T13SGT_20240913T231552.tif
2025-10-24 12:13:49,912 consumer #0 [INFO] Successfully processed 'S2A_MSIL2A_20240913T171921_N0511_R012_T13SGT_20240913T231552' -> TX_late_season_2024/2024-09-13/S2A_MSIL2A_20240913T171921_N0511_R012_T13SGT_20240913T231552.tif
2025-10-24 12:13:49,913 consumer #0 [INFO] Processing feature: S2A_MSIL2A_20240913T171921_N0511_R012_T14SKC_20240913T231552 (Tile code: T14SKC)
2025-10-24 12:13:49,913 consumer #0 [INFO] Downloading 'S2A_MSIL2A_20240913T171921_N0511_R012_T14SKC_20240913T231552' (Tile: T14SKC)
2025-10-24 12:13:58,860 consumer #1 [ERROR] Error processing S2B_MSIL2A_20240613T172859_N0510_R055_T13SGR_20240613T212437: join() argument must be str, bytes, or os.PathLike object, not 'NoneType'
2025-10-24 12:13:58,860 consumer #1 [WARNING] Retrying S2B_MSIL2A_20240613T172859_N0510_R055_T13SGR_20240613T212437, remaining: 3
2025-10-24 12:13:58,860 consumer #1 [INFO] Processing feature: S2B_MSIL2A_20240613T172859_N0510_R055_T13SGR_20240613T212437 (Tile code: T13SGR)
2025-10-24 12:13:58,861 consumer #1 [INFO] Downloading 'S2B_MSIL2A_20240613T172859_N0510_R055_T13SGR_20240613T212437' (Tile: T13SGR)
2025-10-24 12:14:04,048 consumer #3 [ERROR] Error processing S2B_MSIL2A_20240613T172859_N0510_R055_T14SKC_20240613T212437: [Errno 2] No such file or directory: 'TX_mid_season_2024/2024-06-13/S2B_MSIL2A_20240613T172859_N0510_R055_T14SKC_20240613T212437.SAFE.zip'
2025-10-24 12:14:04,050 consumer #3 [WARNING] Retrying S2B_MSIL2A_20240613T172859_N0510_R055_T14SKC_20240613T212437, remaining: 3
2025-10-24 12:14:04,050 consumer #3 [INFO] Processing feature: S2B_MSIL2A_20240613T172859_N0510_R055_T14SKC_20240613T212437 (Tile code: T14SKC)
2025-10-24 12:14:04,051 consumer #3 [INFO] Downloading 'S2B_MSIL2A_20240613T172859_N0510_R055_T14SKC_20240613T212437' (Tile: T14SKC)
2025-10-24 12:24:31,268 MainThread [INFO] Logging to file: /bigdata/eldawylab/sdas050/MS_Research/scripts/sentinel2_downloader.log
2025-10-24 12:24:31,424 MainThread [INFO] Checking thread statuses...
2025-10-24 12:24:33,415 MainThread [INFO] Logging to file: /bigdata/eldawylab/sdas050/MS_Research/scripts/sentinel2_downloader.log
2025-10-24 12:24:33,449 MainThread [INFO] Checking thread statuses...
2025-10-24 12:24:39,704 consumer #0 [INFO] Processing feature: S2B_MSIL2A_20240603T172859_N0510_R055_T13SFT_20240603T214532 (Tile code: T13SFT)
2025-10-24 12:24:39,707 consumer #0 [INFO] Downloading 'S2B_MSIL2A_20240603T172859_N0510_R055_T13SFT_20240603T214532' (Tile: T13SFT)
2025-10-24 12:24:39,710 consumer #2 [INFO] Processing feature: S2B_MSIL2A_20240603T172859_N0510_R055_T13SGT_20240603T214532 (Tile code: T13SGT)
2025-10-24 12:24:39,711 consumer #2 [INFO] Downloading 'S2B_MSIL2A_20240603T172859_N0510_R055_T13SGT_20240603T214532' (Tile: T13SGT)
2025-10-24 12:24:39,714 consumer #3 [INFO] Processing feature: S2B_MSIL2A_20240603T172859_N0510_R055_T13SGU_20240603T214532 (Tile code: T13SGU)
2025-10-24 12:24:39,724 consumer #3 [INFO] Downloading 'S2B_MSIL2A_20240603T172859_N0510_R055_T13SGU_20240603T214532' (Tile: T13SGU)
2025-10-24 12:24:40,906 consumer #1 [INFO] Processing feature: S2B_MSIL2A_20240305T173109_N0510_R055_T13SGU_20240305T220011 (Tile code: T13SGU)
2025-10-24 12:24:40,909 consumer #1 [INFO] Downloading 'S2B_MSIL2A_20240305T173109_N0510_R055_T13SGU_20240305T220011' (Tile: T13SGU)
2025-10-24 12:24:41,823 MainThread [INFO] Logging to file: /bigdata/eldawylab/sdas050/MS_Research/scripts/sentinel2_downloader.log
2025-10-24 12:24:41,865 MainThread [INFO] Checking thread statuses...
2025-10-24 12:24:49,046 consumer #0 [INFO] Processing feature: S2A_MSIL2A_20240310T173131_N0510_R055_T13SFU_20240310T232252 (Tile code: T13SFU)
2025-10-24 12:24:49,047 consumer #0 [INFO] Downloading 'S2A_MSIL2A_20240310T173131_N0510_R055_T13SFU_20240310T232252' (Tile: T13SFU)
2025-10-24 12:24:49,051 consumer #2 [INFO] Processing feature: S2A_MSIL2A_20240310T173131_N0510_R055_T13SFT_20240310T232252 (Tile code: T13SFT)
2025-10-24 12:24:49,052 consumer #2 [INFO] Downloading 'S2A_MSIL2A_20240310T173131_N0510_R055_T13SFT_20240310T232252' (Tile: T13SFT)
2025-10-24 12:24:49,056 consumer #3 [INFO] Processing feature: S2A_MSIL2A_20240310T173131_N0510_R055_T13SGU_20240310T232252 (Tile code: T13SGU)
2025-10-24 12:24:49,056 consumer #3 [INFO] Downloading 'S2A_MSIL2A_20240310T173131_N0510_R055_T13SGU_20240310T232252' (Tile: T13SGU)
2025-10-24 12:24:55,147 consumer #2 [INFO] Processing feature: S2A_MSIL2A_20240906T172901_N0511_R055_T13SFT_20240907T001649 (Tile code: T13SFT)
2025-10-24 12:24:55,151 consumer #2 [INFO] Downloading 'S2A_MSIL2A_20240906T172901_N0511_R055_T13SFT_20240907T001649' (Tile: T13SFT)
2025-10-24 12:24:59,824 consumer #1 [INFO] Processing feature: S2B_MSIL2A_20240613T172859_N0510_R055_T13SFU_20240613T212437 (Tile code: T13SFU)
2025-10-24 12:24:59,826 consumer #1 [INFO] Downloading 'S2B_MSIL2A_20240613T172859_N0510_R055_T13SFU_20240613T212437' (Tile: T13SFU)
2025-10-24 12:25:04,985 consumer #3 [INFO] Processing feature: S2B_MSIL2A_20240911T172859_N0511_R055_T13SFU_20240911T214609 (Tile code: T13SFU)
2025-10-24 12:25:04,986 consumer #3 [INFO] Downloading 'S2B_MSIL2A_20240911T172859_N0511_R055_T13SFU_20240911T214609' (Tile: T13SFU)
2025-10-24 12:25:04,990 consumer #1 [INFO] Processing feature: S2B_MSIL2A_20240911T172859_N0511_R055_T13SGT_20240911T214609 (Tile code: T13SGT)
2025-10-24 12:25:04,990 consumer #1 [INFO] Downloading 'S2B_MSIL2A_20240911T172859_N0511_R055_T13SGT_20240911T214609' (Tile: T13SGT)
2025-10-24 12:25:04,995 consumer #0 [INFO] Processing feature: S2B_MSIL2A_20240911T172859_N0511_R055_T13SGU_20240911T214609 (Tile code: T13SGU)
2025-10-24 12:25:04,996 consumer #0 [INFO] Downloading 'S2B_MSIL2A_20240911T172859_N0511_R055_T13SGU_20240911T214609' (Tile: T13SGU)
2025-10-24 12:25:44,197 consumer #0 [INFO] Processing ZIP to 6-band for 'S2B_MSIL2A_20240603T172859_N0510_R055_T13SFT_20240603T214532' (Tile: T13SFT)
2025-10-24 12:25:49,864 consumer #0 [INFO] Created 6-band GeoTIFF: TX_mid_season_2024/2024-06-03/S2B_MSIL2A_20240603T172859_N0510_R055_T13SFT_20240603T214532.tif
2025-10-24 12:25:49,899 consumer #0 [INFO] Successfully processed 'S2B_MSIL2A_20240603T172859_N0510_R055_T13SFT_20240603T214532' -> TX_mid_season_2024/2024-06-03/S2B_MSIL2A_20240603T172859_N0510_R055_T13SFT_20240603T214532.tif
2025-10-24 12:25:49,900 consumer #0 [INFO] Processing feature: S2B_MSIL2A_20240613T172859_N0510_R055_T13SFT_20240613T212437 (Tile code: T13SFT)
2025-10-24 12:25:49,900 consumer #0 [INFO] Downloading 'S2B_MSIL2A_20240613T172859_N0510_R055_T13SFT_20240613T212437' (Tile: T13SFT)
2025-10-24 12:26:39,336 consumer #3 [INFO] Processing ZIP to 6-band for 'S2B_MSIL2A_20240603T172859_N0510_R055_T13SGU_20240603T214532' (Tile: T13SGU)
2025-10-24 12:26:44,627 consumer #3 [INFO] Created 6-band GeoTIFF: TX_mid_season_2024/2024-06-03/S2B_MSIL2A_20240603T172859_N0510_R055_T13SGU_20240603T214532.tif
2025-10-24 12:26:44,651 consumer #3 [INFO] Successfully processed 'S2B_MSIL2A_20240603T172859_N0510_R055_T13SGU_20240603T214532' -> TX_mid_season_2024/2024-06-03/S2B_MSIL2A_20240603T172859_N0510_R055_T13SGU_20240603T214532.tif
2025-10-24 12:26:44,652 consumer #3 [INFO] Processing feature: S2B_MSIL2A_20240613T172859_N0510_R055_T13SGU_20240613T212437 (Tile code: T13SGU)
2025-10-24 12:26:44,653 consumer #3 [INFO] Downloading 'S2B_MSIL2A_20240613T172859_N0510_R055_T13SGU_20240613T212437' (Tile: T13SGU)
2025-10-24 12:26:48,364 consumer #1 [INFO] Processing ZIP to 6-band for 'S2B_MSIL2A_20240305T173109_N0510_R055_T13SGU_20240305T220011' (Tile: T13SGU)
2025-10-24 12:26:54,062 consumer #1 [INFO] Created 6-band GeoTIFF: TX_early_season_2024/2024-03-05/S2B_MSIL2A_20240305T173109_N0510_R055_T13SGU_20240305T220011.tif
2025-10-24 12:26:54,082 consumer #1 [INFO] Successfully processed 'S2B_MSIL2A_20240305T173109_N0510_R055_T13SGU_20240305T220011' -> TX_early_season_2024/2024-03-05/S2B_MSIL2A_20240305T173109_N0510_R055_T13SGU_20240305T220011.tif
2025-10-24 12:26:54,083 consumer #1 [INFO] Processing feature: S2A_MSIL2A_20240310T173131_N0510_R055_T13SGT_20240310T232252 (Tile code: T13SGT)
2025-10-24 12:26:54,084 consumer #1 [INFO] Downloading 'S2A_MSIL2A_20240310T173131_N0510_R055_T13SGT_20240310T232252' (Tile: T13SGT)
2025-10-24 12:28:26,144 consumer #3 [INFO] Processing ZIP to 6-band for 'S2B_MSIL2A_20240613T172859_N0510_R055_T13SGU_20240613T212437' (Tile: T13SGU)
2025-10-24 12:28:31,595 consumer #3 [INFO] Created 6-band GeoTIFF: TX_mid_season_2024/2024-06-13/S2B_MSIL2A_20240613T172859_N0510_R055_T13SGU_20240613T212437.tif
2025-10-24 12:28:31,608 consumer #3 [INFO] Successfully processed 'S2B_MSIL2A_20240613T172859_N0510_R055_T13SGU_20240613T212437' -> TX_mid_season_2024/2024-06-13/S2B_MSIL2A_20240613T172859_N0510_R055_T13SGU_20240613T212437.tif
2025-10-24 12:28:31,610 consumer #3 [INFO] Processing feature: S2B_MSIL2A_20240613T172859_N0510_R055_T13SGT_20240613T212437 (Tile code: T13SGT)
2025-10-24 12:28:31,610 consumer #3 [INFO] Downloading 'S2B_MSIL2A_20240613T172859_N0510_R055_T13SGT_20240613T212437' (Tile: T13SGT)
2025-10-24 12:32:34,886 consumer #2 [INFO] Processing ZIP to 6-band for 'S2A_MSIL2A_20240310T173131_N0510_R055_T13SFT_20240310T232252' (Tile: T13SFT)
2025-10-24 12:32:40,526 consumer #2 [INFO] Created 6-band GeoTIFF: TX_early_season_2024/2024-03-10/S2A_MSIL2A_20240310T173131_N0510_R055_T13SFT_20240310T232252.tif
2025-10-24 12:32:40,542 consumer #2 [INFO] Successfully processed 'S2A_MSIL2A_20240310T173131_N0510_R055_T13SFT_20240310T232252' -> TX_early_season_2024/2024-03-10/S2A_MSIL2A_20240310T173131_N0510_R055_T13SFT_20240310T232252.tif
2025-10-24 12:32:40,543 consumer #2 [INFO] Processing feature: S2B_MSIL2A_20240404T172859_N0510_R055_T13SFT_20240405T003335 (Tile code: T13SFT)
2025-10-24 12:32:40,544 consumer #2 [INFO] Downloading 'S2B_MSIL2A_20240404T172859_N0510_R055_T13SFT_20240405T003335' (Tile: T13SFT)
2025-10-24 12:32:42,144 consumer #3 [INFO] Processing ZIP to 6-band for 'S2A_MSIL2A_20240310T173131_N0510_R055_T13SGU_20240310T232252' (Tile: T13SGU)
2025-10-24 12:32:47,532 consumer #3 [INFO] Created 6-band GeoTIFF: TX_early_season_2024/2024-03-10/S2A_MSIL2A_20240310T173131_N0510_R055_T13SGU_20240310T232252.tif
2025-10-24 12:32:47,550 consumer #3 [INFO] Successfully processed 'S2A_MSIL2A_20240310T173131_N0510_R055_T13SGU_20240310T232252' -> TX_early_season_2024/2024-03-10/S2A_MSIL2A_20240310T173131_N0510_R055_T13SGU_20240310T232252.tif
2025-10-24 12:32:47,551 consumer #3 [INFO] Processing feature: S2B_MSIL2A_20240404T172859_N0510_R055_T13SFU_20240405T003335 (Tile code: T13SFU)
2025-10-24 12:32:47,551 consumer #3 [INFO] Downloading 'S2B_MSIL2A_20240404T172859_N0510_R055_T13SFU_20240405T003335' (Tile: T13SFU)
2025-10-24 12:33:44,795 MainThread [INFO] Checking thread statuses...
2025-10-24 12:34:31,427 MainThread [INFO] Checking thread statuses...
2025-10-24 12:34:33,452 MainThread [INFO] Checking thread statuses...
2025-10-24 12:34:36,321 consumer #3 [INFO] Processing ZIP to 6-band for 'S2B_MSIL2A_20240613T172859_N0510_R055_T13SGT_20240613T212437' (Tile: T13SGT)
2025-10-24 12:34:42,623 consumer #3 [INFO] Created 6-band GeoTIFF: TX_mid_season_2024/2024-06-13/S2B_MSIL2A_20240613T172859_N0510_R055_T13SGT_20240613T212437.tif
2025-10-24 12:34:42,636 consumer #3 [INFO] Successfully processed 'S2B_MSIL2A_20240613T172859_N0510_R055_T13SGT_20240613T212437' -> TX_mid_season_2024/2024-06-13/S2B_MSIL2A_20240613T172859_N0510_R055_T13SGT_20240613T212437.tif
2025-10-24 12:34:42,636 consumer #3 [INFO] Processing feature: S2A_MSIL2A_20240618T172901_N0510_R055_T13SGU_20240619T004800 (Tile code: T13SGU)
2025-10-24 12:34:42,640 consumer #3 [INFO] Downloading 'S2A_MSIL2A_20240618T172901_N0510_R055_T13SGU_20240619T004800' (Tile: T13SGU)
2025-10-24 12:34:50,778 consumer #2 [INFO] Processing ZIP to 6-band for 'S2B_MSIL2A_20240603T172859_N0510_R055_T13SGT_20240603T214532' (Tile: T13SGT)
2025-10-24 12:34:56,339 consumer #2 [INFO] Created 6-band GeoTIFF: TX_mid_season_2024/2024-06-03/S2B_MSIL2A_20240603T172859_N0510_R055_T13SGT_20240603T214532.tif
2025-10-24 12:34:56,354 consumer #2 [INFO] Successfully processed 'S2B_MSIL2A_20240603T172859_N0510_R055_T13SGT_20240603T214532' -> TX_mid_season_2024/2024-06-03/S2B_MSIL2A_20240603T172859_N0510_R055_T13SGT_20240603T214532.tif
2025-10-24 12:34:56,356 consumer #2 [INFO] Processing feature: S2A_MSIL2A_20240618T172901_N0510_R055_T13SFU_20240619T004800 (Tile code: T13SFU)
2025-10-24 12:34:56,356 consumer #2 [INFO] Downloading 'S2A_MSIL2A_20240618T172901_N0510_R055_T13SFU_20240619T004800' (Tile: T13SFU)
2025-10-24 12:35:39,252 consumer #1 [INFO] Processing ZIP to 6-band for 'S2A_MSIL2A_20240310T173131_N0510_R055_T13SGT_20240310T232252' (Tile: T13SGT)
2025-10-24 12:35:44,726 consumer #1 [INFO] Created 6-band GeoTIFF: TX_early_season_2024/2024-03-10/S2A_MSIL2A_20240310T173131_N0510_R055_T13SGT_20240310T232252.tif
2025-10-24 12:35:44,740 consumer #1 [INFO] Successfully processed 'S2A_MSIL2A_20240310T173131_N0510_R055_T13SGT_20240310T232252' -> TX_early_season_2024/2024-03-10/S2A_MSIL2A_20240310T173131_N0510_R055_T13SGT_20240310T232252.tif
2025-10-24 12:35:44,741 consumer #1 [INFO] Processing feature: S2B_MSIL2A_20240404T172859_N0510_R055_T13SGT_20240405T003335 (Tile code: T13SGT)
2025-10-24 12:35:44,741 consumer #1 [INFO] Downloading 'S2B_MSIL2A_20240404T172859_N0510_R055_T13SGT_20240405T003335' (Tile: T13SGT)
2025-10-24 12:36:50,545 consumer #2 [INFO] Processing ZIP to 6-band for 'S2B_MSIL2A_20240404T172859_N0510_R055_T13SFT_20240405T003335' (Tile: T13SFT)
2025-10-24 12:36:56,044 consumer #2 [INFO] Created 6-band GeoTIFF: TX_early_season_2024/2024-04-04/S2B_MSIL2A_20240404T172859_N0510_R055_T13SFT_20240405T003335.tif
2025-10-24 12:36:56,060 consumer #2 [INFO] Successfully processed 'S2B_MSIL2A_20240404T172859_N0510_R055_T13SFT_20240405T003335' -> TX_early_season_2024/2024-04-04/S2B_MSIL2A_20240404T172859_N0510_R055_T13SFT_20240405T003335.tif
2025-10-24 12:36:56,061 consumer #2 [INFO] Processing feature: S2B_MSIL2A_20240404T172859_N0510_R055_T13SGU_20240405T003335 (Tile code: T13SGU)
2025-10-24 12:36:56,061 consumer #2 [INFO] Downloading 'S2B_MSIL2A_20240404T172859_N0510_R055_T13SGU_20240405T003335' (Tile: T13SGU)
2025-10-24 12:39:51,336 consumer #2 [INFO] Processing ZIP to 6-band for 'S2A_MSIL2A_20240618T172901_N0510_R055_T13SFU_20240619T004800' (Tile: T13SFU)
2025-10-24 12:39:56,818 consumer #2 [INFO] Created 6-band GeoTIFF: TX_mid_season_2024/2024-06-18/S2A_MSIL2A_20240618T172901_N0510_R055_T13SFU_20240619T004800.tif
2025-10-24 12:39:56,831 consumer #2 [INFO] Successfully processed 'S2A_MSIL2A_20240618T172901_N0510_R055_T13SFU_20240619T004800' -> TX_mid_season_2024/2024-06-18/S2A_MSIL2A_20240618T172901_N0510_R055_T13SFU_20240619T004800.tif
2025-10-24 12:39:56,832 consumer #2 [INFO] Processing feature: S2A_MSIL2A_20240618T172901_N0510_R055_T13SFT_20240619T004800 (Tile code: T13SFT)
2025-10-24 12:39:56,832 consumer #2 [INFO] Downloading 'S2A_MSIL2A_20240618T172901_N0510_R055_T13SFT_20240619T004800' (Tile: T13SFT)
2025-10-24 12:41:44,613 consumer #1 [INFO] Processing ZIP to 6-band for 'S2B_MSIL2A_20240911T172859_N0511_R055_T13SGT_20240911T214609' (Tile: T13SGT)
2025-10-24 12:41:44,796 MainThread [INFO] Checking thread statuses...
2025-10-24 12:41:45,039 consumer #3 [INFO] Processing ZIP to 6-band for 'S2A_MSIL2A_20240618T172901_N0510_R055_T13SGU_20240619T004800' (Tile: T13SGU)
2025-10-24 12:41:51,228 consumer #3 [INFO] Created 6-band GeoTIFF: TX_mid_season_2024/2024-06-18/S2A_MSIL2A_20240618T172901_N0510_R055_T13SGU_20240619T004800.tif
2025-10-24 12:41:51,232 consumer #1 [INFO] Created 6-band GeoTIFF: TX_late_season_2024/2024-09-11/S2B_MSIL2A_20240911T172859_N0511_R055_T13SGT_20240911T214609.tif
2025-10-24 12:41:51,249 consumer #3 [INFO] Successfully processed 'S2A_MSIL2A_20240618T172901_N0510_R055_T13SGU_20240619T004800' -> TX_mid_season_2024/2024-06-18/S2A_MSIL2A_20240618T172901_N0510_R055_T13SGU_20240619T004800.tif
2025-10-24 12:41:51,250 consumer #3 [INFO] Processing feature: S2A_MSIL2A_20240618T172901_N0510_R055_T13SGT_20240619T004800 (Tile code: T13SGT)
2025-10-24 12:41:51,250 consumer #3 [INFO] Downloading 'S2A_MSIL2A_20240618T172901_N0510_R055_T13SGT_20240619T004800' (Tile: T13SGT)
2025-10-24 12:41:51,259 consumer #1 [INFO] Successfully processed 'S2B_MSIL2A_20240911T172859_N0511_R055_T13SGT_20240911T214609' -> TX_late_season_2024/2024-09-11/S2B_MSIL2A_20240911T172859_N0511_R055_T13SGT_20240911T214609.tif
2025-10-24 12:41:51,261 consumer #1 [INFO] Processing feature: S2B_MSIL2A_20240911T172859_N0511_R055_T13SFT_20240911T214609 (Tile code: T13SFT)
2025-10-24 12:41:51,261 consumer #1 [INFO] Downloading 'S2B_MSIL2A_20240911T172859_N0511_R055_T13SFT_20240911T214609' (Tile: T13SFT)
2025-10-24 12:42:31,427 MainThread [INFO] Checking thread statuses...
2025-10-24 12:42:33,453 MainThread [INFO] Checking thread statuses...
2025-10-24 12:44:02,876 consumer #0 [ERROR] Error processing S2B_MSIL2A_20240613T172859_N0510_R055_T13SFT_20240613T212437: join() argument must be str, bytes, or os.PathLike object, not 'NoneType'
2025-10-24 12:44:02,876 consumer #0 [WARNING] Retrying S2B_MSIL2A_20240613T172859_N0510_R055_T13SFT_20240613T212437, remaining: 3
2025-10-24 12:44:02,876 consumer #0 [INFO] Processing feature: S2B_MSIL2A_20240613T172859_N0510_R055_T13SFT_20240613T212437 (Tile code: T13SFT)
2025-10-24 12:44:02,876 consumer #0 [INFO] Downloading 'S2B_MSIL2A_20240613T172859_N0510_R055_T13SFT_20240613T212437' (Tile: T13SFT)
2025-10-24 12:44:05,338 consumer #0 [ERROR] Error processing S2A_MSIL2A_20240310T173131_N0510_R055_T13SFU_20240310T232252: join() argument must be str, bytes, or os.PathLike object, not 'NoneType'
2025-10-24 12:44:05,339 consumer #0 [WARNING] Retrying S2A_MSIL2A_20240310T173131_N0510_R055_T13SFU_20240310T232252, remaining: 3
2025-10-24 12:44:05,339 consumer #0 [INFO] Processing feature: S2A_MSIL2A_20240310T173131_N0510_R055_T13SFU_20240310T232252 (Tile code: T13SFU)
2025-10-24 12:44:05,339 consumer #0 [INFO] Downloading 'S2A_MSIL2A_20240310T173131_N0510_R055_T13SFU_20240310T232252' (Tile: T13SFU)
2025-10-24 12:44:34,463 consumer #1 [ERROR] Error processing S2B_MSIL2A_20240613T172859_N0510_R055_T13SFU_20240613T212437: join() argument must be str, bytes, or os.PathLike object, not 'NoneType'
2025-10-24 12:44:34,463 consumer #1 [WARNING] Retrying S2B_MSIL2A_20240613T172859_N0510_R055_T13SFU_20240613T212437, remaining: 3
2025-10-24 12:44:34,463 consumer #1 [INFO] Processing feature: S2B_MSIL2A_20240613T172859_N0510_R055_T13SFU_20240613T212437 (Tile code: T13SFU)
2025-10-24 12:44:34,464 consumer #1 [INFO] Downloading 'S2B_MSIL2A_20240613T172859_N0510_R055_T13SFU_20240613T212437' (Tile: T13SFU)
2025-10-24 12:44:52,246 consumer #1 [INFO] Processing ZIP to 6-band for 'S2B_MSIL2A_20240404T172859_N0510_R055_T13SGT_20240405T003335' (Tile: T13SGT)
2025-10-24 12:44:57,982 consumer #1 [INFO] Created 6-band GeoTIFF: TX_early_season_2024/2024-04-04/S2B_MSIL2A_20240404T172859_N0510_R055_T13SGT_20240405T003335.tif
2025-10-24 12:44:57,995 consumer #1 [INFO] Successfully processed 'S2B_MSIL2A_20240404T172859_N0510_R055_T13SGT_20240405T003335' -> TX_early_season_2024/2024-04-04/S2B_MSIL2A_20240404T172859_N0510_R055_T13SGT_20240405T003335.tif
2025-10-24 12:44:58,010 consumer #1 [INFO] Processing feature: S2A_MSIL2A_20240429T172901_N0510_R055_T13SFU_20240430T001051 (Tile code: T13SFU)
2025-10-24 12:44:58,010 consumer #1 [INFO] Downloading 'S2A_MSIL2A_20240429T172901_N0510_R055_T13SFU_20240430T001051' (Tile: T13SFU)
2025-10-24 12:45:05,801 consumer #3 [INFO] Processing ZIP to 6-band for 'S2B_MSIL2A_20240911T172859_N0511_R055_T13SFU_20240911T214609' (Tile: T13SFU)
2025-10-24 12:45:11,804 consumer #3 [INFO] Created 6-band GeoTIFF: TX_late_season_2024/2024-09-11/S2B_MSIL2A_20240911T172859_N0511_R055_T13SFU_20240911T214609.tif
2025-10-24 12:45:11,820 consumer #3 [INFO] Successfully processed 'S2B_MSIL2A_20240911T172859_N0511_R055_T13SFU_20240911T214609' -> TX_late_season_2024/2024-09-11/S2B_MSIL2A_20240911T172859_N0511_R055_T13SFU_20240911T214609.tif
2025-10-24 12:45:11,822 consumer #3 [INFO] Processing feature: S2A_MSIL2A_20240916T172951_N0511_R055_T13SGT_20240917T005553 (Tile code: T13SGT)
2025-10-24 12:45:11,823 consumer #3 [INFO] Downloading 'S2A_MSIL2A_20240916T172951_N0511_R055_T13SGT_20240917T005553' (Tile: T13SGT)
2025-10-24 12:45:28,625 consumer #0 [INFO] Processing ZIP to 6-band for 'S2B_MSIL2A_20240911T172859_N0511_R055_T13SGU_20240911T214609' (Tile: T13SGU)
2025-10-24 12:45:35,048 consumer #0 [INFO] Created 6-band GeoTIFF: TX_late_season_2024/2024-09-11/S2B_MSIL2A_20240911T172859_N0511_R055_T13SGU_20240911T214609.tif
2025-10-24 12:45:35,065 consumer #0 [INFO] Successfully processed 'S2B_MSIL2A_20240911T172859_N0511_R055_T13SGU_20240911T214609' -> TX_late_season_2024/2024-09-11/S2B_MSIL2A_20240911T172859_N0511_R055_T13SGU_20240911T214609.tif
2025-10-24 12:45:35,066 consumer #0 [INFO] Processing feature: S2A_MSIL2A_20240916T172951_N0511_R055_T13SFU_20240917T005553 (Tile code: T13SFU)
2025-10-24 12:45:35,067 consumer #0 [INFO] Downloading 'S2A_MSIL2A_20240916T172951_N0511_R055_T13SFU_20240917T005553' (Tile: T13SFU)
2025-10-24 12:45:52,988 consumer #2 [INFO] Processing ZIP to 6-band for 'S2A_MSIL2A_20240906T172901_N0511_R055_T13SFT_20240907T001649' (Tile: T13SFT)
2025-10-24 12:45:53,495 consumer #2 [INFO] Processing ZIP to 6-band for 'S2B_MSIL2A_20240404T172859_N0510_R055_T13SGU_20240405T003335' (Tile: T13SGU)
2025-10-24 12:45:58,620 consumer #2 [INFO] Created 6-band GeoTIFF: TX_late_season_2024/2024-09-06/S2A_MSIL2A_20240906T172901_N0511_R055_T13SFT_20240907T001649.tif
2025-10-24 12:45:58,633 consumer #2 [INFO] Successfully processed 'S2A_MSIL2A_20240906T172901_N0511_R055_T13SFT_20240907T001649' -> TX_late_season_2024/2024-09-06/S2A_MSIL2A_20240906T172901_N0511_R055_T13SFT_20240907T001649.tif
2025-10-24 12:45:58,635 consumer #2 [INFO] Processing feature: S2A_MSIL2A_20240916T172951_N0511_R055_T13SFT_20240917T005553 (Tile code: T13SFT)
2025-10-24 12:45:58,636 consumer #2 [INFO] Downloading 'S2A_MSIL2A_20240916T172951_N0511_R055_T13SFT_20240917T005553' (Tile: T13SFT)
2025-10-24 12:45:59,189 consumer #2 [INFO] Created 6-band GeoTIFF: TX_early_season_2024/2024-04-04/S2B_MSIL2A_20240404T172859_N0510_R055_T13SGU_20240405T003335.tif
2025-10-24 12:45:59,207 consumer #2 [INFO] Successfully processed 'S2B_MSIL2A_20240404T172859_N0510_R055_T13SGU_20240405T003335' -> TX_early_season_2024/2024-04-04/S2B_MSIL2A_20240404T172859_N0510_R055_T13SGU_20240405T003335.tif
2025-10-24 12:45:59,208 consumer #2 [INFO] Processing feature: S2A_MSIL2A_20240429T172901_N0510_R055_T13SGU_20240430T001051 (Tile code: T13SGU)
2025-10-24 12:45:59,208 consumer #2 [INFO] Downloading 'S2A_MSIL2A_20240429T172901_N0510_R055_T13SGU_20240430T001051' (Tile: T13SGU)
2025-10-24 12:46:09,340 consumer #0 [INFO] Processing ZIP to 6-band for 'S2B_MSIL2A_20240613T172859_N0510_R055_T13SFT_20240613T212437' (Tile: T13SFT)
2025-10-24 12:46:14,986 consumer #0 [INFO] Created 6-band GeoTIFF: TX_mid_season_2024/2024-06-13/S2B_MSIL2A_20240613T172859_N0510_R055_T13SFT_20240613T212437.tif
2025-10-24 12:46:14,998 consumer #0 [INFO] Successfully processed 'S2B_MSIL2A_20240613T172859_N0510_R055_T13SFT_20240613T212437' -> TX_mid_season_2024/2024-06-13/S2B_MSIL2A_20240613T172859_N0510_R055_T13SFT_20240613T212437.tif
2025-10-24 12:46:15,010 consumer #0 [INFO] Processing feature: S2B_MSIL2A_20240623T172859_N0510_R055_T13SFT_20240623T212335 (Tile code: T13SFT)
2025-10-24 12:46:15,011 consumer #0 [INFO] Downloading 'S2B_MSIL2A_20240623T172859_N0510_R055_T13SFT_20240623T212335' (Tile: T13SFT)
2025-10-24 12:46:36,898 consumer #1 [INFO] Processing ZIP to 6-band for 'S2B_MSIL2A_20240911T172859_N0511_R055_T13SFT_20240911T214609' (Tile: T13SFT)
2025-10-24 12:46:42,341 consumer #1 [INFO] Created 6-band GeoTIFF: TX_late_season_2024/2024-09-11/S2B_MSIL2A_20240911T172859_N0511_R055_T13SFT_20240911T214609.tif
2025-10-24 12:46:42,358 consumer #1 [INFO] Successfully processed 'S2B_MSIL2A_20240911T172859_N0511_R055_T13SFT_20240911T214609' -> TX_late_season_2024/2024-09-11/S2B_MSIL2A_20240911T172859_N0511_R055_T13SFT_20240911T214609.tif
2025-10-24 12:46:42,359 consumer #1 [INFO] Processing feature: S2A_MSIL2A_20240916T172951_N0511_R055_T13SGU_20240917T005553 (Tile code: T13SGU)
2025-10-24 12:46:42,359 consumer #1 [INFO] Downloading 'S2A_MSIL2A_20240916T172951_N0511_R055_T13SGU_20240917T005553' (Tile: T13SGU)
2025-10-24 12:47:55,995 consumer #2 [INFO] Processing ZIP to 6-band for 'S2A_MSIL2A_20240916T172951_N0511_R055_T13SFT_20240917T005553' (Tile: T13SFT)
2025-10-24 12:47:57,443 consumer #0 [INFO] Processing ZIP to 6-band for 'S2A_MSIL2A_20240310T173131_N0510_R055_T13SFU_20240310T232252' (Tile: T13SFU)
2025-10-24 12:48:01,574 consumer #2 [INFO] Created 6-band GeoTIFF: TX_late_season_2024/2024-09-16/S2A_MSIL2A_20240916T172951_N0511_R055_T13SFT_20240917T005553.tif
2025-10-24 12:48:01,591 consumer #2 [INFO] Successfully processed 'S2A_MSIL2A_20240916T172951_N0511_R055_T13SFT_20240917T005553' -> TX_late_season_2024/2024-09-16/S2A_MSIL2A_20240916T172951_N0511_R055_T13SFT_20240917T005553.tif
2025-10-24 12:48:01,591 consumer #2 [INFO] Processing feature: S2A_MSIL2A_20240926T173101_N0511_R055_T13SFU_20240927T003707 (Tile code: T13SFU)
2025-10-24 12:48:01,592 consumer #2 [INFO] Downloading 'S2A_MSIL2A_20240926T173101_N0511_R055_T13SFU_20240927T003707' (Tile: T13SFU)
2025-10-24 12:48:02,979 consumer #0 [INFO] Created 6-band GeoTIFF: TX_early_season_2024/2024-03-10/S2A_MSIL2A_20240310T173131_N0510_R055_T13SFU_20240310T232252.tif
2025-10-24 12:48:02,997 consumer #0 [INFO] Successfully processed 'S2A_MSIL2A_20240310T173131_N0510_R055_T13SFU_20240310T232252' -> TX_early_season_2024/2024-03-10/S2A_MSIL2A_20240310T173131_N0510_R055_T13SFU_20240310T232252.tif
2025-10-24 12:48:02,999 consumer #0 [INFO] Processing feature: S2A_MSIL2A_20240429T172901_N0510_R055_T13SGT_20240430T001051 (Tile code: T13SGT)
2025-10-24 12:48:02,999 consumer #0 [INFO] Downloading 'S2A_MSIL2A_20240429T172901_N0510_R055_T13SGT_20240430T001051' (Tile: T13SGT)
2025-10-24 12:48:21,133 consumer #3 [INFO] Processing ZIP to 6-band for 'S2A_MSIL2A_20240618T172901_N0510_R055_T13SGT_20240619T004800' (Tile: T13SGT)
2025-10-24 12:48:26,630 consumer #3 [INFO] Created 6-band GeoTIFF: TX_mid_season_2024/2024-06-18/S2A_MSIL2A_20240618T172901_N0510_R055_T13SGT_20240619T004800.tif
2025-10-24 12:48:26,642 consumer #3 [INFO] Successfully processed 'S2A_MSIL2A_20240618T172901_N0510_R055_T13SGT_20240619T004800' -> TX_mid_season_2024/2024-06-18/S2A_MSIL2A_20240618T172901_N0510_R055_T13SGT_20240619T004800.tif
2025-10-24 12:48:26,642 consumer #3 [INFO] Processing feature: S2A_MSIL2A_20240628T172901_N0510_R055_T13SGT_20240629T005750 (Tile code: T13SGT)
2025-10-24 12:48:26,643 consumer #3 [INFO] Downloading 'S2A_MSIL2A_20240628T172901_N0510_R055_T13SGT_20240629T005750' (Tile: T13SGT)
2025-10-24 12:49:28,033 consumer #0 [INFO] Processing ZIP to 6-band for 'S2B_MSIL2A_20240623T172859_N0510_R055_T13SFT_20240623T212335' (Tile: T13SFT)
2025-10-24 12:49:33,405 consumer #0 [INFO] Created 6-band GeoTIFF: TX_mid_season_2024/2024-06-23/S2B_MSIL2A_20240623T172859_N0510_R055_T13SFT_20240623T212335.tif
2025-10-24 12:49:33,420 consumer #0 [INFO] Successfully processed 'S2B_MSIL2A_20240623T172859_N0510_R055_T13SFT_20240623T212335' -> TX_mid_season_2024/2024-06-23/S2B_MSIL2A_20240623T172859_N0510_R055_T13SFT_20240623T212335.tif
2025-10-24 12:49:33,437 consumer #0 [INFO] Processing feature: S2A_MSIL2A_20240628T172901_N0510_R055_T13SFU_20240629T005750 (Tile code: T13SFU)
2025-10-24 12:49:33,437 consumer #0 [INFO] Downloading 'S2A_MSIL2A_20240628T172901_N0510_R055_T13SFU_20240629T005750' (Tile: T13SFU)
2025-10-24 12:49:44,796 MainThread [INFO] Checking thread statuses...
2025-10-24 12:49:55,720 consumer #0 [INFO] Processing ZIP to 6-band for 'S2A_MSIL2A_20240429T172901_N0510_R055_T13SGT_20240430T001051' (Tile: T13SGT)
2025-10-24 12:50:01,088 consumer #0 [INFO] Created 6-band GeoTIFF: TX_early_season_2024/2024-04-29/S2A_MSIL2A_20240429T172901_N0510_R055_T13SGT_20240430T001051.tif
2025-10-24 12:50:01,102 consumer #0 [INFO] Successfully processed 'S2A_MSIL2A_20240429T172901_N0510_R055_T13SGT_20240430T001051' -> TX_early_season_2024/2024-04-29/S2A_MSIL2A_20240429T172901_N0510_R055_T13SGT_20240430T001051.tif
2025-10-24 12:50:01,103 consumer #0 [INFO] Processing feature: S2A_MSIL2A_20240429T172901_N0510_R055_T13SFT_20240430T001051 (Tile code: T13SFT)
2025-10-24 12:50:01,103 consumer #0 [INFO] Downloading 'S2A_MSIL2A_20240429T172901_N0510_R055_T13SFT_20240430T001051' (Tile: T13SFT)
2025-10-24 12:50:07,855 consumer #3 [INFO] Processing ZIP to 6-band for 'S2A_MSIL2A_20240916T172951_N0511_R055_T13SGT_20240917T005553' (Tile: T13SGT)
2025-10-24 12:50:13,610 consumer #3 [INFO] Created 6-band GeoTIFF: TX_late_season_2024/2024-09-16/S2A_MSIL2A_20240916T172951_N0511_R055_T13SGT_20240917T005553.tif
2025-10-24 12:50:13,627 consumer #3 [INFO] Successfully processed 'S2A_MSIL2A_20240916T172951_N0511_R055_T13SGT_20240917T005553' -> TX_late_season_2024/2024-09-16/S2A_MSIL2A_20240916T172951_N0511_R055_T13SGT_20240917T005553.tif
2025-10-24 12:50:13,630 consumer #3 [INFO] Processing feature: S2A_MSIL2A_20240926T173101_N0511_R055_T13SGT_20240927T003707 (Tile code: T13SGT)
2025-10-24 12:50:13,630 consumer #3 [INFO] Downloading 'S2A_MSIL2A_20240926T173101_N0511_R055_T13SGT_20240927T003707' (Tile: T13SGT)
2025-10-24 12:50:31,428 MainThread [INFO] Checking thread statuses...
2025-10-24 12:50:31,623 consumer #3 [INFO] Processing ZIP to 6-band for 'S2B_MSIL2A_20240404T172859_N0510_R055_T13SFU_20240405T003335' (Tile: T13SFU)
2025-10-24 12:50:33,453 MainThread [INFO] Checking thread statuses...
2025-10-24 12:50:36,950 consumer #3 [INFO] Created 6-band GeoTIFF: TX_early_season_2024/2024-04-04/S2B_MSIL2A_20240404T172859_N0510_R055_T13SFU_20240405T003335.tif
2025-10-24 12:50:36,964 consumer #3 [INFO] Successfully processed 'S2B_MSIL2A_20240404T172859_N0510_R055_T13SFU_20240405T003335' -> TX_early_season_2024/2024-04-04/S2B_MSIL2A_20240404T172859_N0510_R055_T13SFU_20240405T003335.tif
2025-10-24 12:50:36,964 consumer #3 [INFO] Processing feature: S2A_MSIL2A_20240509T172901_N0510_R055_T13SGU_20240510T002045 (Tile code: T13SGU)
2025-10-24 12:50:36,965 consumer #3 [INFO] Downloading 'S2A_MSIL2A_20240509T172901_N0510_R055_T13SGU_20240510T002045' (Tile: T13SGU)
2025-10-24 12:51:35,671 consumer #0 [INFO] Processing ZIP to 6-band for 'S2A_MSIL2A_20240429T172901_N0510_R055_T13SFT_20240430T001051' (Tile: T13SFT)
2025-10-24 12:51:40,867 consumer #0 [INFO] Created 6-band GeoTIFF: TX_early_season_2024/2024-04-29/S2A_MSIL2A_20240429T172901_N0510_R055_T13SFT_20240430T001051.tif
2025-10-24 12:51:40,881 consumer #0 [INFO] Successfully processed 'S2A_MSIL2A_20240429T172901_N0510_R055_T13SFT_20240430T001051' -> TX_early_season_2024/2024-04-29/S2A_MSIL2A_20240429T172901_N0510_R055_T13SFT_20240430T001051.tif
2025-10-24 12:51:40,882 consumer #0 [INFO] Processing feature: S2A_MSIL2A_20240509T172901_N0510_R055_T13SFT_20240510T002045 (Tile code: T13SFT)
2025-10-24 12:51:40,882 consumer #0 [INFO] Downloading 'S2A_MSIL2A_20240509T172901_N0510_R055_T13SFT_20240510T002045' (Tile: T13SFT)
2025-10-24 12:53:17,198 consumer #0 [INFO] Processing ZIP to 6-band for 'S2A_MSIL2A_20240628T172901_N0510_R055_T13SFU_20240629T005750' (Tile: T13SFU)
2025-10-24 12:53:22,358 consumer #0 [INFO] Created 6-band GeoTIFF: TX_mid_season_2024/2024-06-28/S2A_MSIL2A_20240628T172901_N0510_R055_T13SFU_20240629T005750.tif
2025-10-24 12:53:22,426 consumer #0 [INFO] Successfully processed 'S2A_MSIL2A_20240628T172901_N0510_R055_T13SFU_20240629T005750' -> TX_mid_season_2024/2024-06-28/S2A_MSIL2A_20240628T172901_N0510_R055_T13SFU_20240629T005750.tif
2025-10-24 12:53:22,426 consumer #0 [INFO] Processing feature: S2A_MSIL2A_20240628T172901_N0510_R055_T13SFT_20240629T005750 (Tile code: T13SFT)
2025-10-24 12:53:22,426 consumer #0 [INFO] Downloading 'S2A_MSIL2A_20240628T172901_N0510_R055_T13SFT_20240629T005750' (Tile: T13SFT)
2025-10-24 12:53:38,953 consumer #1 [INFO] Processing ZIP to 6-band for 'S2A_MSIL2A_20240916T172951_N0511_R055_T13SGU_20240917T005553' (Tile: T13SGU)
2025-10-24 12:53:44,151 consumer #1 [INFO] Created 6-band GeoTIFF: TX_late_season_2024/2024-09-16/S2A_MSIL2A_20240916T172951_N0511_R055_T13SGU_20240917T005553.tif
2025-10-24 12:53:44,165 consumer #1 [INFO] Successfully processed 'S2A_MSIL2A_20240916T172951_N0511_R055_T13SGU_20240917T005553' -> TX_late_season_2024/2024-09-16/S2A_MSIL2A_20240916T172951_N0511_R055_T13SGU_20240917T005553.tif
2025-10-24 12:53:44,166 consumer #1 [INFO] Processing feature: S2A_MSIL2A_20240926T173101_N0511_R055_T13SFT_20240927T003707 (Tile code: T13SFT)
2025-10-24 12:53:44,166 consumer #1 [INFO] Downloading 'S2A_MSIL2A_20240926T173101_N0511_R055_T13SFT_20240927T003707' (Tile: T13SFT)
2025-10-24 12:55:19,537 consumer #0 [INFO] Processing ZIP to 6-band for 'S2A_MSIL2A_20240509T172901_N0510_R055_T13SFT_20240510T002045' (Tile: T13SFT)
2025-10-24 12:55:24,871 consumer #0 [INFO] Created 6-band GeoTIFF: TX_early_season_2024/2024-05-09/S2A_MSIL2A_20240509T172901_N0510_R055_T13SFT_20240510T002045.tif
2025-10-24 12:55:24,888 consumer #0 [INFO] Successfully processed 'S2A_MSIL2A_20240509T172901_N0510_R055_T13SFT_20240510T002045' -> TX_early_season_2024/2024-05-09/S2A_MSIL2A_20240509T172901_N0510_R055_T13SFT_20240510T002045.tif
2025-10-24 12:55:24,888 consumer #0 [INFO] Processing feature: S2A_MSIL2A_20240509T172901_N0510_R055_T13SGT_20240510T002045 (Tile code: T13SGT)
2025-10-24 12:55:24,888 consumer #0 [INFO] Downloading 'S2A_MSIL2A_20240509T172901_N0510_R055_T13SGT_20240510T002045' (Tile: T13SGT)
2025-10-24 12:56:49,874 consumer #3 [INFO] Processing ZIP to 6-band for 'S2A_MSIL2A_20240628T172901_N0510_R055_T13SGT_20240629T005750' (Tile: T13SGT)
2025-10-24 12:56:55,378 consumer #3 [INFO] Created 6-band GeoTIFF: TX_mid_season_2024/2024-06-28/S2A_MSIL2A_20240628T172901_N0510_R055_T13SGT_20240629T005750.tif
2025-10-24 12:56:55,393 consumer #3 [INFO] Successfully processed 'S2A_MSIL2A_20240628T172901_N0510_R055_T13SGT_20240629T005750' -> TX_mid_season_2024/2024-06-28/S2A_MSIL2A_20240628T172901_N0510_R055_T13SGT_20240629T005750.tif
2025-10-24 12:56:55,394 consumer #3 [INFO] Processing feature: S2A_MSIL2A_20240628T172901_N0510_R055_T13SGU_20240629T005750 (Tile code: T13SGU)
2025-10-24 12:56:55,394 consumer #3 [INFO] Downloading 'S2A_MSIL2A_20240628T172901_N0510_R055_T13SGU_20240629T005750' (Tile: T13SGU)
2025-10-24 12:57:42,535 consumer #2 [INFO] Processing ZIP to 6-band for 'S2A_MSIL2A_20240618T172901_N0510_R055_T13SFT_20240619T004800' (Tile: T13SFT)
2025-10-24 12:57:44,797 MainThread [INFO] Checking thread statuses...
2025-10-24 12:57:47,761 consumer #2 [INFO] Created 6-band GeoTIFF: TX_mid_season_2024/2024-06-18/S2A_MSIL2A_20240618T172901_N0510_R055_T13SFT_20240619T004800.tif
2025-10-24 12:57:47,775 consumer #2 [INFO] Successfully processed 'S2A_MSIL2A_20240618T172901_N0510_R055_T13SFT_20240619T004800' -> TX_mid_season_2024/2024-06-18/S2A_MSIL2A_20240618T172901_N0510_R055_T13SFT_20240619T004800.tif
2025-10-24 12:57:47,775 consumer #2 [INFO] Processing feature: S2B_MSIL2A_20240713T172859_N0510_R055_T13SGT_20240713T214123 (Tile code: T13SGT)
2025-10-24 12:57:47,776 consumer #2 [INFO] Downloading 'S2B_MSIL2A_20240713T172859_N0510_R055_T13SGT_20240713T214123' (Tile: T13SGT)
2025-10-24 12:58:00,974 consumer #0 [INFO] Processing ZIP to 6-band for 'S2A_MSIL2A_20240628T172901_N0510_R055_T13SFT_20240629T005750' (Tile: T13SFT)
2025-10-24 12:58:06,269 consumer #0 [INFO] Created 6-band GeoTIFF: TX_mid_season_2024/2024-06-28/S2A_MSIL2A_20240628T172901_N0510_R055_T13SFT_20240629T005750.tif
2025-10-24 12:58:06,303 consumer #0 [INFO] Successfully processed 'S2A_MSIL2A_20240628T172901_N0510_R055_T13SFT_20240629T005750' -> TX_mid_season_2024/2024-06-28/S2A_MSIL2A_20240628T172901_N0510_R055_T13SFT_20240629T005750.tif
2025-10-24 12:58:06,304 consumer #0 [INFO] Processing feature: S2B_MSIL2A_20240713T172859_N0510_R055_T13SFT_20240713T214123 (Tile code: T13SFT)
2025-10-24 12:58:06,304 consumer #0 [INFO] Downloading 'S2B_MSIL2A_20240713T172859_N0510_R055_T13SFT_20240713T214123' (Tile: T13SFT)
2025-10-24 12:58:31,430 MainThread [INFO] Checking thread statuses...
2025-10-24 12:58:33,454 MainThread [INFO] Checking thread statuses...
2025-10-24 12:58:33,479 consumer #2 [INFO] Processing ZIP to 6-band for 'S2A_MSIL2A_20240926T173101_N0511_R055_T13SFU_20240927T003707' (Tile: T13SFU)
2025-10-24 12:58:39,242 consumer #2 [INFO] Created 6-band GeoTIFF: TX_late_season_2024/2024-09-26/S2A_MSIL2A_20240926T173101_N0511_R055_T13SFU_20240927T003707.tif
2025-10-24 12:58:39,260 consumer #2 [INFO] Successfully processed 'S2A_MSIL2A_20240926T173101_N0511_R055_T13SFU_20240927T003707' -> TX_late_season_2024/2024-09-26/S2A_MSIL2A_20240926T173101_N0511_R055_T13SFU_20240927T003707.tif
2025-10-24 12:58:39,260 consumer #2 [INFO] Processing feature: S2A_MSIL2A_20240926T173101_N0511_R055_T13SGU_20240927T003707 (Tile code: T13SGU)
2025-10-24 12:58:39,261 consumer #2 [INFO] Downloading 'S2A_MSIL2A_20240926T173101_N0511_R055_T13SGU_20240927T003707' (Tile: T13SGU)
2025-10-24 12:58:47,032 consumer #1 [INFO] Processing ZIP to 6-band for 'S2A_MSIL2A_20240926T173101_N0511_R055_T13SFT_20240927T003707' (Tile: T13SFT)
2025-10-24 12:58:52,824 consumer #1 [INFO] Created 6-band GeoTIFF: TX_late_season_2024/2024-09-26/S2A_MSIL2A_20240926T173101_N0511_R055_T13SFT_20240927T003707.tif
2025-10-24 12:58:52,837 consumer #1 [INFO] Successfully processed 'S2A_MSIL2A_20240926T173101_N0511_R055_T13SFT_20240927T003707' -> TX_late_season_2024/2024-09-26/S2A_MSIL2A_20240926T173101_N0511_R055_T13SFT_20240927T003707.tif
2025-10-24 12:59:06,828 consumer #1 [INFO] Processing ZIP to 6-band for 'S2B_MSIL2A_20240613T172859_N0510_R055_T13SFU_20240613T212437' (Tile: T13SFU)
2025-10-24 12:59:12,502 consumer #1 [INFO] Created 6-band GeoTIFF: TX_mid_season_2024/2024-06-13/S2B_MSIL2A_20240613T172859_N0510_R055_T13SFU_20240613T212437.tif
2025-10-24 12:59:12,518 consumer #1 [INFO] Successfully processed 'S2B_MSIL2A_20240613T172859_N0510_R055_T13SFU_20240613T212437' -> TX_mid_season_2024/2024-06-13/S2B_MSIL2A_20240613T172859_N0510_R055_T13SFU_20240613T212437.tif
2025-10-24 12:59:12,520 consumer #1 [INFO] Processing feature: S2B_MSIL2A_20240713T172859_N0510_R055_T13SFU_20240713T214123 (Tile code: T13SFU)
2025-10-24 12:59:12,520 consumer #1 [INFO] Downloading 'S2B_MSIL2A_20240713T172859_N0510_R055_T13SFU_20240713T214123' (Tile: T13SFU)
2025-10-24 12:59:47,955 consumer #0 [INFO] Processing ZIP to 6-band for 'S2A_MSIL2A_20240509T172901_N0510_R055_T13SGT_20240510T002045' (Tile: T13SGT)
2025-10-24 12:59:53,428 consumer #0 [INFO] Created 6-band GeoTIFF: TX_early_season_2024/2024-05-09/S2A_MSIL2A_20240509T172901_N0510_R055_T13SGT_20240510T002045.tif
2025-10-24 12:59:53,446 consumer #0 [INFO] Successfully processed 'S2A_MSIL2A_20240509T172901_N0510_R055_T13SGT_20240510T002045' -> TX_early_season_2024/2024-05-09/S2A_MSIL2A_20240509T172901_N0510_R055_T13SGT_20240510T002045.tif
2025-10-24 12:59:53,446 consumer #0 [INFO] Processing feature: S2B_MSIL2A_20240514T172859_N0510_R055_T13SGT_20240514T212904 (Tile code: T13SGT)
2025-10-24 12:59:53,447 consumer #0 [INFO] Downloading 'S2B_MSIL2A_20240514T172859_N0510_R055_T13SGT_20240514T212904' (Tile: T13SGT)
2025-10-24 13:00:01,295 consumer #0 [INFO] Processing ZIP to 6-band for 'S2B_MSIL2A_20240713T172859_N0510_R055_T13SFT_20240713T214123' (Tile: T13SFT)
2025-10-24 13:00:06,946 consumer #0 [INFO] Created 6-band GeoTIFF: TX_mid_season_2024/2024-07-13/S2B_MSIL2A_20240713T172859_N0510_R055_T13SFT_20240713T214123.tif
2025-10-24 13:00:06,958 consumer #0 [INFO] Successfully processed 'S2B_MSIL2A_20240713T172859_N0510_R055_T13SFT_20240713T214123' -> TX_mid_season_2024/2024-07-13/S2B_MSIL2A_20240713T172859_N0510_R055_T13SFT_20240713T214123.tif
2025-10-24 13:00:06,967 consumer #0 [INFO] Processing feature: S2B_MSIL2A_20240713T172859_N0510_R055_T13SGU_20240713T214123 (Tile code: T13SGU)
2025-10-24 13:00:06,968 consumer #0 [INFO] Downloading 'S2B_MSIL2A_20240713T172859_N0510_R055_T13SGU_20240713T214123' (Tile: T13SGU)
2025-10-24 13:00:11,998 consumer #2 [INFO] Processing ZIP to 6-band for 'S2A_MSIL2A_20240926T173101_N0511_R055_T13SGU_20240927T003707' (Tile: T13SGU)
2025-10-24 13:00:17,638 consumer #2 [INFO] Created 6-band GeoTIFF: TX_late_season_2024/2024-09-26/S2A_MSIL2A_20240926T173101_N0511_R055_T13SGU_20240927T003707.tif
2025-10-24 13:00:17,658 consumer #2 [INFO] Successfully processed 'S2A_MSIL2A_20240926T173101_N0511_R055_T13SGU_20240927T003707' -> TX_late_season_2024/2024-09-26/S2A_MSIL2A_20240926T173101_N0511_R055_T13SGU_20240927T003707.tif
2025-10-24 13:00:57,232 consumer #1 [INFO] Processing ZIP to 6-band for 'S2A_MSIL2A_20240429T172901_N0510_R055_T13SFU_20240430T001051' (Tile: T13SFU)
2025-10-24 13:01:02,804 consumer #1 [INFO] Created 6-band GeoTIFF: TX_early_season_2024/2024-04-29/S2A_MSIL2A_20240429T172901_N0510_R055_T13SFU_20240430T001051.tif
2025-10-24 13:01:02,816 consumer #1 [INFO] Successfully processed 'S2A_MSIL2A_20240429T172901_N0510_R055_T13SFU_20240430T001051' -> TX_early_season_2024/2024-04-29/S2A_MSIL2A_20240429T172901_N0510_R055_T13SFU_20240430T001051.tif
2025-10-24 13:01:02,817 consumer #1 [INFO] Processing feature: S2B_MSIL2A_20240514T172859_N0510_R055_T13SGU_20240514T212904 (Tile code: T13SGU)
2025-10-24 13:01:02,817 consumer #1 [INFO] Downloading 'S2B_MSIL2A_20240514T172859_N0510_R055_T13SGU_20240514T212904' (Tile: T13SGU)
2025-10-24 13:01:10,727 consumer #2 [INFO] Processing ZIP to 6-band for 'S2B_MSIL2A_20240713T172859_N0510_R055_T13SGT_20240713T214123' (Tile: T13SGT)
2025-10-24 13:01:13,113 consumer #0 [INFO] Processing ZIP to 6-band for 'S2B_MSIL2A_20240713T172859_N0510_R055_T13SGU_20240713T214123' (Tile: T13SGU)
2025-10-24 13:01:16,357 consumer #2 [INFO] Created 6-band GeoTIFF: TX_mid_season_2024/2024-07-13/S2B_MSIL2A_20240713T172859_N0510_R055_T13SGT_20240713T214123.tif
2025-10-24 13:01:16,376 consumer #2 [INFO] Successfully processed 'S2B_MSIL2A_20240713T172859_N0510_R055_T13SGT_20240713T214123' -> TX_mid_season_2024/2024-07-13/S2B_MSIL2A_20240713T172859_N0510_R055_T13SGT_20240713T214123.tif
2025-10-24 13:01:16,376 consumer #2 [INFO] Processing feature: S2B_MSIL2A_20240723T172859_N0511_R055_T13SFT_20240723T215716 (Tile code: T13SFT)
2025-10-24 13:01:16,377 consumer #2 [INFO] Downloading 'S2B_MSIL2A_20240723T172859_N0511_R055_T13SFT_20240723T215716' (Tile: T13SFT)
2025-10-24 13:01:21,745 consumer #0 [INFO] Created 6-band GeoTIFF: TX_mid_season_2024/2024-07-13/S2B_MSIL2A_20240713T172859_N0510_R055_T13SGU_20240713T214123.tif
2025-10-24 13:01:21,762 consumer #0 [INFO] Successfully processed 'S2B_MSIL2A_20240713T172859_N0510_R055_T13SGU_20240713T214123' -> TX_mid_season_2024/2024-07-13/S2B_MSIL2A_20240713T172859_N0510_R055_T13SGU_20240713T214123.tif
2025-10-24 13:01:21,763 consumer #0 [INFO] Processing feature: S2A_MSIL2A_20240728T172901_N0511_R055_T13SFU_20240729T020252 (Tile code: T13SFU)
2025-10-24 13:01:21,763 consumer #0 [INFO] Downloading 'S2A_MSIL2A_20240728T172901_N0511_R055_T13SFU_20240729T020252' (Tile: T13SFU)
2025-10-24 13:02:10,107 consumer #2 [INFO] Processing ZIP to 6-band for 'S2A_MSIL2A_20240429T172901_N0510_R055_T13SGU_20240430T001051' (Tile: T13SGU)
2025-10-24 13:02:15,893 consumer #2 [INFO] Created 6-band GeoTIFF: TX_early_season_2024/2024-04-29/S2A_MSIL2A_20240429T172901_N0510_R055_T13SGU_20240430T001051.tif
2025-10-24 13:02:15,910 consumer #2 [INFO] Successfully processed 'S2A_MSIL2A_20240429T172901_N0510_R055_T13SGU_20240430T001051' -> TX_early_season_2024/2024-04-29/S2A_MSIL2A_20240429T172901_N0510_R055_T13SGU_20240430T001051.tif
2025-10-24 13:02:15,910 consumer #2 [INFO] Processing feature: S2B_MSIL2A_20240514T172859_N0510_R055_T13SFT_20240514T212904 (Tile code: T13SFT)
2025-10-24 13:02:15,917 consumer #2 [INFO] Downloading 'S2B_MSIL2A_20240514T172859_N0510_R055_T13SFT_20240514T212904' (Tile: T13SFT)
2025-10-24 13:02:17,659 MainThread [INFO] Checking thread statuses...
2025-10-24 13:02:26,345 consumer #3 [INFO] Processing ZIP to 6-band for 'S2A_MSIL2A_20240926T173101_N0511_R055_T13SGT_20240927T003707' (Tile: T13SGT)
2025-10-24 13:02:31,904 consumer #3 [INFO] Created 6-band GeoTIFF: TX_late_season_2024/2024-09-26/S2A_MSIL2A_20240926T173101_N0511_R055_T13SGT_20240927T003707.tif
2025-10-24 13:02:31,926 consumer #3 [INFO] Successfully processed 'S2A_MSIL2A_20240926T173101_N0511_R055_T13SGT_20240927T003707' -> TX_late_season_2024/2024-09-26/S2A_MSIL2A_20240926T173101_N0511_R055_T13SGT_20240927T003707.tif
2025-10-24 13:03:22,894 consumer #0 [INFO] Processing ZIP to 6-band for 'S2B_MSIL2A_20240514T172859_N0510_R055_T13SGT_20240514T212904' (Tile: T13SGT)
2025-10-24 13:03:28,285 consumer #0 [INFO] Created 6-band GeoTIFF: TX_early_season_2024/2024-05-14/S2B_MSIL2A_20240514T172859_N0510_R055_T13SGT_20240514T212904.tif
2025-10-24 13:03:28,306 consumer #0 [INFO] Successfully processed 'S2B_MSIL2A_20240514T172859_N0510_R055_T13SGT_20240514T212904' -> TX_early_season_2024/2024-05-14/S2B_MSIL2A_20240514T172859_N0510_R055_T13SGT_20240514T212904.tif
2025-10-24 13:03:28,306 consumer #0 [INFO] Processing feature: S2B_MSIL2A_20240514T172859_N0510_R055_T13SFU_20240514T212904 (Tile code: T13SFU)
2025-10-24 13:03:28,307 consumer #0 [INFO] Downloading 'S2B_MSIL2A_20240514T172859_N0510_R055_T13SFU_20240514T212904' (Tile: T13SFU)
2025-10-24 13:03:29,064 consumer #1 [INFO] Processing ZIP to 6-band for 'S2B_MSIL2A_20240713T172859_N0510_R055_T13SFU_20240713T214123' (Tile: T13SFU)
2025-10-24 13:03:34,621 consumer #1 [INFO] Created 6-band GeoTIFF: TX_mid_season_2024/2024-07-13/S2B_MSIL2A_20240713T172859_N0510_R055_T13SFU_20240713T214123.tif
2025-10-24 13:03:34,642 consumer #1 [INFO] Successfully processed 'S2B_MSIL2A_20240713T172859_N0510_R055_T13SFU_20240713T214123' -> TX_mid_season_2024/2024-07-13/S2B_MSIL2A_20240713T172859_N0510_R055_T13SFU_20240713T214123.tif
2025-10-24 13:03:34,642 consumer #1 [INFO] Processing feature: S2A_MSIL2A_20240728T172901_N0511_R055_T13SGU_20240729T020252 (Tile code: T13SGU)
2025-10-24 13:03:34,642 consumer #1 [INFO] Downloading 'S2A_MSIL2A_20240728T172901_N0511_R055_T13SGU_20240729T020252' (Tile: T13SGU)
2025-10-24 13:04:17,659 MainThread [INFO] Checking thread statuses...
2025-10-24 13:04:34,235 consumer #1 [INFO] Processing ZIP to 6-band for 'S2B_MSIL2A_20240514T172859_N0510_R055_T13SGU_20240514T212904' (Tile: T13SGU)
2025-10-24 13:04:39,554 consumer #1 [INFO] Created 6-band GeoTIFF: TX_early_season_2024/2024-05-14/S2B_MSIL2A_20240514T172859_N0510_R055_T13SGU_20240514T212904.tif
2025-10-24 13:04:39,566 consumer #1 [INFO] Successfully processed 'S2B_MSIL2A_20240514T172859_N0510_R055_T13SGU_20240514T212904' -> TX_early_season_2024/2024-05-14/S2B_MSIL2A_20240514T172859_N0510_R055_T13SGU_20240514T212904.tif
2025-10-24 13:04:39,567 consumer #1 [INFO] Processing feature: S2A_MSIL2A_20240519T172901_N0510_R055_T13SFT_20240520T003950 (Tile code: T13SFT)
2025-10-24 13:04:39,567 consumer #1 [INFO] Downloading 'S2A_MSIL2A_20240519T172901_N0510_R055_T13SFT_20240520T003950' (Tile: T13SFT)
2025-10-24 13:04:59,097 consumer #0 [INFO] Processing ZIP to 6-band for 'S2B_MSIL2A_20240514T172859_N0510_R055_T13SFU_20240514T212904' (Tile: T13SFU)
2025-10-24 13:05:04,420 consumer #0 [INFO] Created 6-band GeoTIFF: TX_early_season_2024/2024-05-14/S2B_MSIL2A_20240514T172859_N0510_R055_T13SFU_20240514T212904.tif
2025-10-24 13:05:04,434 consumer #0 [INFO] Successfully processed 'S2B_MSIL2A_20240514T172859_N0510_R055_T13SFU_20240514T212904' -> TX_early_season_2024/2024-05-14/S2B_MSIL2A_20240514T172859_N0510_R055_T13SFU_20240514T212904.tif
2025-10-24 13:05:04,435 consumer #0 [INFO] Processing feature: S2A_MSIL2A_20240519T172901_N0510_R055_T13SFT_20240520T011450 (Tile code: T13SFT)
2025-10-24 13:05:04,435 consumer #0 [INFO] Downloading 'S2A_MSIL2A_20240519T172901_N0510_R055_T13SFT_20240520T011450' (Tile: T13SFT)
2025-10-24 13:05:11,540 consumer #1 [INFO] Processing ZIP to 6-band for 'S2A_MSIL2A_20240519T172901_N0510_R055_T13SFT_20240520T003950' (Tile: T13SFT)
2025-10-24 13:05:13,696 consumer #1 [INFO] Created 6-band GeoTIFF: TX_early_season_2024/2024-05-19/S2A_MSIL2A_20240519T172901_N0510_R055_T13SFT_20240520T003950.tif
2025-10-24 13:05:13,709 consumer #1 [INFO] Successfully processed 'S2A_MSIL2A_20240519T172901_N0510_R055_T13SFT_20240520T003950' -> TX_early_season_2024/2024-05-19/S2A_MSIL2A_20240519T172901_N0510_R055_T13SFT_20240520T003950.tif
2025-10-24 13:05:13,710 consumer #1 [INFO] Processing feature: S2A_MSIL2A_20240519T172901_N0510_R055_T13SGT_20240520T003950 (Tile code: T13SGT)
2025-10-24 13:05:13,710 consumer #1 [INFO] Downloading 'S2A_MSIL2A_20240519T172901_N0510_R055_T13SGT_20240520T003950' (Tile: T13SGT)
2025-10-24 13:06:06,525 consumer #0 [INFO] Processing ZIP to 6-band for 'S2A_MSIL2A_20240728T172901_N0511_R055_T13SFU_20240729T020252' (Tile: T13SFU)
2025-10-24 13:06:11,997 consumer #0 [INFO] Created 6-band GeoTIFF: TX_mid_season_2024/2024-07-28/S2A_MSIL2A_20240728T172901_N0511_R055_T13SFU_20240729T020252.tif
2025-10-24 13:06:12,010 consumer #0 [INFO] Successfully processed 'S2A_MSIL2A_20240728T172901_N0511_R055_T13SFU_20240729T020252' -> TX_mid_season_2024/2024-07-28/S2A_MSIL2A_20240728T172901_N0511_R055_T13SFU_20240729T020252.tif
2025-10-24 13:06:12,010 consumer #0 [INFO] Processing feature: S2A_MSIL2A_20240728T172901_N0511_R055_T13SFT_20240729T020252 (Tile code: T13SFT)
2025-10-24 13:06:12,010 consumer #0 [INFO] Downloading 'S2A_MSIL2A_20240728T172901_N0511_R055_T13SFT_20240729T020252' (Tile: T13SFT)
2025-10-24 13:06:17,660 MainThread [INFO] Checking thread statuses...
2025-10-24 13:06:19,484 consumer #3 [INFO] Processing ZIP to 6-band for 'S2A_MSIL2A_20240509T172901_N0510_R055_T13SGU_20240510T002045' (Tile: T13SGU)
2025-10-24 13:06:24,843 consumer #3 [INFO] Created 6-band GeoTIFF: TX_early_season_2024/2024-05-09/S2A_MSIL2A_20240509T172901_N0510_R055_T13SGU_20240510T002045.tif
2025-10-24 13:06:24,857 consumer #3 [INFO] Successfully processed 'S2A_MSIL2A_20240509T172901_N0510_R055_T13SGU_20240510T002045' -> TX_early_season_2024/2024-05-09/S2A_MSIL2A_20240509T172901_N0510_R055_T13SGU_20240510T002045.tif
2025-10-24 13:06:24,858 consumer #3 [INFO] Processing feature: S2A_MSIL2A_20240519T172901_N0510_R055_T13SFU_20240520T003950 (Tile code: T13SFU)
2025-10-24 13:06:24,858 consumer #3 [INFO] Downloading 'S2A_MSIL2A_20240519T172901_N0510_R055_T13SFU_20240520T003950' (Tile: T13SFU)
2025-10-24 13:06:31,430 MainThread [INFO] Checking thread statuses...
2025-10-24 13:06:33,455 MainThread [INFO] Checking thread statuses...
2025-10-24 13:07:57,639 consumer #0 [INFO] Processing ZIP to 6-band for 'S2A_MSIL2A_20240519T172901_N0510_R055_T13SFT_20240520T011450' (Tile: T13SFT)
2025-10-24 13:08:03,042 consumer #0 [INFO] Created 6-band GeoTIFF: TX_early_season_2024/2024-05-19/S2A_MSIL2A_20240519T172901_N0510_R055_T13SFT_20240520T011450.tif
2025-10-24 13:08:03,057 consumer #0 [INFO] Successfully processed 'S2A_MSIL2A_20240519T172901_N0510_R055_T13SFT_20240520T011450' -> TX_early_season_2024/2024-05-19/S2A_MSIL2A_20240519T172901_N0510_R055_T13SFT_20240520T011450.tif
2025-10-24 13:08:03,058 consumer #0 [INFO] Processing feature: S2A_MSIL2A_20240519T172901_N0510_R055_T13SGU_20240520T003950 (Tile code: T13SGU)
2025-10-24 13:08:03,058 consumer #0 [INFO] Downloading 'S2A_MSIL2A_20240519T172901_N0510_R055_T13SGU_20240520T003950' (Tile: T13SGU)
2025-10-24 13:08:17,661 MainThread [INFO] Checking thread statuses...
2025-10-24 13:09:47,929 consumer #3 [INFO] Processing ZIP to 6-band for 'S2A_MSIL2A_20240519T172901_N0510_R055_T13SFU_20240520T003950' (Tile: T13SFU)
2025-10-24 13:09:53,192 consumer #3 [INFO] Created 6-band GeoTIFF: TX_early_season_2024/2024-05-19/S2A_MSIL2A_20240519T172901_N0510_R055_T13SFU_20240520T003950.tif
2025-10-24 13:09:53,209 consumer #3 [INFO] Successfully processed 'S2A_MSIL2A_20240519T172901_N0510_R055_T13SFU_20240520T003950' -> TX_early_season_2024/2024-05-19/S2A_MSIL2A_20240519T172901_N0510_R055_T13SFU_20240520T003950.tif
2025-10-24 13:09:53,221 consumer #3 [INFO] Processing feature: S2A_MSIL2A_20240519T172901_N0510_R055_T13SFU_20240520T011450 (Tile code: T13SFU)
2025-10-24 13:09:53,221 consumer #3 [INFO] Downloading 'S2A_MSIL2A_20240519T172901_N0510_R055_T13SFU_20240520T011450' (Tile: T13SFU)
2025-10-24 13:10:17,631 consumer #0 [INFO] Processing ZIP to 6-band for 'S2A_MSIL2A_20240916T172951_N0511_R055_T13SFU_20240917T005553' (Tile: T13SFU)
2025-10-24 13:10:17,662 MainThread [INFO] Checking thread statuses...
2025-10-24 13:10:23,470 consumer #0 [INFO] Created 6-band GeoTIFF: TX_late_season_2024/2024-09-16/S2A_MSIL2A_20240916T172951_N0511_R055_T13SFU_20240917T005553.tif
2025-10-24 13:10:23,483 consumer #0 [INFO] Successfully processed 'S2A_MSIL2A_20240916T172951_N0511_R055_T13SFU_20240917T005553' -> TX_late_season_2024/2024-09-16/S2A_MSIL2A_20240916T172951_N0511_R055_T13SFU_20240917T005553.tif
2025-10-24 13:10:23,499 MainThread [INFO] Summary: 13 processed, 0 skipped, 0 errors.
2025-10-24 13:10:32,466 consumer #3 [INFO] Processing ZIP to 6-band for 'S2A_MSIL2A_20240519T172901_N0510_R055_T13SFU_20240520T011450' (Tile: T13SFU)
2025-10-24 13:10:34,678 consumer #3 [INFO] Created 6-band GeoTIFF: TX_early_season_2024/2024-05-19/S2A_MSIL2A_20240519T172901_N0510_R055_T13SFU_20240520T011450.tif
2025-10-24 13:10:34,707 consumer #3 [INFO] Successfully processed 'S2A_MSIL2A_20240519T172901_N0510_R055_T13SFU_20240520T011450' -> TX_early_season_2024/2024-05-19/S2A_MSIL2A_20240519T172901_N0510_R055_T13SFU_20240520T011450.tif
2025-10-24 13:10:34,707 consumer #3 [INFO] Processing feature: S2A_MSIL2A_20240519T172901_N0510_R055_T13SGT_20240520T011450 (Tile code: T13SGT)
2025-10-24 13:10:34,708 consumer #3 [INFO] Downloading 'S2A_MSIL2A_20240519T172901_N0510_R055_T13SGT_20240520T011450' (Tile: T13SGT)
2025-10-24 13:12:24,464 consumer #0 [INFO] Processing ZIP to 6-band for 'S2A_MSIL2A_20240519T172901_N0510_R055_T13SGU_20240520T003950' (Tile: T13SGU)
2025-10-24 13:12:30,089 consumer #0 [INFO] Created 6-band GeoTIFF: TX_early_season_2024/2024-05-19/S2A_MSIL2A_20240519T172901_N0510_R055_T13SGU_20240520T003950.tif
2025-10-24 13:12:30,105 consumer #0 [INFO] Successfully processed 'S2A_MSIL2A_20240519T172901_N0510_R055_T13SGU_20240520T003950' -> TX_early_season_2024/2024-05-19/S2A_MSIL2A_20240519T172901_N0510_R055_T13SGU_20240520T003950.tif
2025-10-24 13:12:30,105 consumer #0 [INFO] Processing feature: S2B_MSIL2A_20240524T172859_N0510_R055_T13SFU_20240524T215913 (Tile code: T13SFU)
2025-10-24 13:12:30,106 consumer #0 [INFO] Downloading 'S2B_MSIL2A_20240524T172859_N0510_R055_T13SFU_20240524T215913' (Tile: T13SFU)
2025-10-24 13:13:02,160 consumer #3 [INFO] Processing ZIP to 6-band for 'S2A_MSIL2A_20240628T172901_N0510_R055_T13SGU_20240629T005750' (Tile: T13SGU)
2025-10-24 13:13:07,835 consumer #3 [INFO] Created 6-band GeoTIFF: TX_mid_season_2024/2024-06-28/S2A_MSIL2A_20240628T172901_N0510_R055_T13SGU_20240629T005750.tif
2025-10-24 13:13:07,850 consumer #3 [INFO] Successfully processed 'S2A_MSIL2A_20240628T172901_N0510_R055_T13SGU_20240629T005750' -> TX_mid_season_2024/2024-06-28/S2A_MSIL2A_20240628T172901_N0510_R055_T13SGU_20240629T005750.tif
2025-10-24 13:13:07,850 consumer #3 [INFO] Processing feature: S2A_MSIL2A_20240728T172901_N0511_R055_T13SGT_20240729T020252 (Tile code: T13SGT)
2025-10-24 13:13:07,850 consumer #3 [INFO] Downloading 'S2A_MSIL2A_20240728T172901_N0511_R055_T13SGT_20240729T020252' (Tile: T13SGT)
2025-10-24 13:13:45,329 consumer #3 [INFO] Processing ZIP to 6-band for 'S2A_MSIL2A_20240519T172901_N0510_R055_T13SGT_20240520T011450' (Tile: T13SGT)
2025-10-24 13:13:50,330 consumer #3 [INFO] Created 6-band GeoTIFF: TX_early_season_2024/2024-05-19/S2A_MSIL2A_20240519T172901_N0510_R055_T13SGT_20240520T011450.tif
2025-10-24 13:13:50,343 consumer #3 [INFO] Successfully processed 'S2A_MSIL2A_20240519T172901_N0510_R055_T13SGT_20240520T011450' -> TX_early_season_2024/2024-05-19/S2A_MSIL2A_20240519T172901_N0510_R055_T13SGT_20240520T011450.tif
2025-10-24 13:13:50,344 consumer #3 [INFO] Processing feature: S2B_MSIL2A_20240524T172859_N0510_R055_T13SGT_20240524T215913 (Tile code: T13SGT)
2025-10-24 13:13:50,356 consumer #3 [INFO] Downloading 'S2B_MSIL2A_20240524T172859_N0510_R055_T13SGT_20240524T215913' (Tile: T13SGT)
2025-10-24 13:14:03,140 consumer #2 [INFO] Processing ZIP to 6-band for 'S2B_MSIL2A_20240723T172859_N0511_R055_T13SFT_20240723T215716' (Tile: T13SFT)
2025-10-24 13:14:08,774 consumer #2 [INFO] Created 6-band GeoTIFF: TX_mid_season_2024/2024-07-23/S2B_MSIL2A_20240723T172859_N0511_R055_T13SFT_20240723T215716.tif
2025-10-24 13:14:08,791 consumer #2 [INFO] Successfully processed 'S2B_MSIL2A_20240723T172859_N0511_R055_T13SFT_20240723T215716' -> TX_mid_season_2024/2024-07-23/S2B_MSIL2A_20240723T172859_N0511_R055_T13SFT_20240723T215716.tif
2025-10-24 13:14:08,792 consumer #2 [INFO] Processing feature: S2B_MSIL2A_20240802T172859_N0511_R055_T13SFT_20240802T214730 (Tile code: T13SFT)
2025-10-24 13:14:08,792 consumer #2 [INFO] Downloading 'S2B_MSIL2A_20240802T172859_N0511_R055_T13SFT_20240802T214730' (Tile: T13SFT)
2025-10-24 13:14:31,432 MainThread [INFO] Checking thread statuses...
2025-10-24 13:14:33,456 MainThread [INFO] Checking thread statuses...
2025-10-24 13:15:54,614 consumer #3 [INFO] Processing ZIP to 6-band for 'S2A_MSIL2A_20240728T172901_N0511_R055_T13SGT_20240729T020252' (Tile: T13SGT)
2025-10-24 13:16:00,311 consumer #3 [INFO] Created 6-band GeoTIFF: TX_mid_season_2024/2024-07-28/S2A_MSIL2A_20240728T172901_N0511_R055_T13SGT_20240729T020252.tif
2025-10-24 13:16:00,323 consumer #3 [INFO] Successfully processed 'S2A_MSIL2A_20240728T172901_N0511_R055_T13SGT_20240729T020252' -> TX_mid_season_2024/2024-07-28/S2A_MSIL2A_20240728T172901_N0511_R055_T13SGT_20240729T020252.tif
2025-10-24 13:16:00,324 consumer #3 [INFO] Processing feature: S2B_MSIL2A_20240802T172859_N0511_R055_T13SGT_20240802T214730 (Tile code: T13SGT)
2025-10-24 13:16:00,324 consumer #3 [INFO] Downloading 'S2B_MSIL2A_20240802T172859_N0511_R055_T13SGT_20240802T214730' (Tile: T13SGT)
2025-10-24 13:16:32,486 consumer #0 [INFO] Processing ZIP to 6-band for 'S2B_MSIL2A_20240524T172859_N0510_R055_T13SFU_20240524T215913' (Tile: T13SFU)
2025-10-24 13:16:37,966 consumer #0 [INFO] Created 6-band GeoTIFF: TX_early_season_2024/2024-05-24/S2B_MSIL2A_20240524T172859_N0510_R055_T13SFU_20240524T215913.tif
2025-10-24 13:16:37,982 consumer #0 [INFO] Successfully processed 'S2B_MSIL2A_20240524T172859_N0510_R055_T13SFU_20240524T215913' -> TX_early_season_2024/2024-05-24/S2B_MSIL2A_20240524T172859_N0510_R055_T13SFU_20240524T215913.tif
2025-10-24 13:16:37,984 consumer #0 [INFO] Processing feature: S2B_MSIL2A_20240524T172859_N0510_R055_T13SFT_20240524T215913 (Tile code: T13SFT)
2025-10-24 13:16:37,985 consumer #0 [INFO] Downloading 'S2B_MSIL2A_20240524T172859_N0510_R055_T13SFT_20240524T215913' (Tile: T13SFT)
2025-10-24 13:16:38,099 consumer #2 [INFO] Processing ZIP to 6-band for 'S2B_MSIL2A_20240514T172859_N0510_R055_T13SFT_20240514T212904' (Tile: T13SFT)
2025-10-24 13:16:43,494 consumer #2 [INFO] Created 6-band GeoTIFF: TX_early_season_2024/2024-05-14/S2B_MSIL2A_20240514T172859_N0510_R055_T13SFT_20240514T212904.tif
2025-10-24 13:16:43,513 consumer #2 [INFO] Successfully processed 'S2B_MSIL2A_20240514T172859_N0510_R055_T13SFT_20240514T212904' -> TX_early_season_2024/2024-05-14/S2B_MSIL2A_20240514T172859_N0510_R055_T13SFT_20240514T212904.tif
2025-10-24 13:16:43,513 consumer #2 [INFO] Processing feature: S2B_MSIL2A_20240524T172859_N0510_R055_T13SGU_20240524T215913 (Tile code: T13SGU)
2025-10-24 13:16:43,513 consumer #2 [INFO] Downloading 'S2B_MSIL2A_20240524T172859_N0510_R055_T13SGU_20240524T215913' (Tile: T13SGU)
2025-10-24 13:16:58,225 consumer #1 [INFO] Processing ZIP to 6-band for 'S2A_MSIL2A_20240519T172901_N0510_R055_T13SGT_20240520T003950' (Tile: T13SGT)
2025-10-24 13:17:01,177 consumer #1 [INFO] Created 6-band GeoTIFF: TX_early_season_2024/2024-05-19/S2A_MSIL2A_20240519T172901_N0510_R055_T13SGT_20240520T003950.tif
2025-10-24 13:17:01,195 consumer #1 [INFO] Successfully processed 'S2A_MSIL2A_20240519T172901_N0510_R055_T13SGT_20240520T003950' -> TX_early_season_2024/2024-05-19/S2A_MSIL2A_20240519T172901_N0510_R055_T13SGT_20240520T003950.tif
2025-10-24 13:17:44,915 consumer #0 [INFO] Processing ZIP to 6-band for 'S2B_MSIL2A_20240524T172859_N0510_R055_T13SFT_20240524T215913' (Tile: T13SFT)
2025-10-24 13:17:50,554 consumer #0 [INFO] Created 6-band GeoTIFF: TX_early_season_2024/2024-05-24/S2B_MSIL2A_20240524T172859_N0510_R055_T13SFT_20240524T215913.tif
2025-10-24 13:17:50,569 consumer #0 [INFO] Successfully processed 'S2B_MSIL2A_20240524T172859_N0510_R055_T13SFT_20240524T215913' -> TX_early_season_2024/2024-05-24/S2B_MSIL2A_20240524T172859_N0510_R055_T13SFT_20240524T215913.tif
2025-10-24 13:18:10,207 consumer #2 [INFO] Processing ZIP to 6-band for 'S2B_MSIL2A_20240524T172859_N0510_R055_T13SGU_20240524T215913' (Tile: T13SGU)
2025-10-24 13:18:15,419 consumer #2 [INFO] Created 6-band GeoTIFF: TX_early_season_2024/2024-05-24/S2B_MSIL2A_20240524T172859_N0510_R055_T13SGU_20240524T215913.tif
2025-10-24 13:18:15,438 consumer #2 [INFO] Successfully processed 'S2B_MSIL2A_20240524T172859_N0510_R055_T13SGU_20240524T215913' -> TX_early_season_2024/2024-05-24/S2B_MSIL2A_20240524T172859_N0510_R055_T13SGU_20240524T215913.tif
2025-10-24 13:18:35,340 consumer #3 [INFO] Processing ZIP to 6-band for 'S2B_MSIL2A_20240524T172859_N0510_R055_T13SGT_20240524T215913' (Tile: T13SGT)
2025-10-24 13:18:42,772 consumer #3 [INFO] Created 6-band GeoTIFF: TX_early_season_2024/2024-05-24/S2B_MSIL2A_20240524T172859_N0510_R055_T13SGT_20240524T215913.tif
2025-10-24 13:18:42,785 consumer #3 [INFO] Successfully processed 'S2B_MSIL2A_20240524T172859_N0510_R055_T13SGT_20240524T215913' -> TX_early_season_2024/2024-05-24/S2B_MSIL2A_20240524T172859_N0510_R055_T13SGT_20240524T215913.tif
2025-10-24 13:18:42,805 MainThread [INFO] Summary: 31 processed, 0 skipped, 0 errors.
2025-10-24 13:20:15,752 consumer #3 [INFO] Processing ZIP to 6-band for 'S2B_MSIL2A_20240802T172859_N0511_R055_T13SGT_20240802T214730' (Tile: T13SGT)
2025-10-24 13:20:20,989 consumer #3 [INFO] Created 6-band GeoTIFF: TX_mid_season_2024/2024-08-02/S2B_MSIL2A_20240802T172859_N0511_R055_T13SGT_20240802T214730.tif
2025-10-24 13:20:21,014 consumer #3 [INFO] Successfully processed 'S2B_MSIL2A_20240802T172859_N0511_R055_T13SGT_20240802T214730' -> TX_mid_season_2024/2024-08-02/S2B_MSIL2A_20240802T172859_N0511_R055_T13SGT_20240802T214730.tif
2025-10-24 13:20:21,015 consumer #3 [INFO] Processing feature: S2B_MSIL2A_20240802T172859_N0511_R055_T13SFU_20240802T214730 (Tile code: T13SFU)
2025-10-24 13:20:21,015 consumer #3 [INFO] Downloading 'S2B_MSIL2A_20240802T172859_N0511_R055_T13SFU_20240802T214730' (Tile: T13SFU)
2025-10-24 13:20:26,148 consumer #0 [INFO] Processing ZIP to 6-band for 'S2A_MSIL2A_20240728T172901_N0511_R055_T13SFT_20240729T020252' (Tile: T13SFT)
2025-10-24 13:20:31,830 consumer #0 [INFO] Created 6-band GeoTIFF: TX_mid_season_2024/2024-07-28/S2A_MSIL2A_20240728T172901_N0511_R055_T13SFT_20240729T020252.tif
2025-10-24 13:20:31,850 consumer #0 [INFO] Successfully processed 'S2A_MSIL2A_20240728T172901_N0511_R055_T13SFT_20240729T020252' -> TX_mid_season_2024/2024-07-28/S2A_MSIL2A_20240728T172901_N0511_R055_T13SFT_20240729T020252.tif
2025-10-24 13:20:31,851 consumer #0 [INFO] Processing feature: S2B_MSIL2A_20240802T172859_N0511_R055_T13SGU_20240802T214730 (Tile code: T13SGU)
2025-10-24 13:20:31,851 consumer #0 [INFO] Downloading 'S2B_MSIL2A_20240802T172859_N0511_R055_T13SGU_20240802T214730' (Tile: T13SGU)
2025-10-24 13:21:03,842 consumer #2 [INFO] Processing ZIP to 6-band for 'S2B_MSIL2A_20240802T172859_N0511_R055_T13SFT_20240802T214730' (Tile: T13SFT)
2025-10-24 13:21:09,208 consumer #2 [INFO] Created 6-band GeoTIFF: TX_mid_season_2024/2024-08-02/S2B_MSIL2A_20240802T172859_N0511_R055_T13SFT_20240802T214730.tif
2025-10-24 13:21:09,225 consumer #2 [INFO] Successfully processed 'S2B_MSIL2A_20240802T172859_N0511_R055_T13SFT_20240802T214730' -> TX_mid_season_2024/2024-08-02/S2B_MSIL2A_20240802T172859_N0511_R055_T13SFT_20240802T214730.tif
2025-10-24 13:21:09,226 consumer #2 [INFO] Processing feature: S2A_MSIL2A_20240807T172901_N0511_R055_T13SFU_20240808T010117 (Tile code: T13SFU)
2025-10-24 13:21:09,234 consumer #2 [INFO] Downloading 'S2A_MSIL2A_20240807T172901_N0511_R055_T13SFU_20240808T010117' (Tile: T13SFU)
2025-10-24 13:22:04,224 consumer #3 [INFO] Processing ZIP to 6-band for 'S2B_MSIL2A_20240802T172859_N0511_R055_T13SFU_20240802T214730' (Tile: T13SFU)
2025-10-24 13:22:09,851 consumer #3 [INFO] Created 6-band GeoTIFF: TX_mid_season_2024/2024-08-02/S2B_MSIL2A_20240802T172859_N0511_R055_T13SFU_20240802T214730.tif
2025-10-24 13:22:09,873 consumer #3 [INFO] Successfully processed 'S2B_MSIL2A_20240802T172859_N0511_R055_T13SFU_20240802T214730' -> TX_mid_season_2024/2024-08-02/S2B_MSIL2A_20240802T172859_N0511_R055_T13SFU_20240802T214730.tif
2025-10-24 13:22:09,875 consumer #3 [INFO] Processing feature: S2A_MSIL2A_20240807T172901_N0511_R055_T13SFT_20240808T010117 (Tile code: T13SFT)
2025-10-24 13:22:09,875 consumer #3 [INFO] Downloading 'S2A_MSIL2A_20240807T172901_N0511_R055_T13SFT_20240808T010117' (Tile: T13SFT)
2025-10-24 13:22:29,921 consumer #1 [INFO] Processing ZIP to 6-band for 'S2A_MSIL2A_20240728T172901_N0511_R055_T13SGU_20240729T020252' (Tile: T13SGU)
2025-10-24 13:22:35,681 consumer #1 [INFO] Created 6-band GeoTIFF: TX_mid_season_2024/2024-07-28/S2A_MSIL2A_20240728T172901_N0511_R055_T13SGU_20240729T020252.tif
2025-10-24 13:22:35,682 MainThread [INFO] Checking thread statuses...
2025-10-24 13:22:35,708 consumer #1 [INFO] Successfully processed 'S2A_MSIL2A_20240728T172901_N0511_R055_T13SGU_20240729T020252' -> TX_mid_season_2024/2024-07-28/S2A_MSIL2A_20240728T172901_N0511_R055_T13SGU_20240729T020252.tif
2025-10-24 13:22:35,709 consumer #1 [INFO] Processing feature: S2A_MSIL2A_20240807T172901_N0511_R055_T13SGT_20240808T010117 (Tile code: T13SGT)
2025-10-24 13:22:35,709 consumer #1 [INFO] Downloading 'S2A_MSIL2A_20240807T172901_N0511_R055_T13SGT_20240808T010117' (Tile: T13SGT)
2025-10-24 13:22:40,778 consumer #2 [INFO] Processing ZIP to 6-band for 'S2A_MSIL2A_20240807T172901_N0511_R055_T13SFU_20240808T010117' (Tile: T13SFU)
2025-10-24 13:22:46,098 consumer #2 [INFO] Created 6-band GeoTIFF: TX_mid_season_2024/2024-08-07/S2A_MSIL2A_20240807T172901_N0511_R055_T13SFU_20240808T010117.tif
2025-10-24 13:22:46,117 consumer #2 [INFO] Successfully processed 'S2A_MSIL2A_20240807T172901_N0511_R055_T13SFU_20240808T010117' -> TX_mid_season_2024/2024-08-07/S2A_MSIL2A_20240807T172901_N0511_R055_T13SFU_20240808T010117.tif
2025-10-24 13:22:46,117 consumer #2 [INFO] Processing feature: S2A_MSIL2A_20240807T172901_N0511_R055_T13SGU_20240808T010117 (Tile code: T13SGU)
2025-10-24 13:22:46,118 consumer #2 [INFO] Downloading 'S2A_MSIL2A_20240807T172901_N0511_R055_T13SGU_20240808T010117' (Tile: T13SGU)
2025-10-24 13:23:20,022 consumer #0 [INFO] Processing ZIP to 6-band for 'S2B_MSIL2A_20240802T172859_N0511_R055_T13SGU_20240802T214730' (Tile: T13SGU)
2025-10-24 13:23:25,529 consumer #0 [INFO] Created 6-band GeoTIFF: TX_mid_season_2024/2024-08-02/S2B_MSIL2A_20240802T172859_N0511_R055_T13SGU_20240802T214730.tif
2025-10-24 13:23:25,547 consumer #0 [INFO] Successfully processed 'S2B_MSIL2A_20240802T172859_N0511_R055_T13SGU_20240802T214730' -> TX_mid_season_2024/2024-08-02/S2B_MSIL2A_20240802T172859_N0511_R055_T13SGU_20240802T214730.tif
2025-10-24 13:23:25,547 consumer #0 [INFO] Processing feature: S2A_MSIL2A_20240817T172901_N0511_R055_T13SGU_20240818T004950 (Tile code: T13SGU)
2025-10-24 13:23:25,548 consumer #0 [INFO] Downloading 'S2A_MSIL2A_20240817T172901_N0511_R055_T13SGU_20240818T004950' (Tile: T13SGU)
2025-10-24 13:23:31,622 consumer #3 [INFO] Processing ZIP to 6-band for 'S2A_MSIL2A_20240807T172901_N0511_R055_T13SFT_20240808T010117' (Tile: T13SFT)
2025-10-24 13:23:37,018 consumer #3 [INFO] Created 6-band GeoTIFF: TX_mid_season_2024/2024-08-07/S2A_MSIL2A_20240807T172901_N0511_R055_T13SFT_20240808T010117.tif
2025-10-24 13:23:37,045 consumer #3 [INFO] Successfully processed 'S2A_MSIL2A_20240807T172901_N0511_R055_T13SFT_20240808T010117' -> TX_mid_season_2024/2024-08-07/S2A_MSIL2A_20240807T172901_N0511_R055_T13SFT_20240808T010117.tif
2025-10-24 13:23:37,046 consumer #3 [INFO] Processing feature: S2A_MSIL2A_20240817T172901_N0511_R055_T13SGT_20240818T004950 (Tile code: T13SGT)
2025-10-24 13:23:37,060 consumer #3 [INFO] Downloading 'S2A_MSIL2A_20240817T172901_N0511_R055_T13SGT_20240818T004950' (Tile: T13SGT)
2025-10-24 13:23:55,876 consumer #2 [INFO] Processing ZIP to 6-band for 'S2A_MSIL2A_20240807T172901_N0511_R055_T13SGU_20240808T010117' (Tile: T13SGU)
2025-10-24 13:24:01,644 consumer #2 [INFO] Created 6-band GeoTIFF: TX_mid_season_2024/2024-08-07/S2A_MSIL2A_20240807T172901_N0511_R055_T13SGU_20240808T010117.tif
2025-10-24 13:24:01,664 consumer #2 [INFO] Successfully processed 'S2A_MSIL2A_20240807T172901_N0511_R055_T13SGU_20240808T010117' -> TX_mid_season_2024/2024-08-07/S2A_MSIL2A_20240807T172901_N0511_R055_T13SGU_20240808T010117.tif
2025-10-24 13:24:01,665 consumer #2 [INFO] Processing feature: S2A_MSIL2A_20240817T172901_N0511_R055_T13SFT_20240818T004950 (Tile code: T13SFT)
2025-10-24 13:24:01,665 consumer #2 [INFO] Downloading 'S2A_MSIL2A_20240817T172901_N0511_R055_T13SFT_20240818T004950' (Tile: T13SFT)
2025-10-24 13:24:42,682 consumer #1 [INFO] Processing ZIP to 6-band for 'S2A_MSIL2A_20240807T172901_N0511_R055_T13SGT_20240808T010117' (Tile: T13SGT)
2025-10-24 13:24:48,270 consumer #1 [INFO] Created 6-band GeoTIFF: TX_mid_season_2024/2024-08-07/S2A_MSIL2A_20240807T172901_N0511_R055_T13SGT_20240808T010117.tif
2025-10-24 13:24:48,297 consumer #1 [INFO] Successfully processed 'S2A_MSIL2A_20240807T172901_N0511_R055_T13SGT_20240808T010117' -> TX_mid_season_2024/2024-08-07/S2A_MSIL2A_20240807T172901_N0511_R055_T13SGT_20240808T010117.tif
2025-10-24 13:24:48,297 consumer #1 [INFO] Processing feature: S2A_MSIL2A_20240817T172901_N0511_R055_T13SFU_20240818T004950 (Tile code: T13SFU)
2025-10-24 13:24:48,298 consumer #1 [INFO] Downloading 'S2A_MSIL2A_20240817T172901_N0511_R055_T13SFU_20240818T004950' (Tile: T13SFU)
2025-10-24 13:25:08,538 consumer #3 [INFO] Processing ZIP to 6-band for 'S2A_MSIL2A_20240817T172901_N0511_R055_T13SGT_20240818T004950' (Tile: T13SGT)
2025-10-24 13:25:13,983 consumer #3 [INFO] Created 6-band GeoTIFF: TX_mid_season_2024/2024-08-17/S2A_MSIL2A_20240817T172901_N0511_R055_T13SGT_20240818T004950.tif
2025-10-24 13:25:14,003 consumer #3 [INFO] Successfully processed 'S2A_MSIL2A_20240817T172901_N0511_R055_T13SGT_20240818T004950' -> TX_mid_season_2024/2024-08-17/S2A_MSIL2A_20240817T172901_N0511_R055_T13SGT_20240818T004950.tif
2025-10-24 13:25:14,003 consumer #3 [INFO] Processing feature: S2B_MSIL2A_20240822T172859_N0511_R055_T13SFU_20240822T232922 (Tile code: T13SFU)
2025-10-24 13:25:14,004 consumer #3 [INFO] Downloading 'S2B_MSIL2A_20240822T172859_N0511_R055_T13SFU_20240822T232922' (Tile: T13SFU)
2025-10-24 13:26:01,844 consumer #1 [INFO] Processing ZIP to 6-band for 'S2A_MSIL2A_20240817T172901_N0511_R055_T13SFU_20240818T004950' (Tile: T13SFU)
2025-10-24 13:26:08,330 consumer #1 [INFO] Created 6-band GeoTIFF: TX_mid_season_2024/2024-08-17/S2A_MSIL2A_20240817T172901_N0511_R055_T13SFU_20240818T004950.tif
2025-10-24 13:26:08,351 consumer #1 [INFO] Successfully processed 'S2A_MSIL2A_20240817T172901_N0511_R055_T13SFU_20240818T004950' -> TX_mid_season_2024/2024-08-17/S2A_MSIL2A_20240817T172901_N0511_R055_T13SFU_20240818T004950.tif
2025-10-24 13:26:08,351 consumer #1 [INFO] Processing feature: S2B_MSIL2A_20240822T172859_N0511_R055_T13SGT_20240822T232922 (Tile code: T13SGT)
2025-10-24 13:26:08,352 consumer #1 [INFO] Downloading 'S2B_MSIL2A_20240822T172859_N0511_R055_T13SGT_20240822T232922' (Tile: T13SGT)
2025-10-24 13:26:21,988 consumer #0 [INFO] Processing ZIP to 6-band for 'S2A_MSIL2A_20240817T172901_N0511_R055_T13SGU_20240818T004950' (Tile: T13SGU)
2025-10-24 13:26:24,005 consumer #3 [INFO] Processing ZIP to 6-band for 'S2B_MSIL2A_20240822T172859_N0511_R055_T13SFU_20240822T232922' (Tile: T13SFU)
2025-10-24 13:26:27,612 consumer #0 [INFO] Created 6-band GeoTIFF: TX_mid_season_2024/2024-08-17/S2A_MSIL2A_20240817T172901_N0511_R055_T13SGU_20240818T004950.tif
2025-10-24 13:26:27,632 consumer #0 [INFO] Successfully processed 'S2A_MSIL2A_20240817T172901_N0511_R055_T13SGU_20240818T004950' -> TX_mid_season_2024/2024-08-17/S2A_MSIL2A_20240817T172901_N0511_R055_T13SGU_20240818T004950.tif
2025-10-24 13:26:27,637 consumer #0 [INFO] Processing feature: S2B_MSIL2A_20240822T172859_N0511_R055_T13SGU_20240822T232922 (Tile code: T13SGU)
2025-10-24 13:26:27,637 consumer #0 [INFO] Downloading 'S2B_MSIL2A_20240822T172859_N0511_R055_T13SGU_20240822T232922' (Tile: T13SGU)
2025-10-24 13:26:31,956 consumer #3 [INFO] Created 6-band GeoTIFF: TX_mid_season_2024/2024-08-22/S2B_MSIL2A_20240822T172859_N0511_R055_T13SFU_20240822T232922.tif
2025-10-24 13:26:31,977 consumer #3 [INFO] Successfully processed 'S2B_MSIL2A_20240822T172859_N0511_R055_T13SFU_20240822T232922' -> TX_mid_season_2024/2024-08-22/S2B_MSIL2A_20240822T172859_N0511_R055_T13SFU_20240822T232922.tif
2025-10-24 13:26:31,977 consumer #3 [INFO] Processing feature: S2B_MSIL2A_20240822T172859_N0511_R055_T13SFT_20240822T232922 (Tile code: T13SFT)
2025-10-24 13:26:31,978 consumer #3 [INFO] Downloading 'S2B_MSIL2A_20240822T172859_N0511_R055_T13SFT_20240822T232922' (Tile: T13SFT)
2025-10-24 13:27:12,422 consumer #2 [INFO] Processing ZIP to 6-band for 'S2A_MSIL2A_20240817T172901_N0511_R055_T13SFT_20240818T004950' (Tile: T13SFT)
2025-10-24 13:27:17,690 consumer #2 [INFO] Created 6-band GeoTIFF: TX_mid_season_2024/2024-08-17/S2A_MSIL2A_20240817T172901_N0511_R055_T13SFT_20240818T004950.tif
2025-10-24 13:27:17,709 consumer #2 [INFO] Successfully processed 'S2A_MSIL2A_20240817T172901_N0511_R055_T13SFT_20240818T004950' -> TX_mid_season_2024/2024-08-17/S2A_MSIL2A_20240817T172901_N0511_R055_T13SFT_20240818T004950.tif
2025-10-24 13:27:17,710 consumer #2 [INFO] Processing feature: S2A_MSIL2A_20240827T172901_N0511_R055_T13SFU_20240828T002550 (Tile code: T13SFU)
2025-10-24 13:27:17,710 consumer #2 [INFO] Downloading 'S2A_MSIL2A_20240827T172901_N0511_R055_T13SFU_20240828T002550' (Tile: T13SFU)
2025-10-24 13:28:02,986 consumer #3 [INFO] Processing ZIP to 6-band for 'S2B_MSIL2A_20240822T172859_N0511_R055_T13SFT_20240822T232922' (Tile: T13SFT)
2025-10-24 13:28:08,662 consumer #3 [INFO] Created 6-band GeoTIFF: TX_mid_season_2024/2024-08-22/S2B_MSIL2A_20240822T172859_N0511_R055_T13SFT_20240822T232922.tif
2025-10-24 13:28:08,681 consumer #3 [INFO] Successfully processed 'S2B_MSIL2A_20240822T172859_N0511_R055_T13SFT_20240822T232922' -> TX_mid_season_2024/2024-08-22/S2B_MSIL2A_20240822T172859_N0511_R055_T13SFT_20240822T232922.tif
2025-10-24 13:28:19,014 consumer #1 [INFO] Processing ZIP to 6-band for 'S2B_MSIL2A_20240822T172859_N0511_R055_T13SGT_20240822T232922' (Tile: T13SGT)
2025-10-24 13:28:24,479 consumer #1 [INFO] Created 6-band GeoTIFF: TX_mid_season_2024/2024-08-22/S2B_MSIL2A_20240822T172859_N0511_R055_T13SGT_20240822T232922.tif
2025-10-24 13:28:24,496 consumer #1 [INFO] Successfully processed 'S2B_MSIL2A_20240822T172859_N0511_R055_T13SGT_20240822T232922' -> TX_mid_season_2024/2024-08-22/S2B_MSIL2A_20240822T172859_N0511_R055_T13SGT_20240822T232922.tif
2025-10-24 13:28:32,060 consumer #2 [INFO] Processing ZIP to 6-band for 'S2A_MSIL2A_20240827T172901_N0511_R055_T13SFU_20240828T002550' (Tile: T13SFU)
2025-10-24 13:28:37,188 MainThread [INFO] Checking thread statuses...
2025-10-24 13:28:37,188 consumer #2 [INFO] Created 6-band GeoTIFF: TX_mid_season_2024/2024-08-27/S2A_MSIL2A_20240827T172901_N0511_R055_T13SFU_20240828T002550.tif
2025-10-24 13:28:37,201 consumer #2 [INFO] Successfully processed 'S2A_MSIL2A_20240827T172901_N0511_R055_T13SFU_20240828T002550' -> TX_mid_season_2024/2024-08-27/S2A_MSIL2A_20240827T172901_N0511_R055_T13SFU_20240828T002550.tif
2025-10-24 13:30:07,087 consumer #0 [INFO] Processing ZIP to 6-band for 'S2B_MSIL2A_20240822T172859_N0511_R055_T13SGU_20240822T232922' (Tile: T13SGU)
2025-10-24 13:30:12,213 consumer #0 [INFO] Created 6-band GeoTIFF: TX_mid_season_2024/2024-08-22/S2B_MSIL2A_20240822T172859_N0511_R055_T13SGU_20240822T232922.tif
2025-10-24 13:30:12,224 consumer #0 [INFO] Successfully processed 'S2B_MSIL2A_20240822T172859_N0511_R055_T13SGU_20240822T232922' -> TX_mid_season_2024/2024-08-22/S2B_MSIL2A_20240822T172859_N0511_R055_T13SGU_20240822T232922.tif
2025-10-24 13:30:12,242 MainThread [INFO] Summary: 42 processed, 0 skipped, 0 errors.
2025-10-26 23:39:43,066 MainThread [INFO] Logging to file: /bigdata/eldawylab/sdas050/MS_Research/scripts/sentinel2_downloader.log
2025-10-26 23:39:43,189 producer [DEBUG] Starting search process...
2025-10-26 23:39:43,190 consumer #0 [DEBUG] Starting downloader
2025-10-26 23:39:43,190 consumer #1 [DEBUG] Starting downloader
2025-10-26 23:39:43,194 consumer #2 [DEBUG] Starting downloader
2025-10-26 23:39:43,196 consumer #3 [DEBUG] Starting downloader
2025-10-26 23:39:43,198 MainThread [INFO] Checking thread statuses...
2025-10-26 23:39:45,989 producer [DEBUG] Found 0 on [2024-03-01, 2024-03-02]
2025-10-26 23:39:47,642 producer [DEBUG] Found 0 on [2024-03-02, 2024-03-03]
2025-10-26 23:39:49,365 producer [DEBUG] Found 0 on [2024-03-03, 2024-03-04]
2025-10-26 23:39:50,978 MainThread [INFO] Logging to file: /bigdata/eldawylab/sdas050/MS_Research/scripts/sentinel2_downloader.log
2025-10-26 23:39:51,002 producer [DEBUG] Starting search process...
2025-10-26 23:39:51,002 consumer #0 [DEBUG] Starting downloader
2025-10-26 23:39:51,003 consumer #1 [DEBUG] Starting downloader
2025-10-26 23:39:51,007 consumer #2 [DEBUG] Starting downloader
2025-10-26 23:39:51,009 consumer #3 [DEBUG] Starting downloader
2025-10-26 23:39:51,010 MainThread [INFO] Checking thread statuses...
2025-10-26 23:39:51,085 producer [DEBUG] Found 0 on [2024-03-04, 2024-03-05]
2025-10-26 23:39:53,442 producer [DEBUG] Found 0 on [2024-06-01, 2024-06-02]
2025-10-26 23:39:53,690 producer [DEBUG] Found 0 on [2024-03-05, 2024-03-06]
2025-10-26 23:39:55,195 producer [DEBUG] Found 0 on [2024-06-02, 2024-06-03]
2025-10-26 23:39:55,802 producer [DEBUG] Found 0 on [2024-03-06, 2024-03-07]
2025-10-26 23:39:57,229 producer [DEBUG] Found 0 on [2024-03-07, 2024-03-08]
2025-10-26 23:39:57,345 producer [DEBUG] Found 0 on [2024-06-03, 2024-06-04]
2025-10-26 23:39:58,993 producer [DEBUG] Found 0 on [2024-03-08, 2024-03-09]
2025-10-26 23:39:59,270 producer [DEBUG] Found 2 on [2024-06-04, 2024-06-05]
2025-10-26 23:39:59,279 consumer #2 [INFO] Processing feature: S2B_MSIL2A_20240604T183919_N0510_R070_T11SKA_20240604T221437 (Tile code: T11SKA)
2025-10-26 23:39:59,282 consumer #2 [INFO] Downloading 'S2B_MSIL2A_20240604T183919_N0510_R070_T11SKA_20240604T221437' (Tile: T11SKA)
2025-10-26 23:39:59,284 consumer #3 [INFO] Processing feature: S2B_MSIL2A_20240604T183919_N0510_R070_T10SGF_20240604T221437 (Tile code: T10SGF)
2025-10-26 23:39:59,285 consumer #3 [INFO] Downloading 'S2B_MSIL2A_20240604T183919_N0510_R070_T10SGF_20240604T221437' (Tile: T10SGF)
2025-10-26 23:40:01,380 producer [DEBUG] Found 0 on [2024-03-09, 2024-03-10]
2025-10-26 23:40:01,465 producer [DEBUG] Found 0 on [2024-06-05, 2024-06-06]
2025-10-26 23:40:02,942 producer [DEBUG] Found 0 on [2024-03-10, 2024-03-11]
2025-10-26 23:40:03,400 producer [DEBUG] Found 0 on [2024-06-06, 2024-06-07]
2025-10-26 23:40:05,068 producer [DEBUG] Found 1 on [2024-03-11, 2024-03-12]
2025-10-26 23:40:05,077 consumer #3 [INFO] Processing feature: S2A_MSIL2A_20240311T184151_N0510_R070_T11SKA_20240311T234450 (Tile code: T11SKA)
2025-10-26 23:40:05,080 consumer #3 [INFO] Downloading 'S2A_MSIL2A_20240311T184151_N0510_R070_T11SKA_20240311T234450' (Tile: T11SKA)
2025-10-26 23:40:06,524 producer [DEBUG] Found 0 on [2024-03-12, 2024-03-13]
2025-10-26 23:40:06,708 producer [DEBUG] Found 0 on [2024-06-07, 2024-06-08]
2025-10-26 23:40:08,199 producer [DEBUG] Found 0 on [2024-03-13, 2024-03-14]
2025-10-26 23:40:08,302 producer [DEBUG] Found 0 on [2024-06-08, 2024-06-09]
2025-10-26 23:40:10,270 producer [DEBUG] Found 0 on [2024-03-14, 2024-03-15]
2025-10-26 23:40:10,624 producer [DEBUG] Found 2 on [2024-06-09, 2024-06-10]
2025-10-26 23:40:10,635 consumer #0 [INFO] Processing feature: S2A_MSIL2A_20240609T183921_N0510_R070_T10SGF_20240610T012249 (Tile code: T10SGF)
2025-10-26 23:40:10,636 consumer #0 [INFO] Downloading 'S2A_MSIL2A_20240609T183921_N0510_R070_T10SGF_20240610T012249' (Tile: T10SGF)
2025-10-26 23:40:10,641 consumer #1 [INFO] Processing feature: S2A_MSIL2A_20240609T183921_N0510_R070_T11SKA_20240610T012249 (Tile code: T11SKA)
2025-10-26 23:40:10,642 consumer #1 [INFO] Downloading 'S2A_MSIL2A_20240609T183921_N0510_R070_T11SKA_20240610T012249' (Tile: T11SKA)
2025-10-26 23:40:11,793 producer [DEBUG] Found 0 on [2024-03-15, 2024-03-16]
2025-10-26 23:40:12,367 producer [DEBUG] Found 0 on [2024-06-10, 2024-06-11]
2025-10-26 23:40:13,284 producer [DEBUG] Found 0 on [2024-03-16, 2024-03-17]
2025-10-26 23:40:13,926 producer [DEBUG] Found 0 on [2024-06-11, 2024-06-12]
2025-10-26 23:40:15,176 producer [DEBUG] Found 0 on [2024-03-17, 2024-03-18]
2025-10-26 23:40:15,567 producer [DEBUG] Found 0 on [2024-06-12, 2024-06-13]
2025-10-26 23:40:16,187 MainThread [INFO] Logging to file: /bigdata/eldawylab/sdas050/MS_Research/scripts/sentinel2_downloader.log
2025-10-26 23:40:16,216 producer [DEBUG] Starting search process...
2025-10-26 23:40:16,216 consumer #0 [DEBUG] Starting downloader
2025-10-26 23:40:16,218 consumer #1 [DEBUG] Starting downloader
2025-10-26 23:40:16,223 consumer #2 [DEBUG] Starting downloader
2025-10-26 23:40:16,226 consumer #3 [DEBUG] Starting downloader
2025-10-26 23:40:16,228 MainThread [INFO] Checking thread statuses...
2025-10-26 23:40:16,787 producer [DEBUG] Found 0 on [2024-03-18, 2024-03-19]
2025-10-26 23:40:17,395 producer [DEBUG] Found 0 on [2024-06-13, 2024-06-14]
2025-10-26 23:40:19,281 producer [DEBUG] Found 0 on [2024-03-19, 2024-03-20]
2025-10-26 23:40:19,339 producer [DEBUG] Found 2 on [2024-06-14, 2024-06-15]
2025-10-26 23:40:19,430 producer [DEBUG] Found 0 on [2024-09-01, 2024-09-02]
2025-10-26 23:40:20,939 producer [DEBUG] Found 0 on [2024-06-15, 2024-06-16]
2025-10-26 23:40:21,033 producer [DEBUG] Found 0 on [2024-03-20, 2024-03-21]
2025-10-26 23:40:21,363 producer [DEBUG] Found 2 on [2024-09-02, 2024-09-03]
2025-10-26 23:40:21,374 consumer #3 [INFO] Processing feature: S2B_MSIL2A_20240902T183919_N0511_R070_T11SKA_20240902T225006 (Tile code: T11SKA)
2025-10-26 23:40:21,376 consumer #3 [INFO] Downloading 'S2B_MSIL2A_20240902T183919_N0511_R070_T11SKA_20240902T225006' (Tile: T11SKA)
2025-10-26 23:40:21,379 consumer #2 [INFO] Processing feature: S2B_MSIL2A_20240902T183919_N0511_R070_T10SGF_20240902T225006 (Tile code: T10SGF)
2025-10-26 23:40:21,380 consumer #2 [INFO] Downloading 'S2B_MSIL2A_20240902T183919_N0511_R070_T10SGF_20240902T225006' (Tile: T10SGF)
2025-10-26 23:40:22,542 producer [DEBUG] Found 2 on [2024-03-21, 2024-03-22]
2025-10-26 23:40:22,550 consumer #2 [INFO] Processing feature: S2A_MSIL2A_20240321T184041_N0510_R070_T11SKA_20240322T000054 (Tile code: T11SKA)
2025-10-26 23:40:22,551 consumer #2 [INFO] Downloading 'S2A_MSIL2A_20240321T184041_N0510_R070_T11SKA_20240322T000054' (Tile: T11SKA)
2025-10-26 23:40:22,555 consumer #0 [INFO] Processing feature: S2A_MSIL2A_20240321T184041_N0510_R070_T10SGF_20240322T000054 (Tile code: T10SGF)
2025-10-26 23:40:22,555 consumer #0 [INFO] Downloading 'S2A_MSIL2A_20240321T184041_N0510_R070_T10SGF_20240322T000054' (Tile: T10SGF)
2025-10-26 23:40:23,608 producer [DEBUG] Found 0 on [2024-09-03, 2024-09-04]
2025-10-26 23:40:23,620 producer [DEBUG] Found 0 on [2024-06-16, 2024-06-17]
2025-10-26 23:40:24,007 producer [DEBUG] Found 0 on [2024-03-22, 2024-03-23]
2025-10-26 23:40:25,340 producer [DEBUG] Found 0 on [2024-09-04, 2024-09-05]
2025-10-26 23:40:25,410 producer [DEBUG] Found 0 on [2024-03-23, 2024-03-24]
2025-10-26 23:40:25,511 producer [DEBUG] Found 0 on [2024-06-17, 2024-06-18]
2025-10-26 23:40:27,110 producer [DEBUG] Found 0 on [2024-09-05, 2024-09-06]
2025-10-26 23:40:27,140 producer [DEBUG] Found 0 on [2024-06-18, 2024-06-19]
2025-10-26 23:40:27,526 producer [DEBUG] Found 0 on [2024-03-24, 2024-03-25]
2025-10-26 23:40:28,928 producer [DEBUG] Found 2 on [2024-06-19, 2024-06-20]
2025-10-26 23:40:29,035 producer [DEBUG] Found 0 on [2024-03-25, 2024-03-26]
2025-10-26 23:40:29,788 producer [DEBUG] Found 0 on [2024-09-06, 2024-09-07]
2025-10-26 23:40:30,469 producer [DEBUG] Found 2 on [2024-03-26, 2024-03-27]
2025-10-26 23:40:30,480 consumer #1 [INFO] Processing feature: S2B_MSIL2A_20240326T183929_N0510_R070_T10SGF_20240326T225901 (Tile code: T10SGF)
2025-10-26 23:40:30,482 consumer #1 [INFO] Downloading 'S2B_MSIL2A_20240326T183929_N0510_R070_T10SGF_20240326T225901' (Tile: T10SGF)
2025-10-26 23:40:30,811 producer [DEBUG] Found 0 on [2024-06-20, 2024-06-21]
2025-10-26 23:40:31,658 producer [DEBUG] Found 1 on [2024-09-07, 2024-09-08]
2025-10-26 23:40:31,670 consumer #0 [INFO] Processing feature: S2A_MSIL2A_20240907T183921_N0511_R070_T10SGF_20240908T014752 (Tile code: T10SGF)
2025-10-26 23:40:31,674 consumer #0 [INFO] Downloading 'S2A_MSIL2A_20240907T183921_N0511_R070_T10SGF_20240908T014752' (Tile: T10SGF)
2025-10-26 23:40:31,927 producer [DEBUG] Found 0 on [2024-03-27, 2024-03-28]
2025-10-26 23:40:33,309 producer [DEBUG] Found 0 on [2024-06-21, 2024-06-22]
2025-10-26 23:40:33,436 producer [DEBUG] Found 0 on [2024-03-28, 2024-03-29]
2025-10-26 23:40:34,035 producer [DEBUG] Found 0 on [2024-09-08, 2024-09-09]
2025-10-26 23:40:34,937 producer [DEBUG] Found 0 on [2024-03-29, 2024-03-30]
2025-10-26 23:40:36,362 producer [DEBUG] Found 0 on [2024-09-09, 2024-09-10]
2025-10-26 23:40:36,614 producer [DEBUG] Found 0 on [2024-03-30, 2024-03-31]
2025-10-26 23:40:36,957 producer [DEBUG] Found 0 on [2024-06-22, 2024-06-23]
2025-10-26 23:40:38,112 producer [DEBUG] Found 0 on [2024-03-31, 2024-04-01]
2025-10-26 23:40:38,334 producer [DEBUG] Found 0 on [2024-09-10, 2024-09-11]
2025-10-26 23:40:38,667 producer [DEBUG] Found 0 on [2024-06-23, 2024-06-24]
2025-10-26 23:40:39,350 producer [DEBUG] Found 0 on [2024-04-01, 2024-04-02]
2025-10-26 23:40:40,444 producer [DEBUG] Found 0 on [2024-06-24, 2024-06-25]
2025-10-26 23:40:40,690 producer [DEBUG] Found 0 on [2024-04-02, 2024-04-03]
2025-10-26 23:40:40,705 producer [DEBUG] Found 0 on [2024-09-11, 2024-09-12]
2025-10-26 23:40:41,829 producer [DEBUG] Found 0 on [2024-04-03, 2024-04-04]
2025-10-26 23:40:42,113 producer [DEBUG] Found 0 on [2024-06-25, 2024-06-26]
2025-10-26 23:40:42,763 producer [DEBUG] Found 0 on [2024-04-04, 2024-04-05]
2025-10-26 23:40:43,355 producer [DEBUG] Found 2 on [2024-09-12, 2024-09-13]
2025-10-26 23:40:43,366 consumer #1 [INFO] Processing feature: S2B_MSIL2A_20240912T183919_N0511_R070_T11SKA_20240913T001358 (Tile code: T11SKA)
2025-10-26 23:40:43,367 consumer #1 [INFO] Downloading 'S2B_MSIL2A_20240912T183919_N0511_R070_T11SKA_20240913T001358' (Tile: T11SKA)
2025-10-26 23:40:43,734 producer [DEBUG] Found 0 on [2024-04-05, 2024-04-06]
2025-10-26 23:40:43,951 producer [DEBUG] Found 0 on [2024-06-26, 2024-06-27]
2025-10-26 23:40:44,701 producer [DEBUG] Found 0 on [2024-04-06, 2024-04-07]
2025-10-26 23:40:45,271 producer [DEBUG] Found 0 on [2024-09-13, 2024-09-14]
2025-10-26 23:40:45,679 producer [DEBUG] Found 0 on [2024-04-07, 2024-04-08]
2025-10-26 23:40:46,015 producer [DEBUG] Found 0 on [2024-06-27, 2024-06-28]
2025-10-26 23:40:47,651 producer [DEBUG] Found 0 on [2024-04-08, 2024-04-09]
2025-10-26 23:40:47,669 producer [DEBUG] Found 0 on [2024-06-28, 2024-06-29]
2025-10-26 23:40:48,225 producer [DEBUG] Found 0 on [2024-09-14, 2024-09-15]
2025-10-26 23:40:48,690 producer [DEBUG] Found 0 on [2024-04-09, 2024-04-10]
2025-10-26 23:40:49,385 producer [DEBUG] Found 2 on [2024-06-29, 2024-06-30]
2025-10-26 23:40:49,968 producer [DEBUG] Found 0 on [2024-04-10, 2024-04-11]
2025-10-26 23:40:51,098 producer [DEBUG] Found 0 on [2024-09-15, 2024-09-16]
2025-10-26 23:40:51,435 producer [DEBUG] Found 0 on [2024-06-30, 2024-07-01]
2025-10-26 23:40:51,611 producer [DEBUG] Found 0 on [2024-04-11, 2024-04-12]
2025-10-26 23:40:52,362 producer [DEBUG] Found 0 on [2024-07-01, 2024-07-02]
2025-10-26 23:40:52,827 producer [DEBUG] Found 0 on [2024-09-16, 2024-09-17]
2025-10-26 23:40:53,339 producer [DEBUG] Found 0 on [2024-04-12, 2024-04-13]
2025-10-26 23:40:53,588 producer [DEBUG] Found 0 on [2024-07-02, 2024-07-03]
2025-10-26 23:40:54,578 producer [DEBUG] Found 0 on [2024-07-03, 2024-07-04]
2025-10-26 23:40:54,589 producer [DEBUG] Found 2 on [2024-09-17, 2024-09-18]
2025-10-26 23:40:54,948 producer [DEBUG] Found 0 on [2024-04-13, 2024-04-14]
2025-10-26 23:40:55,609 producer [DEBUG] Found 2 on [2024-07-04, 2024-07-05]
2025-10-26 23:40:56,397 producer [DEBUG] Found 0 on [2024-09-18, 2024-09-19]
2025-10-26 23:40:56,710 producer [DEBUG] Found 0 on [2024-07-05, 2024-07-06]
2025-10-26 23:40:56,829 producer [DEBUG] Found 0 on [2024-04-14, 2024-04-15]
2025-10-26 23:40:58,086 producer [DEBUG] Found 0 on [2024-07-06, 2024-07-07]
2025-10-26 23:40:58,766 producer [DEBUG] Found 0 on [2024-04-15, 2024-04-16]
2025-10-26 23:40:59,129 producer [DEBUG] Found 0 on [2024-09-19, 2024-09-20]
2025-10-26 23:40:59,288 producer [DEBUG] Found 0 on [2024-07-07, 2024-07-08]
2025-10-26 23:41:00,574 producer [DEBUG] Found 0 on [2024-07-08, 2024-07-09]
2025-10-26 23:41:01,080 producer [DEBUG] Found 0 on [2024-09-20, 2024-09-21]
2025-10-26 23:41:01,097 producer [DEBUG] Found 0 on [2024-04-16, 2024-04-17]
2025-10-26 23:41:01,486 producer [DEBUG] Found 2 on [2024-07-09, 2024-07-10]
2025-10-26 23:41:03,041 producer [DEBUG] Found 0 on [2024-04-17, 2024-04-18]
2025-10-26 23:41:03,381 producer [DEBUG] Found 0 on [2024-09-21, 2024-09-22]
2025-10-26 23:41:03,431 producer [DEBUG] Found 0 on [2024-07-10, 2024-07-11]
2025-10-26 23:41:04,643 producer [DEBUG] Found 0 on [2024-04-18, 2024-04-19]
2025-10-26 23:41:05,520 producer [DEBUG] Found 0 on [2024-07-11, 2024-07-12]
2025-10-26 23:41:06,387 producer [DEBUG] Found 2 on [2024-09-22, 2024-09-23]
2025-10-26 23:41:06,531 producer [DEBUG] Found 0 on [2024-04-19, 2024-04-20]
2025-10-26 23:41:07,197 producer [DEBUG] Found 0 on [2024-07-12, 2024-07-13]
2025-10-26 23:41:08,303 producer [DEBUG] Found 0 on [2024-04-20, 2024-04-21]
2025-10-26 23:41:08,564 producer [DEBUG] Found 0 on [2024-09-23, 2024-09-24]
2025-10-26 23:41:09,270 producer [DEBUG] Found 0 on [2024-07-13, 2024-07-14]
2025-10-26 23:41:10,199 producer [DEBUG] Found 0 on [2024-04-21, 2024-04-22]
2025-10-26 23:41:11,298 producer [DEBUG] Found 1 on [2024-07-14, 2024-07-15]
2025-10-26 23:41:11,627 producer [DEBUG] Found 0 on [2024-09-24, 2024-09-25]
2025-10-26 23:41:12,180 producer [DEBUG] Found 0 on [2024-04-22, 2024-04-23]
2025-10-26 23:41:13,337 producer [DEBUG] Found 0 on [2024-07-15, 2024-07-16]
2025-10-26 23:41:14,455 producer [DEBUG] Found 0 on [2024-04-23, 2024-04-24]
2025-10-26 23:41:14,743 producer [DEBUG] Found 0 on [2024-09-25, 2024-09-26]
2025-10-26 23:41:15,250 producer [DEBUG] Found 0 on [2024-07-16, 2024-07-17]
2025-10-26 23:41:16,465 producer [DEBUG] Found 0 on [2024-04-24, 2024-04-25]
2025-10-26 23:41:17,118 producer [DEBUG] Found 0 on [2024-09-26, 2024-09-27]
2025-10-26 23:41:17,180 producer [DEBUG] Found 0 on [2024-07-17, 2024-07-18]
2025-10-26 23:41:19,029 producer [DEBUG] Found 0 on [2024-07-18, 2024-07-19]
2025-10-26 23:41:19,180 producer [DEBUG] Found 4 on [2024-09-27, 2024-09-28]
2025-10-26 23:41:19,193 producer [DEBUG] Found 0 on [2024-04-25, 2024-04-26]
2025-10-26 23:41:20,109 consumer #3 [INFO] Processing ZIP to 6-band for 'S2A_MSIL2A_20240311T184151_N0510_R070_T11SKA_20240311T234450' (Tile: T11SKA)
2025-10-26 23:41:20,109 consumer #3 [DEBUG] Processing CA_early_season_2024/2024-03-11/S2A_MSIL2A_20240311T184151_N0510_R070_T11SKA_20240311T234450.SAFE.zip into CA_early_season_2024/2024-03-11/S2A_MSIL2A_20240311T184151_N0510_R070_T11SKA_20240311T234450.tif
2025-10-26 23:41:20,110 consumer #3 [DEBUG] Extracting S2A_MSIL2A_20240311T184151_N0510_R070_T11SKA_20240311T234450 to temporary directory: CA_early_season_2024/2024-03-11/extract_S2A_MSIL2A_20240311T184151_N0510_R070_T11SKA_20240311T234450_15et2k3a
2025-10-26 23:41:20,358 consumer #2 [INFO] Processing ZIP to 6-band for 'S2B_MSIL2A_20240604T183919_N0510_R070_T11SKA_20240604T221437' (Tile: T11SKA)
2025-10-26 23:41:20,358 consumer #2 [DEBUG] Processing CA_mid_season_2024/2024-06-04/S2B_MSIL2A_20240604T183919_N0510_R070_T11SKA_20240604T221437.SAFE.zip into CA_mid_season_2024/2024-06-04/S2B_MSIL2A_20240604T183919_N0510_R070_T11SKA_20240604T221437.tif
2025-10-26 23:41:20,359 consumer #2 [DEBUG] Extracting S2B_MSIL2A_20240604T183919_N0510_R070_T11SKA_20240604T221437 to temporary directory: CA_mid_season_2024/2024-06-04/extract_S2B_MSIL2A_20240604T183919_N0510_R070_T11SKA_20240604T221437_iu4_p6fo
2025-10-26 23:41:20,594 producer [DEBUG] Found 2 on [2024-07-19, 2024-07-20]
2025-10-26 23:41:21,066 producer [DEBUG] Found 0 on [2024-04-26, 2024-04-27]
2025-10-26 23:41:21,516 producer [DEBUG] Found 0 on [2024-09-28, 2024-09-29]
2025-10-26 23:41:21,736 consumer #3 [DEBUG] Found 1 .SAFE directories: ['S2A_MSIL2A_20240311T184151_N0510_R070_T11SKA_20240311T234450.SAFE']
2025-10-26 23:41:21,736 consumer #3 [DEBUG] Found all 6 bands for S2A_MSIL2A_20240311T184151_N0510_R070_T11SKA_20240311T234450
2025-10-26 23:41:21,980 consumer #2 [DEBUG] Found 1 .SAFE directories: ['S2B_MSIL2A_20240604T183919_N0510_R070_T11SKA_20240604T221437.SAFE']
2025-10-26 23:41:21,980 consumer #2 [DEBUG] Found all 6 bands for S2B_MSIL2A_20240604T183919_N0510_R070_T11SKA_20240604T221437
2025-10-26 23:41:22,479 producer [DEBUG] Found 0 on [2024-07-20, 2024-07-21]
2025-10-26 23:41:22,513 consumer #3 [DEBUG] Read B02 at native 10m
2025-10-26 23:41:22,736 consumer #2 [DEBUG] Read B02 at native 10m
2025-10-26 23:41:23,047 producer [DEBUG] Found 0 on [2024-04-27, 2024-04-28]
2025-10-26 23:41:23,203 consumer #3 [DEBUG] Read B03 at native 10m
2025-10-26 23:41:23,318 consumer #2 [DEBUG] Read B03 at native 10m
2025-10-26 23:41:23,342 producer [DEBUG] Found 0 on [2024-09-29, 2024-09-30]
2025-10-26 23:41:23,930 consumer #2 [DEBUG] Read B04 at native 10m
2025-10-26 23:41:23,977 consumer #3 [DEBUG] Read B04 at native 10m
2025-10-26 23:41:24,565 consumer #2 [DEBUG] Resampled B8A from 20m to 10m
2025-10-26 23:41:24,598 producer [DEBUG] Found 0 on [2024-07-21, 2024-07-22]
2025-10-26 23:41:24,688 consumer #3 [DEBUG] Resampled B8A from 20m to 10m
2025-10-26 23:41:25,236 producer [DEBUG] Found 0 on [2024-09-30, 2024-10-01]
2025-10-26 23:41:25,328 consumer #2 [DEBUG] Resampled B11 from 20m to 10m
2025-10-26 23:41:25,343 producer [DEBUG] Found 0 on [2024-04-28, 2024-04-29]
2025-10-26 23:41:25,351 consumer #3 [DEBUG] Resampled B11 from 20m to 10m
2025-10-26 23:41:26,041 consumer #3 [DEBUG] Resampled B12 from 20m to 10m
2025-10-26 23:41:26,202 consumer #2 [DEBUG] Resampled B12 from 20m to 10m
2025-10-26 23:41:26,621 producer [DEBUG] Found 0 on [2024-07-22, 2024-07-23]
2025-10-26 23:41:48,445 consumer #2 [INFO] Created 6-band GeoTIFF: CA_mid_season_2024/2024-06-04/S2B_MSIL2A_20240604T183919_N0510_R070_T11SKA_20240604T221437.tif
2025-10-26 23:41:48,449 producer [DEBUG] Found 0 on [2024-07-23, 2024-07-24]
2025-10-26 23:41:48,492 consumer #2 [INFO] Successfully processed 'S2B_MSIL2A_20240604T183919_N0510_R070_T11SKA_20240604T221437' -> CA_mid_season_2024/2024-06-04/S2B_MSIL2A_20240604T183919_N0510_R070_T11SKA_20240604T221437.tif
2025-10-26 23:41:48,493 consumer #2 [INFO] Processing feature: S2B_MSIL2A_20240614T183919_N0510_R070_T11SKA_20240614T223610 (Tile code: T11SKA)
2025-10-26 23:41:48,494 consumer #2 [INFO] Downloading 'S2B_MSIL2A_20240614T183919_N0510_R070_T11SKA_20240614T223610' (Tile: T11SKA)
2025-10-26 23:41:48,808 consumer #3 [INFO] Created 6-band GeoTIFF: CA_early_season_2024/2024-03-11/S2A_MSIL2A_20240311T184151_N0510_R070_T11SKA_20240311T234450.tif
2025-10-26 23:41:48,811 producer [DEBUG] Found 0 on [2024-04-29, 2024-04-30]
2025-10-26 23:41:48,837 consumer #3 [INFO] Successfully processed 'S2A_MSIL2A_20240311T184151_N0510_R070_T11SKA_20240311T234450' -> CA_early_season_2024/2024-03-11/S2A_MSIL2A_20240311T184151_N0510_R070_T11SKA_20240311T234450.tif
2025-10-26 23:41:48,839 consumer #3 [INFO] Processing feature: S2B_MSIL2A_20240326T183929_N0510_R070_T11SKA_20240326T225901 (Tile code: T11SKA)
2025-10-26 23:41:48,840 consumer #3 [INFO] Downloading 'S2B_MSIL2A_20240326T183929_N0510_R070_T11SKA_20240326T225901' (Tile: T11SKA)
2025-10-26 23:41:50,348 producer [DEBUG] Found 0 on [2024-07-24, 2024-07-25]
2025-10-26 23:41:51,061 producer [DEBUG] Found 2 on [2024-04-30, 2024-05-01]
2025-10-26 23:41:52,686 producer [DEBUG] Found 0 on [2024-07-25, 2024-07-26]
2025-10-26 23:41:53,713 producer [DEBUG] Found 0 on [2024-05-01, 2024-05-02]
2025-10-26 23:41:54,914 producer [DEBUG] Found 0 on [2024-07-26, 2024-07-27]
2025-10-26 23:41:55,289 producer [DEBUG] Found 0 on [2024-05-02, 2024-05-03]
2025-10-26 23:41:56,673 producer [DEBUG] Found 0 on [2024-07-27, 2024-07-28]
2025-10-26 23:41:57,229 producer [DEBUG] Found 0 on [2024-05-03, 2024-05-04]
2025-10-26 23:41:58,678 producer [DEBUG] Found 0 on [2024-07-28, 2024-07-29]
2025-10-26 23:41:58,832 producer [DEBUG] Found 0 on [2024-05-04, 2024-05-05]
2025-10-26 23:42:00,521 producer [DEBUG] Found 0 on [2024-05-05, 2024-05-06]
2025-10-26 23:42:01,490 producer [DEBUG] Found 2 on [2024-07-29, 2024-07-30]
2025-10-26 23:42:02,575 producer [DEBUG] Found 0 on [2024-05-06, 2024-05-07]
2025-10-26 23:42:03,401 producer [DEBUG] Found 0 on [2024-07-30, 2024-07-31]
2025-10-26 23:42:04,205 producer [DEBUG] Found 0 on [2024-05-07, 2024-05-08]
2025-10-26 23:42:05,183 producer [DEBUG] Found 0 on [2024-07-31, 2024-08-01]
2025-10-26 23:42:06,090 producer [DEBUG] Found 0 on [2024-05-08, 2024-05-09]
2025-10-26 23:42:07,225 producer [DEBUG] Found 0 on [2024-08-01, 2024-08-02]
2025-10-26 23:42:07,927 producer [DEBUG] Found 0 on [2024-05-09, 2024-05-10]
2025-10-26 23:42:09,235 producer [DEBUG] Found 0 on [2024-08-02, 2024-08-03]
2025-10-26 23:42:09,605 producer [DEBUG] Found 2 on [2024-05-10, 2024-05-11]
2025-10-26 23:42:11,127 producer [DEBUG] Found 0 on [2024-08-03, 2024-08-04]
2025-10-26 23:42:11,234 producer [DEBUG] Found 0 on [2024-05-11, 2024-05-12]
2025-10-26 23:42:13,438 producer [DEBUG] Found 0 on [2024-08-04, 2024-08-05]
2025-10-26 23:42:13,504 producer [DEBUG] Found 0 on [2024-05-12, 2024-05-13]
2025-10-26 23:42:15,271 producer [DEBUG] Found 0 on [2024-08-05, 2024-08-06]
2025-10-26 23:42:15,456 producer [DEBUG] Found 0 on [2024-05-13, 2024-05-14]
2025-10-26 23:42:17,019 producer [DEBUG] Found 0 on [2024-08-06, 2024-08-07]
2025-10-26 23:42:17,074 producer [DEBUG] Found 0 on [2024-05-14, 2024-05-15]
2025-10-26 23:42:19,051 producer [DEBUG] Found 0 on [2024-08-07, 2024-08-08]
2025-10-26 23:42:19,328 producer [DEBUG] Found 0 on [2024-05-15, 2024-05-16]
2025-10-26 23:42:20,588 consumer #0 [INFO] Processing ZIP to 6-band for 'S2A_MSIL2A_20240609T183921_N0510_R070_T10SGF_20240610T012249' (Tile: T10SGF)
2025-10-26 23:42:20,588 consumer #0 [DEBUG] Processing CA_mid_season_2024/2024-06-09/S2A_MSIL2A_20240609T183921_N0510_R070_T10SGF_20240610T012249.SAFE.zip into CA_mid_season_2024/2024-06-09/S2A_MSIL2A_20240609T183921_N0510_R070_T10SGF_20240610T012249.tif
2025-10-26 23:42:20,589 consumer #0 [DEBUG] Extracting S2A_MSIL2A_20240609T183921_N0510_R070_T10SGF_20240610T012249 to temporary directory: CA_mid_season_2024/2024-06-09/extract_S2A_MSIL2A_20240609T183921_N0510_R070_T10SGF_20240610T012249_yrfxbxmq
2025-10-26 23:42:21,035 producer [DEBUG] Found 0 on [2024-05-16, 2024-05-17]
2025-10-26 23:42:21,730 consumer #0 [DEBUG] Found 1 .SAFE directories: ['S2A_MSIL2A_20240609T183921_N0510_R070_T10SGF_20240610T012249.SAFE']
2025-10-26 23:42:21,730 consumer #0 [DEBUG] Found all 6 bands for S2A_MSIL2A_20240609T183921_N0510_R070_T10SGF_20240610T012249
2025-10-26 23:42:22,104 producer [DEBUG] Found 2 on [2024-08-08, 2024-08-09]
2025-10-26 23:42:22,375 consumer #0 [DEBUG] Read B02 at native 10m
2025-10-26 23:42:22,883 consumer #0 [DEBUG] Read B03 at native 10m
2025-10-26 23:42:22,992 producer [DEBUG] Found 0 on [2024-05-17, 2024-05-18]
2025-10-26 23:42:23,406 consumer #0 [DEBUG] Read B04 at native 10m
2025-10-26 23:42:23,950 consumer #0 [DEBUG] Resampled B8A from 20m to 10m
2025-10-26 23:42:24,301 producer [DEBUG] Found 0 on [2024-08-09, 2024-08-10]
2025-10-26 23:42:24,523 consumer #0 [DEBUG] Resampled B11 from 20m to 10m
2025-10-26 23:42:25,069 consumer #0 [DEBUG] Resampled B12 from 20m to 10m
2025-10-26 23:42:25,440 producer [DEBUG] Found 0 on [2024-05-18, 2024-05-19]
2025-10-26 23:42:27,546 producer [DEBUG] Found 0 on [2024-05-19, 2024-05-20]
2025-10-26 23:42:30,196 producer [DEBUG] Found 2 on [2024-05-20, 2024-05-21]
2025-10-26 23:42:32,166 producer [DEBUG] Found 0 on [2024-05-21, 2024-05-22]
2025-10-26 23:42:34,124 producer [DEBUG] Found 0 on [2024-05-22, 2024-05-23]
2025-10-26 23:42:36,116 producer [DEBUG] Found 0 on [2024-05-23, 2024-05-24]
2025-10-26 23:42:37,835 producer [DEBUG] Found 0 on [2024-05-24, 2024-05-25]
2025-10-26 23:42:39,461 producer [DEBUG] Found 2 on [2024-05-25, 2024-05-26]
2025-10-26 23:42:41,564 producer [DEBUG] Found 0 on [2024-05-26, 2024-05-27]
2025-10-26 23:42:43,471 producer [DEBUG] Found 0 on [2024-05-27, 2024-05-28]
2025-10-26 23:42:45,326 producer [DEBUG] Found 0 on [2024-05-28, 2024-05-29]
2025-10-26 23:42:46,336 consumer #0 [INFO] Created 6-band GeoTIFF: CA_mid_season_2024/2024-06-09/S2A_MSIL2A_20240609T183921_N0510_R070_T10SGF_20240610T012249.tif
2025-10-26 23:42:46,338 producer [DEBUG] Found 0 on [2024-08-10, 2024-08-11]
2025-10-26 23:42:46,375 consumer #0 [INFO] Successfully processed 'S2A_MSIL2A_20240609T183921_N0510_R070_T10SGF_20240610T012249' -> CA_mid_season_2024/2024-06-09/S2A_MSIL2A_20240609T183921_N0510_R070_T10SGF_20240610T012249.tif
2025-10-26 23:42:46,377 consumer #0 [INFO] Processing feature: S2B_MSIL2A_20240614T183919_N0510_R070_T10SGF_20240614T223610 (Tile code: T10SGF)
2025-10-26 23:42:46,377 consumer #0 [INFO] Downloading 'S2B_MSIL2A_20240614T183919_N0510_R070_T10SGF_20240614T223610' (Tile: T10SGF)
2025-10-26 23:42:47,310 producer [DEBUG] Found 0 on [2024-05-29, 2024-05-30]
2025-10-26 23:42:48,143 producer [DEBUG] Found 0 on [2024-08-11, 2024-08-12]
2025-10-26 23:42:49,429 producer [DEBUG] Found 2 on [2024-05-30, 2024-05-31]
2025-10-26 23:42:50,002 producer [DEBUG] Found 0 on [2024-08-12, 2024-08-13]
2025-10-26 23:42:51,413 producer [DEBUG] Found 0 on [2024-05-31, 2024-06-01]
2025-10-26 23:42:52,377 producer [DEBUG] Found 2 on [2024-08-13, 2024-08-14]
2025-10-26 23:42:54,435 producer [DEBUG] Found 0 on [2024-08-14, 2024-08-15]
2025-10-26 23:42:56,219 producer [DEBUG] Found 0 on [2024-08-15, 2024-08-16]
2025-10-26 23:42:58,114 producer [DEBUG] Found 0 on [2024-08-16, 2024-08-17]
2025-10-26 23:43:00,844 producer [DEBUG] Found 0 on [2024-08-17, 2024-08-18]
2025-10-26 23:43:03,117 producer [DEBUG] Found 2 on [2024-08-18, 2024-08-19]
2025-10-26 23:43:05,456 producer [DEBUG] Found 0 on [2024-08-19, 2024-08-20]
2025-10-26 23:43:07,215 producer [DEBUG] Found 0 on [2024-08-20, 2024-08-21]
2025-10-26 23:43:09,163 producer [DEBUG] Found 0 on [2024-08-21, 2024-08-22]
2025-10-26 23:43:11,238 producer [DEBUG] Found 0 on [2024-08-22, 2024-08-23]
2025-10-26 23:43:13,562 producer [DEBUG] Found 0 on [2024-08-23, 2024-08-24]
2025-10-26 23:43:15,473 producer [DEBUG] Found 0 on [2024-08-24, 2024-08-25]
2025-10-26 23:43:17,185 producer [DEBUG] Found 0 on [2024-08-25, 2024-08-26]
2025-10-26 23:43:19,034 producer [DEBUG] Found 0 on [2024-08-26, 2024-08-27]
2025-10-26 23:43:21,153 producer [DEBUG] Found 0 on [2024-08-27, 2024-08-28]
2025-10-26 23:43:23,019 producer [DEBUG] Found 2 on [2024-08-28, 2024-08-29]
2025-10-26 23:43:24,857 producer [DEBUG] Found 0 on [2024-08-29, 2024-08-30]
2025-10-26 23:43:26,640 producer [DEBUG] Found 0 on [2024-08-30, 2024-08-31]
2025-10-26 23:43:28,769 producer [DEBUG] Found 0 on [2024-08-31, 2024-09-01]
2025-10-26 23:44:22,182 consumer #2 [INFO] Processing ZIP to 6-band for 'S2B_MSIL2A_20240902T183919_N0511_R070_T10SGF_20240902T225006' (Tile: T10SGF)
2025-10-26 23:44:22,184 consumer #2 [DEBUG] Processing CA_late_season_2024/2024-09-02/S2B_MSIL2A_20240902T183919_N0511_R070_T10SGF_20240902T225006.SAFE.zip into CA_late_season_2024/2024-09-02/S2B_MSIL2A_20240902T183919_N0511_R070_T10SGF_20240902T225006.tif
2025-10-26 23:44:22,185 consumer #2 [DEBUG] Extracting S2B_MSIL2A_20240902T183919_N0511_R070_T10SGF_20240902T225006 to temporary directory: CA_late_season_2024/2024-09-02/extract_S2B_MSIL2A_20240902T183919_N0511_R070_T10SGF_20240902T225006_95qwv0aa
2025-10-26 23:44:23,247 consumer #2 [DEBUG] Found 1 .SAFE directories: ['S2B_MSIL2A_20240902T183919_N0511_R070_T10SGF_20240902T225006.SAFE']
2025-10-26 23:44:23,247 consumer #2 [DEBUG] Found all 6 bands for S2B_MSIL2A_20240902T183919_N0511_R070_T10SGF_20240902T225006
2025-10-26 23:44:23,802 consumer #2 [DEBUG] Read B02 at native 10m
2025-10-26 23:44:24,295 consumer #2 [DEBUG] Read B03 at native 10m
2025-10-26 23:44:24,770 consumer #2 [DEBUG] Read B04 at native 10m
2025-10-26 23:44:25,297 consumer #2 [DEBUG] Resampled B8A from 20m to 10m
2025-10-26 23:44:25,808 consumer #2 [DEBUG] Resampled B11 from 20m to 10m
2025-10-26 23:44:26,342 consumer #2 [DEBUG] Resampled B12 from 20m to 10m
2025-10-26 23:44:33,381 consumer #3 [INFO] Processing ZIP to 6-band for 'S2B_MSIL2A_20240604T183919_N0510_R070_T10SGF_20240604T221437' (Tile: T10SGF)
2025-10-26 23:44:33,381 consumer #3 [DEBUG] Processing CA_mid_season_2024/2024-06-04/S2B_MSIL2A_20240604T183919_N0510_R070_T10SGF_20240604T221437.SAFE.zip into CA_mid_season_2024/2024-06-04/S2B_MSIL2A_20240604T183919_N0510_R070_T10SGF_20240604T221437.tif
2025-10-26 23:44:33,382 consumer #3 [DEBUG] Extracting S2B_MSIL2A_20240604T183919_N0510_R070_T10SGF_20240604T221437 to temporary directory: CA_mid_season_2024/2024-06-04/extract_S2B_MSIL2A_20240604T183919_N0510_R070_T10SGF_20240604T221437_9z4bd7ox
2025-10-26 23:44:34,453 consumer #3 [DEBUG] Found 1 .SAFE directories: ['S2B_MSIL2A_20240604T183919_N0510_R070_T10SGF_20240604T221437.SAFE']
2025-10-26 23:44:34,453 consumer #3 [DEBUG] Found all 6 bands for S2B_MSIL2A_20240604T183919_N0510_R070_T10SGF_20240604T221437
2025-10-26 23:44:34,953 consumer #3 [DEBUG] Read B02 at native 10m
2025-10-26 23:44:35,461 consumer #3 [DEBUG] Read B03 at native 10m
2025-10-26 23:44:36,025 consumer #3 [DEBUG] Read B04 at native 10m
2025-10-26 23:44:36,572 consumer #3 [DEBUG] Resampled B8A from 20m to 10m
2025-10-26 23:44:37,101 consumer #3 [DEBUG] Resampled B11 from 20m to 10m
2025-10-26 23:44:37,611 consumer #3 [DEBUG] Resampled B12 from 20m to 10m
2025-10-26 23:44:48,397 consumer #2 [INFO] Created 6-band GeoTIFF: CA_late_season_2024/2024-09-02/S2B_MSIL2A_20240902T183919_N0511_R070_T10SGF_20240902T225006.tif
2025-10-26 23:44:48,425 consumer #2 [INFO] Successfully processed 'S2B_MSIL2A_20240902T183919_N0511_R070_T10SGF_20240902T225006' -> CA_late_season_2024/2024-09-02/S2B_MSIL2A_20240902T183919_N0511_R070_T10SGF_20240902T225006.tif
2025-10-26 23:44:48,426 consumer #2 [INFO] Processing feature: S2B_MSIL2A_20240912T183919_N0511_R070_T10SGF_20240913T001358 (Tile code: T10SGF)
2025-10-26 23:44:48,427 consumer #2 [INFO] Downloading 'S2B_MSIL2A_20240912T183919_N0511_R070_T10SGF_20240913T001358' (Tile: T10SGF)
2025-10-26 23:45:00,264 consumer #3 [INFO] Created 6-band GeoTIFF: CA_mid_season_2024/2024-06-04/S2B_MSIL2A_20240604T183919_N0510_R070_T10SGF_20240604T221437.tif
2025-10-26 23:45:00,303 consumer #3 [INFO] Successfully processed 'S2B_MSIL2A_20240604T183919_N0510_R070_T10SGF_20240604T221437' -> CA_mid_season_2024/2024-06-04/S2B_MSIL2A_20240604T183919_N0510_R070_T10SGF_20240604T221437.tif
2025-10-26 23:45:00,304 consumer #3 [INFO] Processing feature: S2A_MSIL2A_20240619T183921_N0510_R070_T11SKA_20240620T005757 (Tile code: T11SKA)
2025-10-26 23:45:00,305 consumer #3 [INFO] Downloading 'S2A_MSIL2A_20240619T183921_N0510_R070_T11SKA_20240620T005757' (Tile: T11SKA)
2025-10-26 23:46:05,006 consumer #2 [INFO] Processing ZIP to 6-band for 'S2A_MSIL2A_20240321T184041_N0510_R070_T11SKA_20240322T000054' (Tile: T11SKA)
2025-10-26 23:46:05,007 consumer #2 [DEBUG] Processing CA_early_season_2024/2024-03-21/S2A_MSIL2A_20240321T184041_N0510_R070_T11SKA_20240322T000054.SAFE.zip into CA_early_season_2024/2024-03-21/S2A_MSIL2A_20240321T184041_N0510_R070_T11SKA_20240322T000054.tif
2025-10-26 23:46:05,008 consumer #2 [DEBUG] Extracting S2A_MSIL2A_20240321T184041_N0510_R070_T11SKA_20240322T000054 to temporary directory: CA_early_season_2024/2024-03-21/extract_S2A_MSIL2A_20240321T184041_N0510_R070_T11SKA_20240322T000054_bpcbyusg
2025-10-26 23:46:06,001 consumer #2 [DEBUG] Found 1 .SAFE directories: ['S2A_MSIL2A_20240321T184041_N0510_R070_T11SKA_20240322T000054.SAFE']
2025-10-26 23:46:06,002 consumer #2 [DEBUG] Found all 6 bands for S2A_MSIL2A_20240321T184041_N0510_R070_T11SKA_20240322T000054
2025-10-26 23:46:06,776 consumer #2 [DEBUG] Read B02 at native 10m
2025-10-26 23:46:07,340 consumer #2 [DEBUG] Read B03 at native 10m
2025-10-26 23:46:07,842 consumer #2 [DEBUG] Read B04 at native 10m
2025-10-26 23:46:08,599 consumer #2 [DEBUG] Resampled B8A from 20m to 10m
2025-10-26 23:46:09,211 consumer #2 [DEBUG] Resampled B11 from 20m to 10m
2025-10-26 23:46:09,793 consumer #2 [DEBUG] Resampled B12 from 20m to 10m
2025-10-26 23:46:15,259 consumer #0 [INFO] Processing ZIP to 6-band for 'S2A_MSIL2A_20240907T183921_N0511_R070_T10SGF_20240908T014752' (Tile: T10SGF)
2025-10-26 23:46:15,259 consumer #0 [DEBUG] Processing CA_late_season_2024/2024-09-07/S2A_MSIL2A_20240907T183921_N0511_R070_T10SGF_20240908T014752.SAFE.zip into CA_late_season_2024/2024-09-07/S2A_MSIL2A_20240907T183921_N0511_R070_T10SGF_20240908T014752.tif
2025-10-26 23:46:15,260 consumer #0 [DEBUG] Extracting S2A_MSIL2A_20240907T183921_N0511_R070_T10SGF_20240908T014752 to temporary directory: CA_late_season_2024/2024-09-07/extract_S2A_MSIL2A_20240907T183921_N0511_R070_T10SGF_20240908T014752_bkeqh8_i
2025-10-26 23:46:16,326 consumer #0 [DEBUG] Found 1 .SAFE directories: ['S2A_MSIL2A_20240907T183921_N0511_R070_T10SGF_20240908T014752.SAFE']
2025-10-26 23:46:16,327 consumer #0 [DEBUG] Found all 6 bands for S2A_MSIL2A_20240907T183921_N0511_R070_T10SGF_20240908T014752
2025-10-26 23:46:16,867 consumer #0 [DEBUG] Read B02 at native 10m
2025-10-26 23:46:17,434 consumer #0 [DEBUG] Read B03 at native 10m
2025-10-26 23:46:17,914 consumer #0 [DEBUG] Read B04 at native 10m
2025-10-26 23:46:18,442 consumer #0 [DEBUG] Resampled B8A from 20m to 10m
2025-10-26 23:46:18,984 consumer #0 [DEBUG] Resampled B11 from 20m to 10m
2025-10-26 23:46:19,498 consumer #0 [DEBUG] Resampled B12 from 20m to 10m
2025-10-26 23:46:32,127 consumer #2 [INFO] Created 6-band GeoTIFF: CA_early_season_2024/2024-03-21/S2A_MSIL2A_20240321T184041_N0510_R070_T11SKA_20240322T000054.tif
2025-10-26 23:46:32,166 consumer #2 [INFO] Successfully processed 'S2A_MSIL2A_20240321T184041_N0510_R070_T11SKA_20240322T000054' -> CA_early_season_2024/2024-03-21/S2A_MSIL2A_20240321T184041_N0510_R070_T11SKA_20240322T000054.tif
2025-10-26 23:46:32,168 consumer #2 [INFO] Processing feature: S2A_MSIL2A_20240430T183921_N0510_R070_T11SKA_20240501T002051 (Tile code: T11SKA)
2025-10-26 23:46:32,169 consumer #2 [INFO] Downloading 'S2A_MSIL2A_20240430T183921_N0510_R070_T11SKA_20240501T002051' (Tile: T11SKA)
2025-10-26 23:46:43,494 consumer #0 [INFO] Created 6-band GeoTIFF: CA_late_season_2024/2024-09-07/S2A_MSIL2A_20240907T183921_N0511_R070_T10SGF_20240908T014752.tif
2025-10-26 23:46:43,535 consumer #0 [INFO] Successfully processed 'S2A_MSIL2A_20240907T183921_N0511_R070_T10SGF_20240908T014752' -> CA_late_season_2024/2024-09-07/S2A_MSIL2A_20240907T183921_N0511_R070_T10SGF_20240908T014752.tif
2025-10-26 23:46:43,537 consumer #0 [INFO] Processing feature: S2A_MSIL2A_20240917T184031_N0511_R070_T11SKA_20240918T005327 (Tile code: T11SKA)
2025-10-26 23:46:43,538 consumer #0 [INFO] Downloading 'S2A_MSIL2A_20240917T184031_N0511_R070_T11SKA_20240918T005327' (Tile: T11SKA)
2025-10-26 23:47:25,314 consumer #2 [INFO] Processing ZIP to 6-band for 'S2B_MSIL2A_20240614T183919_N0510_R070_T11SKA_20240614T223610' (Tile: T11SKA)
2025-10-26 23:47:25,314 consumer #2 [DEBUG] Processing CA_mid_season_2024/2024-06-14/S2B_MSIL2A_20240614T183919_N0510_R070_T11SKA_20240614T223610.SAFE.zip into CA_mid_season_2024/2024-06-14/S2B_MSIL2A_20240614T183919_N0510_R070_T11SKA_20240614T223610.tif
2025-10-26 23:47:25,315 consumer #2 [DEBUG] Extracting S2B_MSIL2A_20240614T183919_N0510_R070_T11SKA_20240614T223610 to temporary directory: CA_mid_season_2024/2024-06-14/extract_S2B_MSIL2A_20240614T183919_N0510_R070_T11SKA_20240614T223610_ex28tjgi
2025-10-26 23:47:26,454 consumer #2 [DEBUG] Found 1 .SAFE directories: ['S2B_MSIL2A_20240614T183919_N0510_R070_T11SKA_20240614T223610.SAFE']
2025-10-26 23:47:26,454 consumer #2 [DEBUG] Found all 6 bands for S2B_MSIL2A_20240614T183919_N0510_R070_T11SKA_20240614T223610
2025-10-26 23:47:26,978 consumer #2 [DEBUG] Read B02 at native 10m
2025-10-26 23:47:27,460 consumer #2 [DEBUG] Read B03 at native 10m
2025-10-26 23:47:27,970 consumer #2 [DEBUG] Read B04 at native 10m
2025-10-26 23:47:28,514 consumer #2 [DEBUG] Resampled B8A from 20m to 10m
2025-10-26 23:47:29,052 consumer #2 [DEBUG] Resampled B11 from 20m to 10m
2025-10-26 23:47:29,571 consumer #2 [DEBUG] Resampled B12 from 20m to 10m
2025-10-26 23:47:51,035 consumer #2 [INFO] Created 6-band GeoTIFF: CA_mid_season_2024/2024-06-14/S2B_MSIL2A_20240614T183919_N0510_R070_T11SKA_20240614T223610.tif
2025-10-26 23:47:51,078 consumer #2 [INFO] Successfully processed 'S2B_MSIL2A_20240614T183919_N0510_R070_T11SKA_20240614T223610' -> CA_mid_season_2024/2024-06-14/S2B_MSIL2A_20240614T183919_N0510_R070_T11SKA_20240614T223610.tif
2025-10-26 23:47:51,079 consumer #2 [INFO] Processing feature: S2A_MSIL2A_20240619T183921_N0510_R070_T10SGF_20240620T005757 (Tile code: T10SGF)
2025-10-26 23:47:51,079 consumer #2 [INFO] Downloading 'S2A_MSIL2A_20240619T183921_N0510_R070_T10SGF_20240620T005757' (Tile: T10SGF)
2025-10-26 23:48:19,026 consumer #0 [INFO] Processing ZIP to 6-band for 'S2B_MSIL2A_20240614T183919_N0510_R070_T10SGF_20240614T223610' (Tile: T10SGF)
2025-10-26 23:48:19,027 consumer #0 [DEBUG] Processing CA_mid_season_2024/2024-06-14/S2B_MSIL2A_20240614T183919_N0510_R070_T10SGF_20240614T223610.SAFE.zip into CA_mid_season_2024/2024-06-14/S2B_MSIL2A_20240614T183919_N0510_R070_T10SGF_20240614T223610.tif
2025-10-26 23:48:19,029 consumer #0 [DEBUG] Extracting S2B_MSIL2A_20240614T183919_N0510_R070_T10SGF_20240614T223610 to temporary directory: CA_mid_season_2024/2024-06-14/extract_S2B_MSIL2A_20240614T183919_N0510_R070_T10SGF_20240614T223610_9qdhe8v0
2025-10-26 23:48:20,085 consumer #0 [DEBUG] Found 1 .SAFE directories: ['S2B_MSIL2A_20240614T183919_N0510_R070_T10SGF_20240614T223610.SAFE']
2025-10-26 23:48:20,085 consumer #0 [DEBUG] Found all 6 bands for S2B_MSIL2A_20240614T183919_N0510_R070_T10SGF_20240614T223610
2025-10-26 23:48:20,565 consumer #0 [DEBUG] Read B02 at native 10m
2025-10-26 23:48:21,038 consumer #0 [DEBUG] Read B03 at native 10m
2025-10-26 23:48:21,567 consumer #0 [DEBUG] Read B04 at native 10m
2025-10-26 23:48:22,115 consumer #0 [DEBUG] Resampled B8A from 20m to 10m
2025-10-26 23:48:22,638 consumer #0 [DEBUG] Resampled B11 from 20m to 10m
2025-10-26 23:48:23,182 consumer #0 [DEBUG] Resampled B12 from 20m to 10m
2025-10-26 23:48:44,430 consumer #0 [INFO] Created 6-band GeoTIFF: CA_mid_season_2024/2024-06-14/S2B_MSIL2A_20240614T183919_N0510_R070_T10SGF_20240614T223610.tif
2025-10-26 23:48:44,463 consumer #0 [INFO] Successfully processed 'S2B_MSIL2A_20240614T183919_N0510_R070_T10SGF_20240614T223610' -> CA_mid_season_2024/2024-06-14/S2B_MSIL2A_20240614T183919_N0510_R070_T10SGF_20240614T223610.tif
2025-10-26 23:48:44,464 consumer #0 [INFO] Processing feature: S2A_MSIL2A_20240629T183921_N0510_R070_T11SKA_20240630T013100 (Tile code: T11SKA)
2025-10-26 23:48:44,464 consumer #0 [INFO] Downloading 'S2A_MSIL2A_20240629T183921_N0510_R070_T11SKA_20240630T013100' (Tile: T11SKA)
2025-10-26 23:48:56,137 consumer #3 [INFO] Processing ZIP to 6-band for 'S2B_MSIL2A_20240902T183919_N0511_R070_T11SKA_20240902T225006' (Tile: T11SKA)
2025-10-26 23:48:56,137 consumer #3 [DEBUG] Processing CA_late_season_2024/2024-09-02/S2B_MSIL2A_20240902T183919_N0511_R070_T11SKA_20240902T225006.SAFE.zip into CA_late_season_2024/2024-09-02/S2B_MSIL2A_20240902T183919_N0511_R070_T11SKA_20240902T225006.tif
2025-10-26 23:48:56,138 consumer #3 [DEBUG] Extracting S2B_MSIL2A_20240902T183919_N0511_R070_T11SKA_20240902T225006 to temporary directory: CA_late_season_2024/2024-09-02/extract_S2B_MSIL2A_20240902T183919_N0511_R070_T11SKA_20240902T225006_she7u11j
2025-10-26 23:48:57,286 consumer #3 [DEBUG] Found 1 .SAFE directories: ['S2B_MSIL2A_20240902T183919_N0511_R070_T11SKA_20240902T225006.SAFE']
2025-10-26 23:48:57,286 consumer #3 [DEBUG] Found all 6 bands for S2B_MSIL2A_20240902T183919_N0511_R070_T11SKA_20240902T225006
2025-10-26 23:48:57,803 consumer #3 [DEBUG] Read B02 at native 10m
2025-10-26 23:48:58,285 consumer #3 [DEBUG] Read B03 at native 10m
2025-10-26 23:48:58,761 consumer #3 [DEBUG] Read B04 at native 10m
2025-10-26 23:48:59,307 consumer #3 [DEBUG] Resampled B8A from 20m to 10m
2025-10-26 23:48:59,846 consumer #3 [DEBUG] Resampled B11 from 20m to 10m
2025-10-26 23:49:00,394 consumer #3 [DEBUG] Resampled B12 from 20m to 10m
2025-10-26 23:49:25,270 MainThread [INFO] Checking thread statuses...
2025-10-26 23:49:25,271 consumer #3 [INFO] Created 6-band GeoTIFF: CA_late_season_2024/2024-09-02/S2B_MSIL2A_20240902T183919_N0511_R070_T11SKA_20240902T225006.tif
2025-10-26 23:49:25,299 consumer #3 [INFO] Successfully processed 'S2B_MSIL2A_20240902T183919_N0511_R070_T11SKA_20240902T225006' -> CA_late_season_2024/2024-09-02/S2B_MSIL2A_20240902T183919_N0511_R070_T11SKA_20240902T225006.tif
2025-10-26 23:49:25,301 consumer #3 [INFO] Processing feature: S2A_MSIL2A_20240917T184031_N0511_R070_T10SGF_20240918T005327 (Tile code: T10SGF)
2025-10-26 23:49:25,302 consumer #3 [INFO] Downloading 'S2A_MSIL2A_20240917T184031_N0511_R070_T10SGF_20240918T005327' (Tile: T10SGF)
2025-10-26 23:49:48,807 MainThread [INFO] Checking thread statuses...
2025-10-26 23:49:51,034 MainThread [INFO] Checking thread statuses...
2025-10-26 23:49:56,762 consumer #2 [INFO] Processing ZIP to 6-band for 'S2A_MSIL2A_20240619T183921_N0510_R070_T10SGF_20240620T005757' (Tile: T10SGF)
2025-10-26 23:49:56,762 consumer #2 [DEBUG] Processing CA_mid_season_2024/2024-06-19/S2A_MSIL2A_20240619T183921_N0510_R070_T10SGF_20240620T005757.SAFE.zip into CA_mid_season_2024/2024-06-19/S2A_MSIL2A_20240619T183921_N0510_R070_T10SGF_20240620T005757.tif
2025-10-26 23:49:56,763 consumer #2 [DEBUG] Extracting S2A_MSIL2A_20240619T183921_N0510_R070_T10SGF_20240620T005757 to temporary directory: CA_mid_season_2024/2024-06-19/extract_S2A_MSIL2A_20240619T183921_N0510_R070_T10SGF_20240620T005757_bw_4letw
2025-10-26 23:49:57,899 consumer #2 [DEBUG] Found 1 .SAFE directories: ['S2A_MSIL2A_20240619T183921_N0510_R070_T10SGF_20240620T005757.SAFE']
2025-10-26 23:49:57,899 consumer #2 [DEBUG] Found all 6 bands for S2A_MSIL2A_20240619T183921_N0510_R070_T10SGF_20240620T005757
2025-10-26 23:49:58,373 consumer #2 [DEBUG] Read B02 at native 10m
2025-10-26 23:49:58,813 consumer #2 [DEBUG] Read B03 at native 10m
2025-10-26 23:49:59,314 consumer #2 [DEBUG] Read B04 at native 10m
2025-10-26 23:49:59,823 consumer #2 [DEBUG] Resampled B8A from 20m to 10m
2025-10-26 23:50:00,371 consumer #2 [DEBUG] Resampled B11 from 20m to 10m
2025-10-26 23:50:00,915 consumer #2 [DEBUG] Resampled B12 from 20m to 10m
2025-10-26 23:50:22,252 consumer #2 [INFO] Created 6-band GeoTIFF: CA_mid_season_2024/2024-06-19/S2A_MSIL2A_20240619T183921_N0510_R070_T10SGF_20240620T005757.tif
2025-10-26 23:50:22,292 consumer #2 [INFO] Successfully processed 'S2A_MSIL2A_20240619T183921_N0510_R070_T10SGF_20240620T005757' -> CA_mid_season_2024/2024-06-19/S2A_MSIL2A_20240619T183921_N0510_R070_T10SGF_20240620T005757.tif
2025-10-26 23:50:22,293 consumer #2 [INFO] Processing feature: S2A_MSIL2A_20240629T183921_N0510_R070_T10SGF_20240630T013100 (Tile code: T10SGF)
2025-10-26 23:50:22,293 consumer #2 [INFO] Downloading 'S2A_MSIL2A_20240629T183921_N0510_R070_T10SGF_20240630T013100' (Tile: T10SGF)
2025-10-26 23:50:27,444 consumer #1 [INFO] Processing ZIP to 6-band for 'S2A_MSIL2A_20240609T183921_N0510_R070_T11SKA_20240610T012249' (Tile: T11SKA)
2025-10-26 23:50:27,444 consumer #1 [DEBUG] Processing CA_mid_season_2024/2024-06-09/S2A_MSIL2A_20240609T183921_N0510_R070_T11SKA_20240610T012249.SAFE.zip into CA_mid_season_2024/2024-06-09/S2A_MSIL2A_20240609T183921_N0510_R070_T11SKA_20240610T012249.tif
2025-10-26 23:50:27,445 consumer #1 [DEBUG] Extracting S2A_MSIL2A_20240609T183921_N0510_R070_T11SKA_20240610T012249 to temporary directory: CA_mid_season_2024/2024-06-09/extract_S2A_MSIL2A_20240609T183921_N0510_R070_T11SKA_20240610T012249_fjqrt930
2025-10-26 23:50:28,595 consumer #1 [DEBUG] Found 1 .SAFE directories: ['S2A_MSIL2A_20240609T183921_N0510_R070_T11SKA_20240610T012249.SAFE']
2025-10-26 23:50:28,595 consumer #1 [DEBUG] Found all 6 bands for S2A_MSIL2A_20240609T183921_N0510_R070_T11SKA_20240610T012249
2025-10-26 23:50:29,146 consumer #1 [DEBUG] Read B02 at native 10m
2025-10-26 23:50:29,687 consumer #1 [DEBUG] Read B03 at native 10m
2025-10-26 23:50:30,220 consumer #1 [DEBUG] Read B04 at native 10m
2025-10-26 23:50:30,780 consumer #1 [DEBUG] Resampled B8A from 20m to 10m
2025-10-26 23:50:31,298 consumer #1 [DEBUG] Resampled B11 from 20m to 10m
2025-10-26 23:50:31,826 consumer #1 [DEBUG] Resampled B12 from 20m to 10m
2025-10-26 23:50:53,524 consumer #1 [INFO] Created 6-band GeoTIFF: CA_mid_season_2024/2024-06-09/S2A_MSIL2A_20240609T183921_N0510_R070_T11SKA_20240610T012249.tif
2025-10-26 23:50:53,557 consumer #1 [INFO] Successfully processed 'S2A_MSIL2A_20240609T183921_N0510_R070_T11SKA_20240610T012249' -> CA_mid_season_2024/2024-06-09/S2A_MSIL2A_20240609T183921_N0510_R070_T11SKA_20240610T012249.tif
2025-10-26 23:50:53,559 consumer #1 [INFO] Processing feature: S2B_MSIL2A_20240704T183919_N0510_R070_T10SGF_20240704T212737 (Tile code: T10SGF)
2025-10-26 23:50:53,559 consumer #1 [INFO] Downloading 'S2B_MSIL2A_20240704T183919_N0510_R070_T10SGF_20240704T212737' (Tile: T10SGF)
2025-10-26 23:52:16,588 consumer #0 [INFO] Processing ZIP to 6-band for 'S2A_MSIL2A_20240629T183921_N0510_R070_T11SKA_20240630T013100' (Tile: T11SKA)
2025-10-26 23:52:16,589 consumer #0 [DEBUG] Processing CA_mid_season_2024/2024-06-29/S2A_MSIL2A_20240629T183921_N0510_R070_T11SKA_20240630T013100.SAFE.zip into CA_mid_season_2024/2024-06-29/S2A_MSIL2A_20240629T183921_N0510_R070_T11SKA_20240630T013100.tif
2025-10-26 23:52:16,589 consumer #0 [DEBUG] Extracting S2A_MSIL2A_20240629T183921_N0510_R070_T11SKA_20240630T013100 to temporary directory: CA_mid_season_2024/2024-06-29/extract_S2A_MSIL2A_20240629T183921_N0510_R070_T11SKA_20240630T013100_80yfkieb
2025-10-26 23:52:17,707 consumer #0 [DEBUG] Found 1 .SAFE directories: ['S2A_MSIL2A_20240629T183921_N0510_R070_T11SKA_20240630T013100.SAFE']
2025-10-26 23:52:17,708 consumer #0 [DEBUG] Found all 6 bands for S2A_MSIL2A_20240629T183921_N0510_R070_T11SKA_20240630T013100
2025-10-26 23:52:18,225 consumer #0 [DEBUG] Read B02 at native 10m
2025-10-26 23:52:18,678 consumer #0 [DEBUG] Read B03 at native 10m
2025-10-26 23:52:19,132 consumer #0 [DEBUG] Read B04 at native 10m
2025-10-26 23:52:19,655 consumer #0 [DEBUG] Resampled B8A from 20m to 10m
2025-10-26 23:52:20,232 consumer #0 [DEBUG] Resampled B11 from 20m to 10m
2025-10-26 23:52:20,460 consumer #3 [INFO] Processing ZIP to 6-band for 'S2A_MSIL2A_20240619T183921_N0510_R070_T11SKA_20240620T005757' (Tile: T11SKA)
2025-10-26 23:52:20,460 consumer #3 [DEBUG] Processing CA_mid_season_2024/2024-06-19/S2A_MSIL2A_20240619T183921_N0510_R070_T11SKA_20240620T005757.SAFE.zip into CA_mid_season_2024/2024-06-19/S2A_MSIL2A_20240619T183921_N0510_R070_T11SKA_20240620T005757.tif
2025-10-26 23:52:20,461 consumer #3 [DEBUG] Extracting S2A_MSIL2A_20240619T183921_N0510_R070_T11SKA_20240620T005757 to temporary directory: CA_mid_season_2024/2024-06-19/extract_S2A_MSIL2A_20240619T183921_N0510_R070_T11SKA_20240620T005757_d26yw332
2025-10-26 23:52:20,755 consumer #0 [DEBUG] Resampled B12 from 20m to 10m
2025-10-26 23:52:43,149 consumer #0 [INFO] Created 6-band GeoTIFF: CA_mid_season_2024/2024-06-29/S2A_MSIL2A_20240629T183921_N0510_R070_T11SKA_20240630T013100.tif
2025-10-26 23:52:43,167 consumer #0 [INFO] Successfully processed 'S2A_MSIL2A_20240629T183921_N0510_R070_T11SKA_20240630T013100' -> CA_mid_season_2024/2024-06-29/S2A_MSIL2A_20240629T183921_N0510_R070_T11SKA_20240630T013100.tif
2025-10-26 23:52:43,168 consumer #0 [INFO] Processing feature: S2B_MSIL2A_20240704T183919_N0510_R070_T11SKA_20240704T212737 (Tile code: T11SKA)
2025-10-26 23:52:43,168 consumer #0 [INFO] Downloading 'S2B_MSIL2A_20240704T183919_N0510_R070_T11SKA_20240704T212737' (Tile: T11SKA)
2025-10-26 23:52:43,461 consumer #3 [DEBUG] Found 1 .SAFE directories: ['S2A_MSIL2A_20240619T183921_N0510_R070_T11SKA_20240620T005757.SAFE']
2025-10-26 23:52:43,462 consumer #3 [DEBUG] Found all 6 bands for S2A_MSIL2A_20240619T183921_N0510_R070_T11SKA_20240620T005757
2025-10-26 23:52:43,951 consumer #3 [DEBUG] Read B02 at native 10m
2025-10-26 23:52:44,412 consumer #3 [DEBUG] Read B03 at native 10m
2025-10-26 23:52:44,932 consumer #3 [DEBUG] Read B04 at native 10m
2025-10-26 23:52:45,488 consumer #3 [DEBUG] Resampled B8A from 20m to 10m
2025-10-26 23:52:46,006 consumer #3 [DEBUG] Resampled B11 from 20m to 10m
2025-10-26 23:52:46,543 consumer #3 [DEBUG] Resampled B12 from 20m to 10m
2025-10-26 23:52:52,188 consumer #0 [INFO] Processing ZIP to 6-band for 'S2A_MSIL2A_20240321T184041_N0510_R070_T10SGF_20240322T000054' (Tile: T10SGF)
2025-10-26 23:52:52,199 consumer #0 [DEBUG] Processing CA_early_season_2024/2024-03-21/S2A_MSIL2A_20240321T184041_N0510_R070_T10SGF_20240322T000054.SAFE.zip into CA_early_season_2024/2024-03-21/S2A_MSIL2A_20240321T184041_N0510_R070_T10SGF_20240322T000054.tif
2025-10-26 23:52:52,199 consumer #0 [DEBUG] Extracting S2A_MSIL2A_20240321T184041_N0510_R070_T10SGF_20240322T000054 to temporary directory: CA_early_season_2024/2024-03-21/extract_S2A_MSIL2A_20240321T184041_N0510_R070_T10SGF_20240322T000054_0mtudr6n
2025-10-26 23:52:53,288 consumer #0 [DEBUG] Found 1 .SAFE directories: ['S2A_MSIL2A_20240321T184041_N0510_R070_T10SGF_20240322T000054.SAFE']
2025-10-26 23:52:53,289 consumer #0 [DEBUG] Found all 6 bands for S2A_MSIL2A_20240321T184041_N0510_R070_T10SGF_20240322T000054
2025-10-26 23:52:53,761 consumer #0 [DEBUG] Read B02 at native 10m
2025-10-26 23:52:54,203 consumer #0 [DEBUG] Read B03 at native 10m
2025-10-26 23:52:54,678 consumer #0 [DEBUG] Read B04 at native 10m
2025-10-26 23:52:55,221 consumer #0 [DEBUG] Resampled B8A from 20m to 10m
2025-10-26 23:52:55,758 consumer #0 [DEBUG] Resampled B11 from 20m to 10m
2025-10-26 23:52:56,312 consumer #0 [DEBUG] Resampled B12 from 20m to 10m
2025-10-26 23:53:09,409 consumer #3 [INFO] Created 6-band GeoTIFF: CA_mid_season_2024/2024-06-19/S2A_MSIL2A_20240619T183921_N0510_R070_T11SKA_20240620T005757.tif
2025-10-26 23:53:09,430 consumer #3 [INFO] Successfully processed 'S2A_MSIL2A_20240619T183921_N0510_R070_T11SKA_20240620T005757' -> CA_mid_season_2024/2024-06-19/S2A_MSIL2A_20240619T183921_N0510_R070_T11SKA_20240620T005757.tif
2025-10-26 23:53:09,431 consumer #3 [INFO] Processing feature: S2A_MSIL2A_20240709T183921_N0510_R070_T11SKA_20240710T002450 (Tile code: T11SKA)
2025-10-26 23:53:09,431 consumer #3 [INFO] Downloading 'S2A_MSIL2A_20240709T183921_N0510_R070_T11SKA_20240710T002450' (Tile: T11SKA)
2025-10-26 23:53:18,416 consumer #0 [INFO] Created 6-band GeoTIFF: CA_early_season_2024/2024-03-21/S2A_MSIL2A_20240321T184041_N0510_R070_T10SGF_20240322T000054.tif
2025-10-26 23:53:18,438 consumer #0 [INFO] Successfully processed 'S2A_MSIL2A_20240321T184041_N0510_R070_T10SGF_20240322T000054' -> CA_early_season_2024/2024-03-21/S2A_MSIL2A_20240321T184041_N0510_R070_T10SGF_20240322T000054.tif
2025-10-26 23:53:18,443 consumer #0 [INFO] Processing feature: S2A_MSIL2A_20240430T183921_N0510_R070_T10SGF_20240501T002051 (Tile code: T10SGF)
2025-10-26 23:53:18,444 consumer #0 [INFO] Downloading 'S2A_MSIL2A_20240430T183921_N0510_R070_T10SGF_20240501T002051' (Tile: T10SGF)
2025-10-26 23:53:27,368 consumer #3 [INFO] Processing ZIP to 6-band for 'S2B_MSIL2A_20240326T183929_N0510_R070_T11SKA_20240326T225901' (Tile: T11SKA)
2025-10-26 23:53:27,368 consumer #3 [DEBUG] Processing CA_early_season_2024/2024-03-26/S2B_MSIL2A_20240326T183929_N0510_R070_T11SKA_20240326T225901.SAFE.zip into CA_early_season_2024/2024-03-26/S2B_MSIL2A_20240326T183929_N0510_R070_T11SKA_20240326T225901.tif
2025-10-26 23:53:27,370 consumer #3 [DEBUG] Extracting S2B_MSIL2A_20240326T183929_N0510_R070_T11SKA_20240326T225901 to temporary directory: CA_early_season_2024/2024-03-26/extract_S2B_MSIL2A_20240326T183929_N0510_R070_T11SKA_20240326T225901_5jspvxql
2025-10-26 23:53:27,648 MainThread [INFO] Logging to file: /bigdata/eldawylab/sdas050/MS_Research/scripts/sentinel2_downloader.log
2025-10-26 23:53:27,648 MainThread [INFO] Logging to file: /bigdata/eldawylab/sdas050/MS_Research/scripts/sentinel2_downloader.log
2025-10-26 23:53:27,673 producer [DEBUG] Starting search process...
2025-10-26 23:53:27,673 consumer #0 [DEBUG] Starting downloader
2025-10-26 23:53:27,674 consumer #1 [DEBUG] Starting downloader
2025-10-26 23:53:27,676 producer [DEBUG] Starting search process...
2025-10-26 23:53:27,676 consumer #0 [DEBUG] Starting downloader
2025-10-26 23:53:27,677 consumer #1 [DEBUG] Starting downloader
2025-10-26 23:53:27,679 consumer #2 [DEBUG] Starting downloader
2025-10-26 23:53:27,680 consumer #3 [DEBUG] Starting downloader
2025-10-26 23:53:27,681 consumer #2 [DEBUG] Starting downloader
2025-10-26 23:53:27,682 MainThread [INFO] Checking thread statuses...
2025-10-26 23:53:27,685 consumer #3 [DEBUG] Starting downloader
2025-10-26 23:53:27,685 MainThread [INFO] Checking thread statuses...
2025-10-26 23:53:28,807 MainThread [INFO] Logging to file: /bigdata/eldawylab/sdas050/MS_Research/scripts/sentinel2_downloader.log
2025-10-26 23:53:28,832 producer [DEBUG] Starting search process...
2025-10-26 23:53:28,832 consumer #0 [DEBUG] Starting downloader
2025-10-26 23:53:28,835 consumer #1 [DEBUG] Starting downloader
2025-10-26 23:53:28,836 consumer #2 [DEBUG] Starting downloader
2025-10-26 23:53:28,838 consumer #3 [DEBUG] Starting downloader
2025-10-26 23:53:28,839 MainThread [INFO] Checking thread statuses...
2025-10-26 23:53:28,955 consumer #3 [DEBUG] Found 1 .SAFE directories: ['S2B_MSIL2A_20240326T183929_N0510_R070_T11SKA_20240326T225901.SAFE']
2025-10-26 23:53:28,956 consumer #3 [DEBUG] Found all 6 bands for S2B_MSIL2A_20240326T183929_N0510_R070_T11SKA_20240326T225901
2025-10-26 23:53:29,434 consumer #3 [DEBUG] Read B02 at native 10m
2025-10-26 23:53:29,780 producer [DEBUG] Found 0 on [2024-03-01, 2024-03-02]
2025-10-26 23:53:29,918 producer [DEBUG] Found 0 on [2024-06-01, 2024-06-02]
2025-10-26 23:53:29,922 consumer #3 [DEBUG] Read B03 at native 10m
2025-10-26 23:53:30,376 consumer #3 [DEBUG] Read B04 at native 10m
2025-10-26 23:53:30,906 consumer #3 [DEBUG] Resampled B8A from 20m to 10m
2025-10-26 23:53:31,285 producer [DEBUG] Found 0 on [2024-09-01, 2024-09-02]
2025-10-26 23:53:31,312 producer [DEBUG] Found 0 on [2024-03-02, 2024-03-03]
2025-10-26 23:53:31,442 consumer #3 [DEBUG] Resampled B11 from 20m to 10m
2025-10-26 23:53:31,866 producer [DEBUG] Found 0 on [2024-06-02, 2024-06-03]
2025-10-26 23:53:31,969 consumer #3 [DEBUG] Resampled B12 from 20m to 10m
2025-10-26 23:53:32,691 producer [DEBUG] Found 0 on [2024-03-03, 2024-03-04]
2025-10-26 23:53:33,045 producer [DEBUG] Found 0 on [2024-09-02, 2024-09-03]
2025-10-26 23:53:34,120 producer [DEBUG] Found 3 on [2024-06-03, 2024-06-04]
2025-10-26 23:53:34,132 consumer #1 [INFO] Processing feature: S2B_MSIL2A_20240603T172859_N0510_R055_T13SFT_20240603T214532 (Tile code: T13SFT)
2025-10-26 23:53:34,134 consumer #1 [INFO] Downloading 'S2B_MSIL2A_20240603T172859_N0510_R055_T13SFT_20240603T214532' (Tile: T13SFT)
2025-10-26 23:53:34,139 consumer #3 [INFO] Processing feature: S2B_MSIL2A_20240603T172859_N0510_R055_T13SGT_20240603T214532 (Tile code: T13SGT)
2025-10-26 23:53:34,140 consumer #3 [INFO] Downloading 'S2B_MSIL2A_20240603T172859_N0510_R055_T13SGT_20240603T214532' (Tile: T13SGT)
2025-10-26 23:53:34,145 consumer #2 [INFO] Processing feature: S2B_MSIL2A_20240603T172859_N0510_R055_T13SGU_20240603T214532 (Tile code: T13SGU)
2025-10-26 23:53:34,145 consumer #2 [INFO] Downloading 'S2B_MSIL2A_20240603T172859_N0510_R055_T13SGU_20240603T214532' (Tile: T13SGU)
2025-10-26 23:53:34,893 producer [DEBUG] Found 0 on [2024-03-04, 2024-03-05]
2025-10-26 23:53:35,683 producer [DEBUG] Found 0 on [2024-06-04, 2024-06-05]
2025-10-26 23:53:36,512 producer [DEBUG] Found 0 on [2024-09-03, 2024-09-04]
2025-10-26 23:53:36,608 producer [DEBUG] Found 1 on [2024-03-05, 2024-03-06]
2025-10-26 23:53:36,616 consumer #3 [INFO] Processing feature: S2B_MSIL2A_20240305T173109_N0510_R055_T13SGU_20240305T220011 (Tile code: T13SGU)
2025-10-26 23:53:36,620 consumer #3 [INFO] Downloading 'S2B_MSIL2A_20240305T173109_N0510_R055_T13SGU_20240305T220011' (Tile: T13SGU)
2025-10-26 23:53:37,999 producer [DEBUG] Found 0 on [2024-06-05, 2024-06-06]
2025-10-26 23:53:38,229 producer [DEBUG] Found 0 on [2024-09-04, 2024-09-05]
2025-10-26 23:53:38,328 producer [DEBUG] Found 0 on [2024-03-06, 2024-03-07]
2025-10-26 23:53:39,937 producer [DEBUG] Found 0 on [2024-06-06, 2024-06-07]
2025-10-26 23:53:39,988 producer [DEBUG] Found 0 on [2024-03-07, 2024-03-08]
2025-10-26 23:53:40,365 producer [DEBUG] Found 0 on [2024-09-05, 2024-09-06]
2025-10-26 23:53:41,820 producer [DEBUG] Found 0 on [2024-06-07, 2024-06-08]
2025-10-26 23:53:42,085 producer [DEBUG] Found 0 on [2024-03-08, 2024-03-09]
2025-10-26 23:53:42,442 producer [DEBUG] Found 1 on [2024-09-06, 2024-09-07]
2025-10-26 23:53:42,454 consumer #3 [INFO] Processing feature: S2A_MSIL2A_20240906T172901_N0511_R055_T13SFT_20240907T001649 (Tile code: T13SFT)
2025-10-26 23:53:42,458 consumer #3 [INFO] Downloading 'S2A_MSIL2A_20240906T172901_N0511_R055_T13SFT_20240907T001649' (Tile: T13SFT)
2025-10-26 23:53:43,413 producer [DEBUG] Found 0 on [2024-06-08, 2024-06-09]
2025-10-26 23:53:43,813 producer [DEBUG] Found 0 on [2024-03-09, 2024-03-10]
2025-10-26 23:53:44,701 producer [DEBUG] Found 0 on [2024-09-07, 2024-09-08]
2025-10-26 23:53:45,412 producer [DEBUG] Found 0 on [2024-06-09, 2024-06-10]
2025-10-26 23:53:46,135 producer [DEBUG] Found 4 on [2024-03-10, 2024-03-11]
2025-10-26 23:53:46,145 consumer #2 [INFO] Processing feature: S2A_MSIL2A_20240310T173131_N0510_R055_T13SFT_20240310T232252 (Tile code: T13SFT)
2025-10-26 23:53:46,146 consumer #2 [INFO] Downloading 'S2A_MSIL2A_20240310T173131_N0510_R055_T13SFT_20240310T232252' (Tile: T13SFT)
2025-10-26 23:53:46,153 consumer #1 [INFO] Processing feature: S2A_MSIL2A_20240310T173131_N0510_R055_T13SFU_20240310T232252 (Tile code: T13SFU)
2025-10-26 23:53:46,153 consumer #1 [INFO] Downloading 'S2A_MSIL2A_20240310T173131_N0510_R055_T13SFU_20240310T232252' (Tile: T13SFU)
2025-10-26 23:53:46,159 consumer #0 [INFO] Processing feature: S2A_MSIL2A_20240310T173131_N0510_R055_T13SGU_20240310T232252 (Tile code: T13SGU)
2025-10-26 23:53:46,159 consumer #0 [INFO] Downloading 'S2A_MSIL2A_20240310T173131_N0510_R055_T13SGU_20240310T232252' (Tile: T13SGU)
2025-10-26 23:53:46,650 producer [DEBUG] Found 0 on [2024-09-08, 2024-09-09]
2025-10-26 23:53:47,655 producer [DEBUG] Found 0 on [2024-03-11, 2024-03-12]
2025-10-26 23:53:48,041 producer [DEBUG] Found 0 on [2024-06-10, 2024-06-11]
2025-10-26 23:53:48,935 producer [DEBUG] Found 0 on [2024-09-09, 2024-09-10]
2025-10-26 23:53:49,090 producer [DEBUG] Found 0 on [2024-03-12, 2024-03-13]
2025-10-26 23:53:49,965 producer [DEBUG] Found 0 on [2024-06-11, 2024-06-12]
2025-10-26 23:53:51,190 producer [DEBUG] Found 0 on [2024-09-10, 2024-09-11]
2025-10-26 23:53:51,298 producer [DEBUG] Found 0 on [2024-03-13, 2024-03-14]
2025-10-26 23:53:52,339 producer [DEBUG] Found 0 on [2024-06-12, 2024-06-13]
2025-10-26 23:53:52,851 producer [DEBUG] Found 0 on [2024-03-14, 2024-03-15]
2025-10-26 23:53:53,265 producer [DEBUG] Found 4 on [2024-09-11, 2024-09-12]
2025-10-26 23:53:53,273 consumer #2 [INFO] Processing feature: S2B_MSIL2A_20240911T172859_N0511_R055_T13SGU_20240911T214609 (Tile code: T13SGU)
2025-10-26 23:53:53,274 consumer #2 [INFO] Downloading 'S2B_MSIL2A_20240911T172859_N0511_R055_T13SGU_20240911T214609' (Tile: T13SGU)
2025-10-26 23:53:53,279 consumer #0 [INFO] Processing feature: S2B_MSIL2A_20240911T172859_N0511_R055_T13SGT_20240911T214609 (Tile code: T13SGT)
2025-10-26 23:53:53,280 consumer #0 [INFO] Downloading 'S2B_MSIL2A_20240911T172859_N0511_R055_T13SGT_20240911T214609' (Tile: T13SGT)
2025-10-26 23:53:53,285 consumer #1 [INFO] Processing feature: S2B_MSIL2A_20240911T172859_N0511_R055_T13SFU_20240911T214609 (Tile code: T13SFU)
2025-10-26 23:53:53,286 consumer #1 [INFO] Downloading 'S2B_MSIL2A_20240911T172859_N0511_R055_T13SFU_20240911T214609' (Tile: T13SFU)
2025-10-26 23:53:54,323 producer [DEBUG] Found 4 on [2024-06-13, 2024-06-14]
2025-10-26 23:53:54,331 consumer #0 [INFO] Processing feature: S2B_MSIL2A_20240613T172859_N0510_R055_T13SFT_20240613T212437 (Tile code: T13SFT)
2025-10-26 23:53:54,332 consumer #0 [INFO] Downloading 'S2B_MSIL2A_20240613T172859_N0510_R055_T13SFT_20240613T212437' (Tile: T13SFT)
2025-10-26 23:53:54,426 producer [DEBUG] Found 0 on [2024-03-15, 2024-03-16]
2025-10-26 23:53:55,251 producer [DEBUG] Found 0 on [2024-09-12, 2024-09-13]
2025-10-26 23:53:55,903 consumer #3 [INFO] Created 6-band GeoTIFF: CA_early_season_2024/2024-03-26/S2B_MSIL2A_20240326T183929_N0510_R070_T11SKA_20240326T225901.tif
2025-10-26 23:53:55,925 consumer #3 [INFO] Successfully processed 'S2B_MSIL2A_20240326T183929_N0510_R070_T11SKA_20240326T225901' -> CA_early_season_2024/2024-03-26/S2B_MSIL2A_20240326T183929_N0510_R070_T11SKA_20240326T225901.tif
2025-10-26 23:53:55,939 consumer #3 [INFO] Processing feature: S2A_MSIL2A_20240510T183921_N0510_R070_T10SGF_20240511T002949 (Tile code: T10SGF)
2025-10-26 23:53:55,940 consumer #3 [INFO] Downloading 'S2A_MSIL2A_20240510T183921_N0510_R070_T10SGF_20240511T002949' (Tile: T10SGF)
2025-10-26 23:53:56,085 producer [DEBUG] Found 0 on [2024-03-16, 2024-03-17]
2025-10-26 23:53:56,130 producer [DEBUG] Found 0 on [2024-06-14, 2024-06-15]
2025-10-26 23:53:57,181 producer [DEBUG] Found 0 on [2024-09-13, 2024-09-14]
2025-10-26 23:53:57,646 producer [DEBUG] Found 0 on [2024-03-17, 2024-03-18]
2025-10-26 23:53:58,599 producer [DEBUG] Found 0 on [2024-06-15, 2024-06-16]
2025-10-26 23:53:59,087 producer [DEBUG] Found 0 on [2024-03-18, 2024-03-19]
2025-10-26 23:53:59,110 producer [DEBUG] Found 0 on [2024-09-14, 2024-09-15]
2025-10-26 23:54:00,581 producer [DEBUG] Found 0 on [2024-03-19, 2024-03-20]
2025-10-26 23:54:00,629 producer [DEBUG] Found 0 on [2024-06-16, 2024-06-17]
2025-10-26 23:54:01,291 producer [DEBUG] Found 0 on [2024-09-15, 2024-09-16]
2025-10-26 23:54:02,765 producer [DEBUG] Found 0 on [2024-03-20, 2024-03-21]
2025-10-26 23:54:03,208 producer [DEBUG] Found 0 on [2024-06-17, 2024-06-18]
2025-10-26 23:54:03,674 producer [DEBUG] Found 4 on [2024-09-16, 2024-09-17]
2025-10-26 23:54:04,505 producer [DEBUG] Found 0 on [2024-03-21, 2024-03-22]
2025-10-26 23:54:05,768 producer [DEBUG] Found 4 on [2024-06-18, 2024-06-19]
2025-10-26 23:54:05,823 producer [DEBUG] Found 0 on [2024-09-17, 2024-09-18]
2025-10-26 23:54:05,936 producer [DEBUG] Found 0 on [2024-03-22, 2024-03-23]
2025-10-26 23:54:07,445 producer [DEBUG] Found 0 on [2024-03-23, 2024-03-24]
2025-10-26 23:54:07,648 producer [DEBUG] Found 0 on [2024-06-19, 2024-06-20]
2025-10-26 23:54:07,752 producer [DEBUG] Found 0 on [2024-09-18, 2024-09-19]
2025-10-26 23:54:08,997 producer [DEBUG] Found 0 on [2024-03-24, 2024-03-25]
2025-10-26 23:54:09,326 producer [DEBUG] Found 0 on [2024-06-20, 2024-06-21]
2025-10-26 23:54:10,012 producer [DEBUG] Found 0 on [2024-09-19, 2024-09-20]
2025-10-26 23:54:10,445 producer [DEBUG] Found 0 on [2024-03-25, 2024-03-26]
2025-10-26 23:54:10,956 producer [DEBUG] Found 0 on [2024-06-21, 2024-06-22]
2025-10-26 23:54:11,871 producer [DEBUG] Found 0 on [2024-03-26, 2024-03-27]
2025-10-26 23:54:12,075 producer [DEBUG] Found 0 on [2024-09-20, 2024-09-21]
2025-10-26 23:54:13,442 producer [DEBUG] Found 0 on [2024-06-22, 2024-06-23]
2025-10-26 23:54:13,852 producer [DEBUG] Found 0 on [2024-09-21, 2024-09-22]
2025-10-26 23:54:14,344 producer [DEBUG] Found 0 on [2024-03-27, 2024-03-28]
2025-10-26 23:54:15,210 producer [DEBUG] Found 1 on [2024-06-23, 2024-06-24]
2025-10-26 23:54:15,765 producer [DEBUG] Found 0 on [2024-03-28, 2024-03-29]
2025-10-26 23:54:15,804 producer [DEBUG] Found 0 on [2024-09-22, 2024-09-23]
2025-10-26 23:54:16,972 producer [DEBUG] Found 0 on [2024-06-24, 2024-06-25]
2025-10-26 23:54:17,591 producer [DEBUG] Found 0 on [2024-03-29, 2024-03-30]
2025-10-26 23:54:17,597 producer [DEBUG] Found 0 on [2024-09-23, 2024-09-24]
2025-10-26 23:54:18,819 producer [DEBUG] Found 0 on [2024-06-25, 2024-06-26]
2025-10-26 23:54:19,048 producer [DEBUG] Found 0 on [2024-03-30, 2024-03-31]
2025-10-26 23:54:19,719 producer [DEBUG] Found 0 on [2024-09-24, 2024-09-25]
2025-10-26 23:54:20,672 producer [DEBUG] Found 0 on [2024-03-31, 2024-04-01]
2025-10-26 23:54:21,198 producer [DEBUG] Found 0 on [2024-06-26, 2024-06-27]
2025-10-26 23:54:21,523 producer [DEBUG] Found 0 on [2024-09-25, 2024-09-26]
2025-10-26 23:54:21,591 consumer #0 [INFO] Processing ZIP to 6-band for 'S2B_MSIL2A_20240704T183919_N0510_R070_T11SKA_20240704T212737' (Tile: T11SKA)
2025-10-26 23:54:21,591 consumer #0 [DEBUG] Processing CA_mid_season_2024/2024-07-04/S2B_MSIL2A_20240704T183919_N0510_R070_T11SKA_20240704T212737.SAFE.zip into CA_mid_season_2024/2024-07-04/S2B_MSIL2A_20240704T183919_N0510_R070_T11SKA_20240704T212737.tif
2025-10-26 23:54:21,592 consumer #0 [DEBUG] Extracting S2B_MSIL2A_20240704T183919_N0510_R070_T11SKA_20240704T212737 to temporary directory: CA_mid_season_2024/2024-07-04/extract_S2B_MSIL2A_20240704T183919_N0510_R070_T11SKA_20240704T212737_74brwvka
2025-10-26 23:54:21,629 producer [DEBUG] Found 0 on [2024-04-01, 2024-04-02]
2025-10-26 23:54:22,680 producer [DEBUG] Found 0 on [2024-04-02, 2024-04-03]
2025-10-26 23:54:22,694 consumer #0 [DEBUG] Found 1 .SAFE directories: ['S2B_MSIL2A_20240704T183919_N0510_R070_T11SKA_20240704T212737.SAFE']
2025-10-26 23:54:22,694 consumer #0 [DEBUG] Found all 6 bands for S2B_MSIL2A_20240704T183919_N0510_R070_T11SKA_20240704T212737
2025-10-26 23:54:23,072 producer [DEBUG] Found 0 on [2024-06-27, 2024-06-28]
2025-10-26 23:54:23,202 consumer #0 [DEBUG] Read B02 at native 10m
2025-10-26 23:54:23,677 consumer #0 [DEBUG] Read B03 at native 10m
2025-10-26 23:54:23,941 producer [DEBUG] Found 0 on [2024-04-03, 2024-04-04]
2025-10-26 23:54:24,181 consumer #0 [DEBUG] Read B04 at native 10m
2025-10-26 23:54:24,460 producer [DEBUG] Found 4 on [2024-09-26, 2024-09-27]
2025-10-26 23:54:24,745 producer [DEBUG] Found 4 on [2024-06-28, 2024-06-29]
2025-10-26 23:54:24,758 consumer #0 [DEBUG] Resampled B8A from 20m to 10m
2025-10-26 23:54:24,930 producer [DEBUG] Found 4 on [2024-04-04, 2024-04-05]
2025-10-26 23:54:25,294 consumer #0 [DEBUG] Resampled B11 from 20m to 10m
2025-10-26 23:54:25,850 consumer #0 [DEBUG] Resampled B12 from 20m to 10m
2025-10-26 23:54:26,185 producer [DEBUG] Found 0 on [2024-04-05, 2024-04-06]
2025-10-26 23:54:26,340 producer [DEBUG] Found 0 on [2024-06-29, 2024-06-30]
2025-10-26 23:54:26,685 producer [DEBUG] Found 0 on [2024-09-27, 2024-09-28]
2025-10-26 23:54:27,193 producer [DEBUG] Found 0 on [2024-04-06, 2024-04-07]
2025-10-26 23:54:28,196 producer [DEBUG] Found 0 on [2024-06-30, 2024-07-01]
2025-10-26 23:54:28,251 producer [DEBUG] Found 0 on [2024-04-07, 2024-04-08]
2025-10-26 23:54:28,482 producer [DEBUG] Found 0 on [2024-09-28, 2024-09-29]
2025-10-26 23:54:29,213 producer [DEBUG] Found 0 on [2024-07-01, 2024-07-02]
2025-10-26 23:54:30,007 producer [DEBUG] Found 0 on [2024-04-08, 2024-04-09]
2025-10-26 23:54:30,180 producer [DEBUG] Found 0 on [2024-07-02, 2024-07-03]
2025-10-26 23:54:30,690 producer [DEBUG] Found 0 on [2024-09-29, 2024-09-30]
2025-10-26 23:54:30,931 producer [DEBUG] Found 0 on [2024-04-09, 2024-04-10]
2025-10-26 23:54:31,102 producer [DEBUG] Found 0 on [2024-07-03, 2024-07-04]
2025-10-26 23:54:32,032 producer [DEBUG] Found 0 on [2024-04-10, 2024-04-11]
2025-10-26 23:54:32,177 producer [DEBUG] Found 0 on [2024-07-04, 2024-07-05]
2025-10-26 23:54:32,709 producer [DEBUG] Found 0 on [2024-09-30, 2024-10-01]
2025-10-26 23:54:33,212 producer [DEBUG] Found 0 on [2024-07-05, 2024-07-06]
2025-10-26 23:54:34,125 producer [DEBUG] Found 0 on [2024-07-06, 2024-07-07]
2025-10-26 23:54:34,758 producer [DEBUG] Found 0 on [2024-04-11, 2024-04-12]
2025-10-26 23:54:35,150 producer [DEBUG] Found 0 on [2024-07-07, 2024-07-08]
2025-10-26 23:54:36,203 producer [DEBUG] Found 0 on [2024-07-08, 2024-07-09]
2025-10-26 23:54:36,475 producer [DEBUG] Found 0 on [2024-04-12, 2024-04-13]
2025-10-26 23:54:37,250 producer [DEBUG] Found 0 on [2024-07-09, 2024-07-10]
2025-10-26 23:54:38,064 producer [DEBUG] Found 0 on [2024-04-13, 2024-04-14]
2025-10-26 23:54:38,972 producer [DEBUG] Found 0 on [2024-07-10, 2024-07-11]
2025-10-26 23:54:40,603 producer [DEBUG] Found 0 on [2024-04-14, 2024-04-15]
2025-10-26 23:54:40,610 producer [DEBUG] Found 0 on [2024-07-11, 2024-07-12]
2025-10-26 23:54:41,135 consumer #1 [INFO] Processing ZIP to 6-band for 'S2B_MSIL2A_20240326T183929_N0510_R070_T10SGF_20240326T225901' (Tile: T10SGF)
2025-10-26 23:54:41,136 consumer #1 [DEBUG] Processing CA_early_season_2024/2024-03-26/S2B_MSIL2A_20240326T183929_N0510_R070_T10SGF_20240326T225901.SAFE.zip into CA_early_season_2024/2024-03-26/S2B_MSIL2A_20240326T183929_N0510_R070_T10SGF_20240326T225901.tif
2025-10-26 23:54:41,137 consumer #1 [DEBUG] Extracting S2B_MSIL2A_20240326T183929_N0510_R070_T10SGF_20240326T225901 to temporary directory: CA_early_season_2024/2024-03-26/extract_S2B_MSIL2A_20240326T183929_N0510_R070_T10SGF_20240326T225901_88_tbi9t
2025-10-26 23:54:42,047 producer [DEBUG] Found 0 on [2024-07-12, 2024-07-13]
2025-10-26 23:54:42,236 consumer #1 [DEBUG] Found 1 .SAFE directories: ['S2B_MSIL2A_20240326T183929_N0510_R070_T10SGF_20240326T225901.SAFE']
2025-10-26 23:54:42,237 consumer #1 [DEBUG] Found all 6 bands for S2B_MSIL2A_20240326T183929_N0510_R070_T10SGF_20240326T225901
2025-10-26 23:54:42,819 consumer #1 [DEBUG] Read B02 at native 10m
2025-10-26 23:54:43,159 producer [DEBUG] Found 0 on [2024-04-15, 2024-04-16]
2025-10-26 23:54:43,322 consumer #1 [DEBUG] Read B03 at native 10m
2025-10-26 23:54:43,515 producer [DEBUG] Found 4 on [2024-07-13, 2024-07-14]
2025-10-26 23:54:43,829 consumer #1 [DEBUG] Read B04 at native 10m
2025-10-26 23:54:44,363 consumer #1 [DEBUG] Resampled B8A from 20m to 10m
2025-10-26 23:54:44,891 consumer #1 [DEBUG] Resampled B11 from 20m to 10m
2025-10-26 23:54:45,160 producer [DEBUG] Found 0 on [2024-07-14, 2024-07-15]
2025-10-26 23:54:45,283 producer [DEBUG] Found 0 on [2024-04-16, 2024-04-17]
2025-10-26 23:54:45,405 consumer #1 [DEBUG] Resampled B12 from 20m to 10m
2025-10-26 23:54:46,782 producer [DEBUG] Found 0 on [2024-07-15, 2024-07-16]
2025-10-26 23:54:46,934 producer [DEBUG] Found 0 on [2024-04-17, 2024-04-18]
2025-10-26 23:54:48,238 producer [DEBUG] Found 0 on [2024-07-16, 2024-07-17]
2025-10-26 23:54:48,653 producer [DEBUG] Found 0 on [2024-04-18, 2024-04-19]
2025-10-26 23:54:49,669 consumer #0 [INFO] Created 6-band GeoTIFF: CA_mid_season_2024/2024-07-04/S2B_MSIL2A_20240704T183919_N0510_R070_T11SKA_20240704T212737.tif
2025-10-26 23:54:49,691 consumer #0 [INFO] Successfully processed 'S2B_MSIL2A_20240704T183919_N0510_R070_T11SKA_20240704T212737' -> CA_mid_season_2024/2024-07-04/S2B_MSIL2A_20240704T183919_N0510_R070_T11SKA_20240704T212737.tif
2025-10-26 23:54:49,691 consumer #0 [INFO] Processing feature: S2A_MSIL2A_20240709T183921_N0510_R070_T10SGF_20240710T002450 (Tile code: T10SGF)
2025-10-26 23:54:49,692 consumer #0 [INFO] Downloading 'S2A_MSIL2A_20240709T183921_N0510_R070_T10SGF_20240710T002450' (Tile: T10SGF)
2025-10-26 23:54:50,253 producer [DEBUG] Found 0 on [2024-07-17, 2024-07-18]
2025-10-26 23:54:50,785 producer [DEBUG] Found 0 on [2024-04-19, 2024-04-20]
2025-10-26 23:54:51,747 producer [DEBUG] Found 0 on [2024-07-18, 2024-07-19]
2025-10-26 23:54:53,246 producer [DEBUG] Found 0 on [2024-07-19, 2024-07-20]
2025-10-26 23:54:53,480 producer [DEBUG] Found 0 on [2024-04-20, 2024-04-21]
2025-10-26 23:54:54,690 producer [DEBUG] Found 0 on [2024-07-20, 2024-07-21]
2025-10-26 23:54:55,086 producer [DEBUG] Found 0 on [2024-04-21, 2024-04-22]
2025-10-26 23:54:56,762 producer [DEBUG] Found 0 on [2024-07-21, 2024-07-22]
2025-10-26 23:54:56,910 producer [DEBUG] Found 0 on [2024-04-22, 2024-04-23]
2025-10-26 23:54:58,738 producer [DEBUG] Found 0 on [2024-04-23, 2024-04-24]
2025-10-26 23:54:59,031 producer [DEBUG] Found 0 on [2024-07-22, 2024-07-23]
2025-10-26 23:55:00,442 producer [DEBUG] Found 0 on [2024-04-24, 2024-04-25]
2025-10-26 23:55:02,211 producer [DEBUG] Found 1 on [2024-07-23, 2024-07-24]
2025-10-26 23:55:02,905 producer [DEBUG] Found 0 on [2024-04-25, 2024-04-26]
2025-10-26 23:55:04,844 producer [DEBUG] Found 0 on [2024-07-24, 2024-07-25]
2025-10-26 23:55:05,236 producer [DEBUG] Found 0 on [2024-04-26, 2024-04-27]
2025-10-26 23:55:07,138 producer [DEBUG] Found 0 on [2024-04-27, 2024-04-28]
2025-10-26 23:55:07,276 producer [DEBUG] Found 0 on [2024-07-25, 2024-07-26]
2025-10-26 23:55:07,463 consumer #1 [INFO] Created 6-band GeoTIFF: CA_early_season_2024/2024-03-26/S2B_MSIL2A_20240326T183929_N0510_R070_T10SGF_20240326T225901.tif
2025-10-26 23:55:07,483 consumer #1 [INFO] Successfully processed 'S2B_MSIL2A_20240326T183929_N0510_R070_T10SGF_20240326T225901' -> CA_early_season_2024/2024-03-26/S2B_MSIL2A_20240326T183929_N0510_R070_T10SGF_20240326T225901.tif
2025-10-26 23:55:07,485 consumer #1 [INFO] Processing feature: S2A_MSIL2A_20240510T183921_N0510_R070_T11SKA_20240511T002949 (Tile code: T11SKA)
2025-10-26 23:55:07,486 consumer #1 [INFO] Downloading 'S2A_MSIL2A_20240510T183921_N0510_R070_T11SKA_20240511T002949' (Tile: T11SKA)
2025-10-26 23:55:08,711 producer [DEBUG] Found 0 on [2024-04-28, 2024-04-29]
2025-10-26 23:55:09,003 producer [DEBUG] Found 0 on [2024-07-26, 2024-07-27]
2025-10-26 23:55:09,242 consumer #2 [INFO] Processing ZIP to 6-band for 'S2A_MSIL2A_20240430T183921_N0510_R070_T11SKA_20240501T002051' (Tile: T11SKA)
2025-10-26 23:55:09,242 consumer #2 [DEBUG] Processing CA_early_season_2024/2024-04-30/S2A_MSIL2A_20240430T183921_N0510_R070_T11SKA_20240501T002051.SAFE.zip into CA_early_season_2024/2024-04-30/S2A_MSIL2A_20240430T183921_N0510_R070_T11SKA_20240501T002051.tif
2025-10-26 23:55:09,242 consumer #2 [DEBUG] Extracting S2A_MSIL2A_20240430T183921_N0510_R070_T11SKA_20240501T002051 to temporary directory: CA_early_season_2024/2024-04-30/extract_S2A_MSIL2A_20240430T183921_N0510_R070_T11SKA_20240501T002051_wb_2y5ps
2025-10-26 23:55:10,232 consumer #2 [DEBUG] Found 1 .SAFE directories: ['S2A_MSIL2A_20240430T183921_N0510_R070_T11SKA_20240501T002051.SAFE']
2025-10-26 23:55:10,232 consumer #2 [DEBUG] Found all 6 bands for S2A_MSIL2A_20240430T183921_N0510_R070_T11SKA_20240501T002051
2025-10-26 23:55:10,382 producer [DEBUG] Found 4 on [2024-04-29, 2024-04-30]
2025-10-26 23:55:10,725 consumer #2 [DEBUG] Read B02 at native 10m
2025-10-26 23:55:10,751 producer [DEBUG] Found 0 on [2024-07-27, 2024-07-28]
2025-10-26 23:55:11,169 consumer #2 [DEBUG] Read B03 at native 10m
2025-10-26 23:55:11,635 consumer #2 [DEBUG] Read B04 at native 10m
2025-10-26 23:55:12,155 producer [DEBUG] Found 0 on [2024-04-30, 2024-05-01]
2025-10-26 23:55:12,194 consumer #2 [DEBUG] Resampled B8A from 20m to 10m
2025-10-26 23:55:12,727 consumer #2 [DEBUG] Resampled B11 from 20m to 10m
2025-10-26 23:55:13,256 consumer #2 [DEBUG] Resampled B12 from 20m to 10m
2025-10-26 23:55:13,826 producer [DEBUG] Found 4 on [2024-07-28, 2024-07-29]
2025-10-26 23:55:14,059 producer [DEBUG] Found 0 on [2024-05-01, 2024-05-02]
2025-10-26 23:55:15,661 producer [DEBUG] Found 0 on [2024-07-29, 2024-07-30]
2025-10-26 23:55:15,770 producer [DEBUG] Found 0 on [2024-05-02, 2024-05-03]
2025-10-26 23:55:17,414 producer [DEBUG] Found 0 on [2024-05-03, 2024-05-04]
2025-10-26 23:55:17,836 producer [DEBUG] Found 0 on [2024-07-30, 2024-07-31]
2025-10-26 23:55:19,138 producer [DEBUG] Found 0 on [2024-05-04, 2024-05-05]
2025-10-26 23:55:21,238 producer [DEBUG] Found 0 on [2024-07-31, 2024-08-01]
2025-10-26 23:55:21,308 producer [DEBUG] Found 0 on [2024-05-05, 2024-05-06]
2025-10-26 23:55:23,272 producer [DEBUG] Found 0 on [2024-08-01, 2024-08-02]
2025-10-26 23:55:23,933 producer [DEBUG] Found 0 on [2024-05-06, 2024-05-07]
2025-10-26 23:55:25,164 producer [DEBUG] Found 4 on [2024-08-02, 2024-08-03]
2025-10-26 23:55:26,393 producer [DEBUG] Found 0 on [2024-05-07, 2024-05-08]
2025-10-26 23:55:26,949 producer [DEBUG] Found 0 on [2024-08-03, 2024-08-04]
2025-10-26 23:55:28,117 producer [DEBUG] Found 0 on [2024-05-08, 2024-05-09]
2025-10-26 23:55:28,756 producer [DEBUG] Found 0 on [2024-08-04, 2024-08-05]
2025-10-26 23:55:29,723 producer [DEBUG] Found 3 on [2024-05-09, 2024-05-10]
2025-10-26 23:55:30,889 producer [DEBUG] Found 0 on [2024-08-05, 2024-08-06]
2025-10-26 23:55:32,609 producer [DEBUG] Found 0 on [2024-05-10, 2024-05-11]
2025-10-26 23:55:32,676 producer [DEBUG] Found 0 on [2024-08-06, 2024-08-07]
2025-10-26 23:55:34,184 producer [DEBUG] Found 0 on [2024-05-11, 2024-05-12]
2025-10-26 23:55:34,415 producer [DEBUG] Found 4 on [2024-08-07, 2024-08-08]
2025-10-26 23:55:34,899 consumer #2 [INFO] Created 6-band GeoTIFF: CA_early_season_2024/2024-04-30/S2A_MSIL2A_20240430T183921_N0510_R070_T11SKA_20240501T002051.tif
2025-10-26 23:55:34,915 consumer #2 [INFO] Successfully processed 'S2A_MSIL2A_20240430T183921_N0510_R070_T11SKA_20240501T002051' -> CA_early_season_2024/2024-04-30/S2A_MSIL2A_20240430T183921_N0510_R070_T11SKA_20240501T002051.tif
2025-10-26 23:55:34,916 consumer #2 [INFO] Processing feature: S2A_MSIL2A_20240520T183921_N0510_R070_T11SKA_20240521T011353 (Tile code: T11SKA)
2025-10-26 23:55:34,916 consumer #2 [INFO] Downloading 'S2A_MSIL2A_20240520T183921_N0510_R070_T11SKA_20240521T011353' (Tile: T11SKA)
2025-10-26 23:55:36,218 producer [DEBUG] Found 0 on [2024-08-08, 2024-08-09]
2025-10-26 23:55:36,401 producer [DEBUG] Found 0 on [2024-05-12, 2024-05-13]
2025-10-26 23:55:37,950 producer [DEBUG] Found 0 on [2024-08-09, 2024-08-10]
2025-10-26 23:55:37,979 producer [DEBUG] Found 0 on [2024-05-13, 2024-05-14]
2025-10-26 23:55:39,703 producer [DEBUG] Found 4 on [2024-05-14, 2024-05-15]
2025-10-26 23:55:40,038 producer [DEBUG] Found 0 on [2024-08-10, 2024-08-11]
2025-10-26 23:55:41,691 consumer #2 [INFO] Processing ZIP to 6-band for 'S2B_MSIL2A_20240912T183919_N0511_R070_T10SGF_20240913T001358' (Tile: T10SGF)
2025-10-26 23:55:41,691 consumer #2 [DEBUG] Processing CA_late_season_2024/2024-09-12/S2B_MSIL2A_20240912T183919_N0511_R070_T10SGF_20240913T001358.SAFE.zip into CA_late_season_2024/2024-09-12/S2B_MSIL2A_20240912T183919_N0511_R070_T10SGF_20240913T001358.tif
2025-10-26 23:55:41,692 consumer #2 [DEBUG] Extracting S2B_MSIL2A_20240912T183919_N0511_R070_T10SGF_20240913T001358 to temporary directory: CA_late_season_2024/2024-09-12/extract_S2B_MSIL2A_20240912T183919_N0511_R070_T10SGF_20240913T001358_j3sut63u
2025-10-26 23:55:41,825 producer [DEBUG] Found 0 on [2024-08-11, 2024-08-12]
2025-10-26 23:55:42,254 producer [DEBUG] Found 0 on [2024-05-15, 2024-05-16]
2025-10-26 23:55:42,811 consumer #2 [DEBUG] Found 1 .SAFE directories: ['S2B_MSIL2A_20240912T183919_N0511_R070_T10SGF_20240913T001358.SAFE']
2025-10-26 23:55:42,812 consumer #2 [DEBUG] Found all 6 bands for S2B_MSIL2A_20240912T183919_N0511_R070_T10SGF_20240913T001358
2025-10-26 23:55:43,324 consumer #2 [DEBUG] Read B02 at native 10m
2025-10-26 23:55:43,848 consumer #2 [DEBUG] Read B03 at native 10m
2025-10-26 23:55:44,208 producer [DEBUG] Found 0 on [2024-05-16, 2024-05-17]
2025-10-26 23:55:44,350 consumer #2 [DEBUG] Read B04 at native 10m
2025-10-26 23:55:44,792 producer [DEBUG] Found 0 on [2024-08-12, 2024-08-13]
2025-10-26 23:55:44,910 consumer #2 [DEBUG] Resampled B8A from 20m to 10m
2025-10-26 23:55:45,445 consumer #2 [DEBUG] Resampled B11 from 20m to 10m
2025-10-26 23:55:45,995 consumer #2 [DEBUG] Resampled B12 from 20m to 10m
2025-10-26 23:55:46,195 producer [DEBUG] Found 0 on [2024-05-17, 2024-05-18]
2025-10-26 23:55:46,906 producer [DEBUG] Found 0 on [2024-08-13, 2024-08-14]
2025-10-26 23:55:47,757 producer [DEBUG] Found 0 on [2024-05-18, 2024-05-19]
2025-10-26 23:55:48,891 producer [DEBUG] Found 0 on [2024-08-14, 2024-08-15]
2025-10-26 23:55:49,622 producer [DEBUG] Found 7 on [2024-05-19, 2024-05-20]
2025-10-26 23:55:50,761 producer [DEBUG] Found 0 on [2024-08-15, 2024-08-16]
2025-10-26 23:55:51,333 producer [DEBUG] Found 0 on [2024-05-20, 2024-05-21]
2025-10-26 23:55:53,145 producer [DEBUG] Found 0 on [2024-05-21, 2024-05-22]
2025-10-26 23:55:53,559 producer [DEBUG] Found 0 on [2024-08-16, 2024-08-17]
2025-10-26 23:55:55,088 producer [DEBUG] Found 0 on [2024-05-22, 2024-05-23]
2025-10-26 23:55:55,373 producer [DEBUG] Found 4 on [2024-08-17, 2024-08-18]
2025-10-26 23:55:56,757 producer [DEBUG] Found 0 on [2024-05-23, 2024-05-24]
2025-10-26 23:55:57,560 producer [DEBUG] Found 0 on [2024-08-18, 2024-08-19]
2025-10-26 23:55:59,137 producer [DEBUG] Found 4 on [2024-05-24, 2024-05-25]
2025-10-26 23:56:00,517 producer [DEBUG] Found 0 on [2024-08-19, 2024-08-20]
2025-10-26 23:56:00,825 producer [DEBUG] Found 0 on [2024-05-25, 2024-05-26]
2025-10-26 23:56:02,229 producer [DEBUG] Found 0 on [2024-08-20, 2024-08-21]
2025-10-26 23:56:02,584 producer [DEBUG] Found 0 on [2024-05-26, 2024-05-27]
2025-10-26 23:56:04,302 producer [DEBUG] Found 0 on [2024-08-21, 2024-08-22]
2025-10-26 23:56:04,398 producer [DEBUG] Found 0 on [2024-05-27, 2024-05-28]
2025-10-26 23:56:06,272 producer [DEBUG] Found 0 on [2024-05-28, 2024-05-29]
2025-10-26 23:56:06,507 producer [DEBUG] Found 4 on [2024-08-22, 2024-08-23]
2025-10-26 23:56:08,409 consumer #2 [INFO] Created 6-band GeoTIFF: CA_late_season_2024/2024-09-12/S2B_MSIL2A_20240912T183919_N0511_R070_T10SGF_20240913T001358.tif
2025-10-26 23:56:08,435 consumer #2 [INFO] Successfully processed 'S2B_MSIL2A_20240912T183919_N0511_R070_T10SGF_20240913T001358' -> CA_late_season_2024/2024-09-12/S2B_MSIL2A_20240912T183919_N0511_R070_T10SGF_20240913T001358.tif
2025-10-26 23:56:08,435 consumer #2 [INFO] Processing feature: S2B_MSIL2A_20240922T184009_N0511_R070_T11SKA_20240922T225505 (Tile code: T11SKA)
2025-10-26 23:56:08,436 consumer #2 [INFO] Downloading 'S2B_MSIL2A_20240922T184009_N0511_R070_T11SKA_20240922T225505' (Tile: T11SKA)
2025-10-26 23:56:08,643 producer [DEBUG] Found 0 on [2024-08-23, 2024-08-24]
2025-10-26 23:56:09,102 producer [DEBUG] Found 0 on [2024-05-29, 2024-05-30]
2025-10-26 23:56:10,689 producer [DEBUG] Found 0 on [2024-05-30, 2024-05-31]
2025-10-26 23:56:12,166 producer [DEBUG] Found 0 on [2024-08-24, 2024-08-25]
2025-10-26 23:56:13,139 producer [DEBUG] Found 0 on [2024-05-31, 2024-06-01]
2025-10-26 23:56:14,008 producer [DEBUG] Found 0 on [2024-08-25, 2024-08-26]
2025-10-26 23:56:15,789 producer [DEBUG] Found 0 on [2024-08-26, 2024-08-27]
2025-10-26 23:56:17,973 consumer #3 [INFO] Processing ZIP to 6-band for 'S2A_MSIL2A_20240709T183921_N0510_R070_T11SKA_20240710T002450' (Tile: T11SKA)
2025-10-26 23:56:17,974 consumer #3 [DEBUG] Processing CA_mid_season_2024/2024-07-09/S2A_MSIL2A_20240709T183921_N0510_R070_T11SKA_20240710T002450.SAFE.zip into CA_mid_season_2024/2024-07-09/S2A_MSIL2A_20240709T183921_N0510_R070_T11SKA_20240710T002450.tif
2025-10-26 23:56:17,975 consumer #3 [DEBUG] Extracting S2A_MSIL2A_20240709T183921_N0510_R070_T11SKA_20240710T002450 to temporary directory: CA_mid_season_2024/2024-07-09/extract_S2A_MSIL2A_20240709T183921_N0510_R070_T11SKA_20240710T002450_56l1k19j
2025-10-26 23:56:18,086 producer [DEBUG] Found 1 on [2024-08-27, 2024-08-28]
2025-10-26 23:56:19,083 consumer #3 [DEBUG] Found 1 .SAFE directories: ['S2A_MSIL2A_20240709T183921_N0510_R070_T11SKA_20240710T002450.SAFE']
2025-10-26 23:56:19,083 consumer #3 [DEBUG] Found all 6 bands for S2A_MSIL2A_20240709T183921_N0510_R070_T11SKA_20240710T002450
2025-10-26 23:56:19,617 consumer #3 [DEBUG] Read B02 at native 10m
2025-10-26 23:56:19,844 producer [DEBUG] Found 0 on [2024-08-28, 2024-08-29]
2025-10-26 23:56:20,112 consumer #3 [DEBUG] Read B03 at native 10m
2025-10-26 23:56:20,587 consumer #3 [DEBUG] Read B04 at native 10m
2025-10-26 23:56:21,153 consumer #3 [DEBUG] Resampled B8A from 20m to 10m
2025-10-26 23:56:21,682 consumer #3 [DEBUG] Resampled B11 from 20m to 10m
2025-10-26 23:56:21,891 producer [DEBUG] Found 0 on [2024-08-29, 2024-08-30]
2025-10-26 23:56:22,233 consumer #3 [DEBUG] Resampled B12 from 20m to 10m
2025-10-26 23:56:23,969 producer [DEBUG] Found 0 on [2024-08-30, 2024-08-31]
2025-10-26 23:56:26,003 producer [DEBUG] Found 0 on [2024-08-31, 2024-09-01]
2025-10-26 23:56:46,332 consumer #3 [INFO] Created 6-band GeoTIFF: CA_mid_season_2024/2024-07-09/S2A_MSIL2A_20240709T183921_N0510_R070_T11SKA_20240710T002450.tif
2025-10-26 23:56:46,353 consumer #3 [INFO] Successfully processed 'S2A_MSIL2A_20240709T183921_N0510_R070_T11SKA_20240710T002450' -> CA_mid_season_2024/2024-07-09/S2A_MSIL2A_20240709T183921_N0510_R070_T11SKA_20240710T002450.tif
2025-10-26 23:56:46,354 consumer #3 [INFO] Processing feature: S2B_MSIL2A_20240714T183919_N0510_R070_T10SGF_20240714T213402 (Tile code: T10SGF)
2025-10-26 23:56:46,354 consumer #3 [INFO] Downloading 'S2B_MSIL2A_20240714T183919_N0510_R070_T10SGF_20240714T213402' (Tile: T10SGF)
2025-10-26 23:56:47,962 consumer #3 [INFO] Processing ZIP to 6-band for 'S2A_MSIL2A_20240917T184031_N0511_R070_T10SGF_20240918T005327' (Tile: T10SGF)
2025-10-26 23:56:47,962 consumer #3 [DEBUG] Processing CA_late_season_2024/2024-09-17/S2A_MSIL2A_20240917T184031_N0511_R070_T10SGF_20240918T005327.SAFE.zip into CA_late_season_2024/2024-09-17/S2A_MSIL2A_20240917T184031_N0511_R070_T10SGF_20240918T005327.tif
2025-10-26 23:56:47,963 consumer #3 [DEBUG] Extracting S2A_MSIL2A_20240917T184031_N0511_R070_T10SGF_20240918T005327 to temporary directory: CA_late_season_2024/2024-09-17/extract_S2A_MSIL2A_20240917T184031_N0511_R070_T10SGF_20240918T005327_txmtlopj
2025-10-26 23:56:49,062 consumer #3 [DEBUG] Found 1 .SAFE directories: ['S2A_MSIL2A_20240917T184031_N0511_R070_T10SGF_20240918T005327.SAFE']
2025-10-26 23:56:49,062 consumer #3 [DEBUG] Found all 6 bands for S2A_MSIL2A_20240917T184031_N0511_R070_T10SGF_20240918T005327
2025-10-26 23:56:49,597 consumer #3 [DEBUG] Read B02 at native 10m
2025-10-26 23:56:50,086 consumer #3 [DEBUG] Read B03 at native 10m
2025-10-26 23:56:50,608 consumer #3 [DEBUG] Read B04 at native 10m
2025-10-26 23:56:51,146 consumer #3 [DEBUG] Resampled B8A from 20m to 10m
2025-10-26 23:56:51,678 consumer #3 [DEBUG] Resampled B11 from 20m to 10m
2025-10-26 23:56:52,219 consumer #3 [DEBUG] Resampled B12 from 20m to 10m
2025-10-26 23:56:54,820 consumer #1 [INFO] Processing ZIP to 6-band for 'S2A_MSIL2A_20240310T173131_N0510_R055_T13SFU_20240310T232252' (Tile: T13SFU)
2025-10-26 23:56:54,821 consumer #1 [DEBUG] Processing TX_early_season_2024/2024-03-10/S2A_MSIL2A_20240310T173131_N0510_R055_T13SFU_20240310T232252.SAFE.zip into TX_early_season_2024/2024-03-10/S2A_MSIL2A_20240310T173131_N0510_R055_T13SFU_20240310T232252.tif
2025-10-26 23:56:54,821 consumer #1 [DEBUG] Extracting S2A_MSIL2A_20240310T173131_N0510_R055_T13SFU_20240310T232252 to temporary directory: TX_early_season_2024/2024-03-10/extract_S2A_MSIL2A_20240310T173131_N0510_R055_T13SFU_20240310T232252_lm00u_tn
2025-10-26 23:56:55,934 consumer #1 [DEBUG] Found 1 .SAFE directories: ['S2A_MSIL2A_20240310T173131_N0510_R055_T13SFU_20240310T232252.SAFE']
2025-10-26 23:56:55,934 consumer #1 [DEBUG] Found all 6 bands for S2A_MSIL2A_20240310T173131_N0510_R055_T13SFU_20240310T232252
2025-10-26 23:56:56,507 consumer #1 [DEBUG] Read B02 at native 10m
2025-10-26 23:56:57,042 consumer #1 [DEBUG] Read B03 at native 10m
2025-10-26 23:56:57,563 consumer #1 [DEBUG] Read B04 at native 10m
2025-10-26 23:56:58,155 consumer #1 [DEBUG] Resampled B8A from 20m to 10m
2025-10-26 23:56:58,737 consumer #1 [DEBUG] Resampled B11 from 20m to 10m
2025-10-26 23:56:59,275 consumer #1 [DEBUG] Resampled B12 from 20m to 10m
2025-10-26 23:57:15,927 consumer #3 [INFO] Created 6-band GeoTIFF: CA_late_season_2024/2024-09-17/S2A_MSIL2A_20240917T184031_N0511_R070_T10SGF_20240918T005327.tif
2025-10-26 23:57:15,946 consumer #3 [INFO] Successfully processed 'S2A_MSIL2A_20240917T184031_N0511_R070_T10SGF_20240918T005327' -> CA_late_season_2024/2024-09-17/S2A_MSIL2A_20240917T184031_N0511_R070_T10SGF_20240918T005327.tif
2025-10-26 23:57:15,947 consumer #3 [INFO] Processing feature: S2B_MSIL2A_20240922T184009_N0511_R070_T10SGF_20240922T225505 (Tile code: T10SGF)
2025-10-26 23:57:15,947 consumer #3 [INFO] Downloading 'S2B_MSIL2A_20240922T184009_N0511_R070_T10SGF_20240922T225505' (Tile: T10SGF)
2025-10-26 23:57:21,574 consumer #1 [INFO] Created 6-band GeoTIFF: TX_early_season_2024/2024-03-10/S2A_MSIL2A_20240310T173131_N0510_R055_T13SFU_20240310T232252.tif
2025-10-26 23:57:21,596 consumer #1 [INFO] Successfully processed 'S2A_MSIL2A_20240310T173131_N0510_R055_T13SFU_20240310T232252' -> TX_early_season_2024/2024-03-10/S2A_MSIL2A_20240310T173131_N0510_R055_T13SFU_20240310T232252.tif
2025-10-26 23:57:21,598 consumer #1 [INFO] Processing feature: S2A_MSIL2A_20240310T173131_N0510_R055_T13SGT_20240310T232252 (Tile code: T13SGT)
2025-10-26 23:57:21,598 consumer #1 [INFO] Downloading 'S2A_MSIL2A_20240310T173131_N0510_R055_T13SGT_20240310T232252' (Tile: T13SGT)
2025-10-26 23:57:25,272 MainThread [INFO] Checking thread statuses...
2025-10-26 23:57:51,035 MainThread [INFO] Checking thread statuses...
2025-10-26 23:57:52,968 consumer #1 [INFO] Processing ZIP to 6-band for 'S2B_MSIL2A_20240704T183919_N0510_R070_T10SGF_20240704T212737' (Tile: T10SGF)
2025-10-26 23:57:52,968 consumer #1 [DEBUG] Processing CA_mid_season_2024/2024-07-04/S2B_MSIL2A_20240704T183919_N0510_R070_T10SGF_20240704T212737.SAFE.zip into CA_mid_season_2024/2024-07-04/S2B_MSIL2A_20240704T183919_N0510_R070_T10SGF_20240704T212737.tif
2025-10-26 23:57:52,970 consumer #1 [DEBUG] Extracting S2B_MSIL2A_20240704T183919_N0510_R070_T10SGF_20240704T212737 to temporary directory: CA_mid_season_2024/2024-07-04/extract_S2B_MSIL2A_20240704T183919_N0510_R070_T10SGF_20240704T212737_j87t4afx
2025-10-26 23:57:54,074 consumer #1 [DEBUG] Found 1 .SAFE directories: ['S2B_MSIL2A_20240704T183919_N0510_R070_T10SGF_20240704T212737.SAFE']
2025-10-26 23:57:54,074 consumer #1 [DEBUG] Found all 6 bands for S2B_MSIL2A_20240704T183919_N0510_R070_T10SGF_20240704T212737
2025-10-26 23:57:54,566 consumer #1 [DEBUG] Read B02 at native 10m
2025-10-26 23:57:55,028 consumer #1 [DEBUG] Read B03 at native 10m
2025-10-26 23:57:55,501 consumer #1 [DEBUG] Read B04 at native 10m
2025-10-26 23:57:55,902 MainThread [INFO] Checking thread statuses...
2025-10-26 23:57:56,048 consumer #1 [DEBUG] Resampled B8A from 20m to 10m
2025-10-26 23:57:56,580 consumer #1 [DEBUG] Resampled B11 from 20m to 10m
2025-10-26 23:57:57,121 consumer #1 [DEBUG] Resampled B12 from 20m to 10m
2025-10-26 23:58:21,400 consumer #1 [INFO] Created 6-band GeoTIFF: CA_mid_season_2024/2024-07-04/S2B_MSIL2A_20240704T183919_N0510_R070_T10SGF_20240704T212737.tif
2025-10-26 23:58:21,414 consumer #1 [INFO] Successfully processed 'S2B_MSIL2A_20240704T183919_N0510_R070_T10SGF_20240704T212737' -> CA_mid_season_2024/2024-07-04/S2B_MSIL2A_20240704T183919_N0510_R070_T10SGF_20240704T212737.tif
2025-10-26 23:58:21,414 consumer #1 [INFO] Processing feature: S2A_MSIL2A_20240719T183921_N0510_R070_T10SGF_20240720T004450 (Tile code: T10SGF)
2025-10-26 23:58:21,415 consumer #1 [INFO] Downloading 'S2A_MSIL2A_20240719T183921_N0510_R070_T10SGF_20240720T004450' (Tile: T10SGF)
2025-10-26 23:58:29,930 consumer #2 [INFO] Processing ZIP to 6-band for 'S2B_MSIL2A_20240603T172859_N0510_R055_T13SGU_20240603T214532' (Tile: T13SGU)
2025-10-26 23:58:29,931 consumer #2 [DEBUG] Processing TX_mid_season_2024/2024-06-03/S2B_MSIL2A_20240603T172859_N0510_R055_T13SGU_20240603T214532.SAFE.zip into TX_mid_season_2024/2024-06-03/S2B_MSIL2A_20240603T172859_N0510_R055_T13SGU_20240603T214532.tif
2025-10-26 23:58:29,932 consumer #2 [DEBUG] Extracting S2B_MSIL2A_20240603T172859_N0510_R055_T13SGU_20240603T214532 to temporary directory: TX_mid_season_2024/2024-06-03/extract_S2B_MSIL2A_20240603T172859_N0510_R055_T13SGU_20240603T214532_kwd5b2pw
2025-10-26 23:58:30,943 consumer #2 [DEBUG] Found 1 .SAFE directories: ['S2B_MSIL2A_20240603T172859_N0510_R055_T13SGU_20240603T214532.SAFE']
2025-10-26 23:58:30,943 consumer #2 [DEBUG] Found all 6 bands for S2B_MSIL2A_20240603T172859_N0510_R055_T13SGU_20240603T214532
2025-10-26 23:58:31,494 consumer #2 [DEBUG] Read B02 at native 10m
2025-10-26 23:58:31,922 consumer #0 [INFO] Processing ZIP to 6-band for 'S2B_MSIL2A_20240911T172859_N0511_R055_T13SGT_20240911T214609' (Tile: T13SGT)
2025-10-26 23:58:31,923 consumer #0 [DEBUG] Processing TX_late_season_2024/2024-09-11/S2B_MSIL2A_20240911T172859_N0511_R055_T13SGT_20240911T214609.SAFE.zip into TX_late_season_2024/2024-09-11/S2B_MSIL2A_20240911T172859_N0511_R055_T13SGT_20240911T214609.tif
2025-10-26 23:58:31,923 consumer #0 [DEBUG] Extracting S2B_MSIL2A_20240911T172859_N0511_R055_T13SGT_20240911T214609 to temporary directory: TX_late_season_2024/2024-09-11/extract_S2B_MSIL2A_20240911T172859_N0511_R055_T13SGT_20240911T214609_xh85e0cu
2025-10-26 23:58:31,944 consumer #2 [DEBUG] Read B03 at native 10m
2025-10-26 23:58:32,411 consumer #2 [DEBUG] Read B04 at native 10m
2025-10-26 23:58:33,014 consumer #2 [DEBUG] Resampled B8A from 20m to 10m
2025-10-26 23:58:33,106 consumer #0 [DEBUG] Found 1 .SAFE directories: ['S2B_MSIL2A_20240911T172859_N0511_R055_T13SGT_20240911T214609.SAFE']
2025-10-26 23:58:33,106 consumer #0 [DEBUG] Found all 6 bands for S2B_MSIL2A_20240911T172859_N0511_R055_T13SGT_20240911T214609
2025-10-26 23:58:33,612 consumer #2 [DEBUG] Resampled B11 from 20m to 10m
2025-10-26 23:58:33,655 consumer #0 [DEBUG] Read B02 at native 10m
2025-10-26 23:58:34,164 consumer #0 [DEBUG] Read B03 at native 10m
2025-10-26 23:58:34,224 consumer #2 [DEBUG] Resampled B12 from 20m to 10m
2025-10-26 23:58:34,638 consumer #0 [DEBUG] Read B04 at native 10m
2025-10-26 23:58:35,198 consumer #0 [DEBUG] Resampled B8A from 20m to 10m
2025-10-26 23:58:35,727 consumer #0 [DEBUG] Resampled B11 from 20m to 10m
2025-10-26 23:58:36,253 consumer #0 [DEBUG] Resampled B12 from 20m to 10m
2025-10-26 23:58:56,459 consumer #2 [INFO] Created 6-band GeoTIFF: TX_mid_season_2024/2024-06-03/S2B_MSIL2A_20240603T172859_N0510_R055_T13SGU_20240603T214532.tif
2025-10-26 23:58:56,476 consumer #2 [INFO] Successfully processed 'S2B_MSIL2A_20240603T172859_N0510_R055_T13SGU_20240603T214532' -> TX_mid_season_2024/2024-06-03/S2B_MSIL2A_20240603T172859_N0510_R055_T13SGU_20240603T214532.tif
2025-10-26 23:58:56,479 consumer #2 [INFO] Processing feature: S2B_MSIL2A_20240613T172859_N0510_R055_T13SFU_20240613T212437 (Tile code: T13SFU)
2025-10-26 23:58:56,479 consumer #2 [INFO] Downloading 'S2B_MSIL2A_20240613T172859_N0510_R055_T13SFU_20240613T212437' (Tile: T13SFU)
2025-10-26 23:58:58,622 consumer #0 [INFO] Created 6-band GeoTIFF: TX_late_season_2024/2024-09-11/S2B_MSIL2A_20240911T172859_N0511_R055_T13SGT_20240911T214609.tif
2025-10-26 23:58:58,638 consumer #0 [INFO] Successfully processed 'S2B_MSIL2A_20240911T172859_N0511_R055_T13SGT_20240911T214609' -> TX_late_season_2024/2024-09-11/S2B_MSIL2A_20240911T172859_N0511_R055_T13SGT_20240911T214609.tif
2025-10-26 23:58:58,639 consumer #0 [INFO] Processing feature: S2B_MSIL2A_20240911T172859_N0511_R055_T13SFT_20240911T214609 (Tile code: T13SFT)
2025-10-26 23:58:58,639 consumer #0 [INFO] Downloading 'S2B_MSIL2A_20240911T172859_N0511_R055_T13SFT_20240911T214609' (Tile: T13SFT)
2025-10-27 00:00:37,338 consumer #1 [INFO] Processing ZIP to 6-band for 'S2A_MSIL2A_20240310T173131_N0510_R055_T13SGT_20240310T232252' (Tile: T13SGT)
2025-10-27 00:00:37,338 consumer #1 [DEBUG] Processing TX_early_season_2024/2024-03-10/S2A_MSIL2A_20240310T173131_N0510_R055_T13SGT_20240310T232252.SAFE.zip into TX_early_season_2024/2024-03-10/S2A_MSIL2A_20240310T173131_N0510_R055_T13SGT_20240310T232252.tif
2025-10-27 00:00:37,339 consumer #1 [DEBUG] Extracting S2A_MSIL2A_20240310T173131_N0510_R055_T13SGT_20240310T232252 to temporary directory: TX_early_season_2024/2024-03-10/extract_S2A_MSIL2A_20240310T173131_N0510_R055_T13SGT_20240310T232252_jn9ueyqk
2025-10-27 00:00:38,293 consumer #1 [DEBUG] Found 1 .SAFE directories: ['S2A_MSIL2A_20240310T173131_N0510_R055_T13SGT_20240310T232252.SAFE']
2025-10-27 00:00:38,293 consumer #1 [DEBUG] Found all 6 bands for S2A_MSIL2A_20240310T173131_N0510_R055_T13SGT_20240310T232252
2025-10-27 00:00:38,873 consumer #1 [DEBUG] Read B02 at native 10m
2025-10-27 00:00:39,345 consumer #1 [DEBUG] Read B03 at native 10m
2025-10-27 00:00:39,869 consumer #1 [DEBUG] Read B04 at native 10m
2025-10-27 00:00:40,407 consumer #1 [DEBUG] Resampled B8A from 20m to 10m
2025-10-27 00:00:40,918 consumer #1 [DEBUG] Resampled B11 from 20m to 10m
2025-10-27 00:00:41,446 consumer #1 [DEBUG] Resampled B12 from 20m to 10m
2025-10-27 00:01:02,914 consumer #1 [INFO] Created 6-band GeoTIFF: TX_early_season_2024/2024-03-10/S2A_MSIL2A_20240310T173131_N0510_R055_T13SGT_20240310T232252.tif
2025-10-27 00:01:02,940 consumer #1 [INFO] Successfully processed 'S2A_MSIL2A_20240310T173131_N0510_R055_T13SGT_20240310T232252' -> TX_early_season_2024/2024-03-10/S2A_MSIL2A_20240310T173131_N0510_R055_T13SGT_20240310T232252.tif
2025-10-27 00:01:02,940 consumer #1 [INFO] Processing feature: S2B_MSIL2A_20240404T172859_N0510_R055_T13SFT_20240405T003335 (Tile code: T13SFT)
2025-10-27 00:01:02,941 consumer #1 [INFO] Downloading 'S2B_MSIL2A_20240404T172859_N0510_R055_T13SFT_20240405T003335' (Tile: T13SFT)
2025-10-27 00:02:32,711 MainThread [INFO] Checking thread statuses...
2025-10-27 00:03:01,300 consumer #2 [INFO] Processing ZIP to 6-band for 'S2B_MSIL2A_20240911T172859_N0511_R055_T13SGU_20240911T214609' (Tile: T13SGU)
2025-10-27 00:03:01,300 consumer #2 [DEBUG] Processing TX_late_season_2024/2024-09-11/S2B_MSIL2A_20240911T172859_N0511_R055_T13SGU_20240911T214609.SAFE.zip into TX_late_season_2024/2024-09-11/S2B_MSIL2A_20240911T172859_N0511_R055_T13SGU_20240911T214609.tif
2025-10-27 00:03:01,301 consumer #2 [DEBUG] Extracting S2B_MSIL2A_20240911T172859_N0511_R055_T13SGU_20240911T214609 to temporary directory: TX_late_season_2024/2024-09-11/extract_S2B_MSIL2A_20240911T172859_N0511_R055_T13SGU_20240911T214609_z_ftqnub
2025-10-27 00:03:02,315 consumer #2 [DEBUG] Found 1 .SAFE directories: ['S2B_MSIL2A_20240911T172859_N0511_R055_T13SGU_20240911T214609.SAFE']
2025-10-27 00:03:02,316 consumer #2 [DEBUG] Found all 6 bands for S2B_MSIL2A_20240911T172859_N0511_R055_T13SGU_20240911T214609
2025-10-27 00:03:02,862 consumer #2 [DEBUG] Read B02 at native 10m
2025-10-27 00:03:03,364 consumer #2 [DEBUG] Read B03 at native 10m
2025-10-27 00:03:03,886 consumer #2 [DEBUG] Read B04 at native 10m
2025-10-27 00:03:04,480 consumer #2 [DEBUG] Resampled B8A from 20m to 10m
2025-10-27 00:03:05,016 consumer #2 [DEBUG] Resampled B11 from 20m to 10m
2025-10-27 00:03:05,556 consumer #2 [DEBUG] Resampled B12 from 20m to 10m
2025-10-27 00:03:15,728 consumer #1 [INFO] Processing ZIP to 6-band for 'S2B_MSIL2A_20240912T183919_N0511_R070_T11SKA_20240913T001358' (Tile: T11SKA)
2025-10-27 00:03:15,729 consumer #1 [DEBUG] Processing CA_late_season_2024/2024-09-12/S2B_MSIL2A_20240912T183919_N0511_R070_T11SKA_20240913T001358.SAFE.zip into CA_late_season_2024/2024-09-12/S2B_MSIL2A_20240912T183919_N0511_R070_T11SKA_20240913T001358.tif
2025-10-27 00:03:15,729 consumer #1 [DEBUG] Extracting S2B_MSIL2A_20240912T183919_N0511_R070_T11SKA_20240913T001358 to temporary directory: CA_late_season_2024/2024-09-12/extract_S2B_MSIL2A_20240912T183919_N0511_R070_T11SKA_20240913T001358_x87oc7mb
2025-10-27 00:03:17,335 consumer #1 [DEBUG] Found 1 .SAFE directories: ['S2B_MSIL2A_20240912T183919_N0511_R070_T11SKA_20240913T001358.SAFE']
2025-10-27 00:03:17,336 consumer #1 [DEBUG] Found all 6 bands for S2B_MSIL2A_20240912T183919_N0511_R070_T11SKA_20240913T001358
2025-10-27 00:03:17,930 consumer #1 [DEBUG] Read B02 at native 10m
2025-10-27 00:03:18,475 consumer #1 [DEBUG] Read B03 at native 10m
2025-10-27 00:03:18,975 consumer #1 [DEBUG] Read B04 at native 10m
2025-10-27 00:03:19,524 consumer #1 [DEBUG] Resampled B8A from 20m to 10m
2025-10-27 00:03:20,060 consumer #1 [DEBUG] Resampled B11 from 20m to 10m
2025-10-27 00:03:20,590 consumer #1 [DEBUG] Resampled B12 from 20m to 10m
2025-10-27 00:03:27,685 MainThread [INFO] Checking thread statuses...
2025-10-27 00:03:27,688 MainThread [INFO] Checking thread statuses...
2025-10-27 00:03:28,730 consumer #2 [INFO] Created 6-band GeoTIFF: TX_late_season_2024/2024-09-11/S2B_MSIL2A_20240911T172859_N0511_R055_T13SGU_20240911T214609.tif
2025-10-27 00:03:28,745 consumer #2 [INFO] Successfully processed 'S2B_MSIL2A_20240911T172859_N0511_R055_T13SGU_20240911T214609' -> TX_late_season_2024/2024-09-11/S2B_MSIL2A_20240911T172859_N0511_R055_T13SGU_20240911T214609.tif
2025-10-27 00:03:28,747 consumer #2 [INFO] Processing feature: S2A_MSIL2A_20240916T172951_N0511_R055_T13SGU_20240917T005553 (Tile code: T13SGU)
2025-10-27 00:03:28,748 consumer #2 [INFO] Downloading 'S2A_MSIL2A_20240916T172951_N0511_R055_T13SGU_20240917T005553' (Tile: T13SGU)
2025-10-27 00:03:42,877 consumer #1 [INFO] Created 6-band GeoTIFF: CA_late_season_2024/2024-09-12/S2B_MSIL2A_20240912T183919_N0511_R070_T11SKA_20240913T001358.tif
2025-10-27 00:03:42,896 consumer #1 [INFO] Successfully processed 'S2B_MSIL2A_20240912T183919_N0511_R070_T11SKA_20240913T001358' -> CA_late_season_2024/2024-09-12/S2B_MSIL2A_20240912T183919_N0511_R070_T11SKA_20240913T001358.tif
2025-10-27 00:03:42,898 consumer #1 [INFO] Processing feature: S2A_MSIL2A_20240927T184141_N0511_R070_T11SKA_20240928T001951 (Tile code: T11SKA)
2025-10-27 00:03:42,898 consumer #1 [INFO] Downloading 'S2A_MSIL2A_20240927T184141_N0511_R070_T11SKA_20240928T001951' (Tile: T11SKA)
2025-10-27 00:04:19,759 consumer #0 [INFO] Processing ZIP to 6-band for 'S2B_MSIL2A_20240613T172859_N0510_R055_T13SFT_20240613T212437' (Tile: T13SFT)
2025-10-27 00:04:19,759 consumer #0 [DEBUG] Processing TX_mid_season_2024/2024-06-13/S2B_MSIL2A_20240613T172859_N0510_R055_T13SFT_20240613T212437.SAFE.zip into TX_mid_season_2024/2024-06-13/S2B_MSIL2A_20240613T172859_N0510_R055_T13SFT_20240613T212437.tif
2025-10-27 00:04:19,760 consumer #0 [DEBUG] Extracting S2B_MSIL2A_20240613T172859_N0510_R055_T13SFT_20240613T212437 to temporary directory: TX_mid_season_2024/2024-06-13/extract_S2B_MSIL2A_20240613T172859_N0510_R055_T13SFT_20240613T212437_l58ax4xq
2025-10-27 00:04:20,882 consumer #0 [DEBUG] Found 1 .SAFE directories: ['S2B_MSIL2A_20240613T172859_N0510_R055_T13SFT_20240613T212437.SAFE']
2025-10-27 00:04:20,882 consumer #0 [DEBUG] Found all 6 bands for S2B_MSIL2A_20240613T172859_N0510_R055_T13SFT_20240613T212437
2025-10-27 00:04:21,382 consumer #0 [DEBUG] Read B02 at native 10m
2025-10-27 00:04:21,901 consumer #0 [DEBUG] Read B03 at native 10m
2025-10-27 00:04:22,377 consumer #0 [DEBUG] Read B04 at native 10m
2025-10-27 00:04:22,968 consumer #0 [DEBUG] Resampled B8A from 20m to 10m
2025-10-27 00:04:23,496 consumer #0 [DEBUG] Resampled B11 from 20m to 10m
2025-10-27 00:04:24,031 consumer #0 [DEBUG] Resampled B12 from 20m to 10m
2025-10-27 00:04:35,258 consumer #0 [INFO] Processing ZIP to 6-band for 'S2A_MSIL2A_20240709T183921_N0510_R070_T10SGF_20240710T002450' (Tile: T10SGF)
2025-10-27 00:04:35,258 consumer #0 [DEBUG] Processing CA_mid_season_2024/2024-07-09/S2A_MSIL2A_20240709T183921_N0510_R070_T10SGF_20240710T002450.SAFE.zip into CA_mid_season_2024/2024-07-09/S2A_MSIL2A_20240709T183921_N0510_R070_T10SGF_20240710T002450.tif
2025-10-27 00:04:35,259 consumer #0 [DEBUG] Extracting S2A_MSIL2A_20240709T183921_N0510_R070_T10SGF_20240710T002450 to temporary directory: CA_mid_season_2024/2024-07-09/extract_S2A_MSIL2A_20240709T183921_N0510_R070_T10SGF_20240710T002450_v50madef
2025-10-27 00:04:36,555 consumer #0 [DEBUG] Found 1 .SAFE directories: ['S2A_MSIL2A_20240709T183921_N0510_R070_T10SGF_20240710T002450.SAFE']
2025-10-27 00:04:36,556 consumer #0 [DEBUG] Found all 6 bands for S2A_MSIL2A_20240709T183921_N0510_R070_T10SGF_20240710T002450
2025-10-27 00:04:37,101 consumer #0 [DEBUG] Read B02 at native 10m
2025-10-27 00:04:37,725 consumer #0 [DEBUG] Read B03 at native 10m
2025-10-27 00:04:38,272 consumer #0 [DEBUG] Read B04 at native 10m
2025-10-27 00:04:38,822 consumer #0 [DEBUG] Resampled B8A from 20m to 10m
2025-10-27 00:04:39,380 consumer #0 [DEBUG] Resampled B11 from 20m to 10m
2025-10-27 00:04:39,430 consumer #3 [INFO] Processing ZIP to 6-band for 'S2B_MSIL2A_20240922T184009_N0511_R070_T10SGF_20240922T225505' (Tile: T10SGF)
2025-10-27 00:04:39,430 consumer #3 [DEBUG] Processing CA_late_season_2024/2024-09-22/S2B_MSIL2A_20240922T184009_N0511_R070_T10SGF_20240922T225505.SAFE.zip into CA_late_season_2024/2024-09-22/S2B_MSIL2A_20240922T184009_N0511_R070_T10SGF_20240922T225505.tif
2025-10-27 00:04:39,430 consumer #3 [DEBUG] Extracting S2B_MSIL2A_20240922T184009_N0511_R070_T10SGF_20240922T225505 to temporary directory: CA_late_season_2024/2024-09-22/extract_S2B_MSIL2A_20240922T184009_N0511_R070_T10SGF_20240922T225505_hy7_jt9m
2025-10-27 00:04:39,955 consumer #0 [DEBUG] Resampled B12 from 20m to 10m
2025-10-27 00:04:40,912 consumer #3 [DEBUG] Found 1 .SAFE directories: ['S2B_MSIL2A_20240922T184009_N0511_R070_T10SGF_20240922T225505.SAFE']
2025-10-27 00:04:40,913 consumer #3 [DEBUG] Found all 6 bands for S2B_MSIL2A_20240922T184009_N0511_R070_T10SGF_20240922T225505
2025-10-27 00:04:41,443 consumer #3 [DEBUG] Read B02 at native 10m
2025-10-27 00:04:41,923 consumer #3 [DEBUG] Read B03 at native 10m
2025-10-27 00:04:42,505 consumer #3 [DEBUG] Read B04 at native 10m
2025-10-27 00:04:43,080 consumer #3 [DEBUG] Resampled B8A from 20m to 10m
2025-10-27 00:04:43,664 consumer #3 [DEBUG] Resampled B11 from 20m to 10m
2025-10-27 00:04:44,211 consumer #3 [DEBUG] Resampled B12 from 20m to 10m
2025-10-27 00:04:48,268 consumer #0 [INFO] Created 6-band GeoTIFF: TX_mid_season_2024/2024-06-13/S2B_MSIL2A_20240613T172859_N0510_R055_T13SFT_20240613T212437.tif
2025-10-27 00:04:48,293 consumer #0 [INFO] Successfully processed 'S2B_MSIL2A_20240613T172859_N0510_R055_T13SFT_20240613T212437' -> TX_mid_season_2024/2024-06-13/S2B_MSIL2A_20240613T172859_N0510_R055_T13SFT_20240613T212437.tif
2025-10-27 00:04:48,295 consumer #0 [INFO] Processing feature: S2B_MSIL2A_20240613T172859_N0510_R055_T13SGT_20240613T212437 (Tile code: T13SGT)
2025-10-27 00:04:48,295 consumer #0 [INFO] Downloading 'S2B_MSIL2A_20240613T172859_N0510_R055_T13SGT_20240613T212437' (Tile: T13SGT)
2025-10-27 00:05:03,087 consumer #0 [INFO] Created 6-band GeoTIFF: CA_mid_season_2024/2024-07-09/S2A_MSIL2A_20240709T183921_N0510_R070_T10SGF_20240710T002450.tif
2025-10-27 00:05:03,115 consumer #0 [INFO] Successfully processed 'S2A_MSIL2A_20240709T183921_N0510_R070_T10SGF_20240710T002450' -> CA_mid_season_2024/2024-07-09/S2A_MSIL2A_20240709T183921_N0510_R070_T10SGF_20240710T002450.tif
2025-10-27 00:05:03,116 consumer #0 [INFO] Processing feature: S2A_MSIL2A_20240719T183921_N0510_R070_T11SKA_20240720T004450 (Tile code: T11SKA)
2025-10-27 00:05:03,116 consumer #0 [INFO] Downloading 'S2A_MSIL2A_20240719T183921_N0510_R070_T11SKA_20240720T004450' (Tile: T11SKA)
2025-10-27 00:05:07,395 consumer #3 [INFO] Created 6-band GeoTIFF: CA_late_season_2024/2024-09-22/S2B_MSIL2A_20240922T184009_N0511_R070_T10SGF_20240922T225505.tif
2025-10-27 00:05:07,413 consumer #3 [INFO] Successfully processed 'S2B_MSIL2A_20240922T184009_N0511_R070_T10SGF_20240922T225505' -> CA_late_season_2024/2024-09-22/S2B_MSIL2A_20240922T184009_N0511_R070_T10SGF_20240922T225505.tif
2025-10-27 00:05:07,413 consumer #3 [INFO] Processing feature: S2A_MSIL2A_20240927T184141_N0511_R070_T10SGF_20240928T001951 (Tile code: T10SGF)
2025-10-27 00:05:07,414 consumer #3 [INFO] Downloading 'S2A_MSIL2A_20240927T184141_N0511_R070_T10SGF_20240928T001951' (Tile: T10SGF)
2025-10-27 00:05:21,279 consumer #0 [INFO] Processing ZIP to 6-band for 'S2A_MSIL2A_20240430T183921_N0510_R070_T10SGF_20240501T002051' (Tile: T10SGF)
2025-10-27 00:05:21,279 consumer #0 [DEBUG] Processing CA_early_season_2024/2024-04-30/S2A_MSIL2A_20240430T183921_N0510_R070_T10SGF_20240501T002051.SAFE.zip into CA_early_season_2024/2024-04-30/S2A_MSIL2A_20240430T183921_N0510_R070_T10SGF_20240501T002051.tif
2025-10-27 00:05:21,280 consumer #0 [DEBUG] Extracting S2A_MSIL2A_20240430T183921_N0510_R070_T10SGF_20240501T002051 to temporary directory: CA_early_season_2024/2024-04-30/extract_S2A_MSIL2A_20240430T183921_N0510_R070_T10SGF_20240501T002051_r6zorlp9
2025-10-27 00:05:22,288 consumer #0 [DEBUG] Found 1 .SAFE directories: ['S2A_MSIL2A_20240430T183921_N0510_R070_T10SGF_20240501T002051.SAFE']
2025-10-27 00:05:22,288 consumer #0 [DEBUG] Found all 6 bands for S2A_MSIL2A_20240430T183921_N0510_R070_T10SGF_20240501T002051
2025-10-27 00:05:22,769 consumer #0 [DEBUG] Read B02 at native 10m
2025-10-27 00:05:23,275 consumer #0 [DEBUG] Read B03 at native 10m
2025-10-27 00:05:23,702 consumer #0 [DEBUG] Read B04 at native 10m
2025-10-27 00:05:24,233 consumer #0 [DEBUG] Resampled B8A from 20m to 10m
2025-10-27 00:05:24,776 consumer #0 [DEBUG] Resampled B11 from 20m to 10m
2025-10-27 00:05:25,313 consumer #0 [DEBUG] Resampled B12 from 20m to 10m
2025-10-27 00:05:42,877 MainThread [INFO] Checking thread statuses...
2025-10-27 00:05:46,490 consumer #0 [INFO] Created 6-band GeoTIFF: CA_early_season_2024/2024-04-30/S2A_MSIL2A_20240430T183921_N0510_R070_T10SGF_20240501T002051.tif
2025-10-27 00:05:46,504 consumer #0 [INFO] Successfully processed 'S2A_MSIL2A_20240430T183921_N0510_R070_T10SGF_20240501T002051' -> CA_early_season_2024/2024-04-30/S2A_MSIL2A_20240430T183921_N0510_R070_T10SGF_20240501T002051.tif
2025-10-27 00:05:46,505 consumer #0 [INFO] Processing feature: S2A_MSIL2A_20240520T183921_N0510_R070_T10SGF_20240521T011353 (Tile code: T10SGF)
2025-10-27 00:05:46,505 consumer #0 [INFO] Downloading 'S2A_MSIL2A_20240520T183921_N0510_R070_T10SGF_20240521T011353' (Tile: T10SGF)
2025-10-27 00:05:51,036 MainThread [INFO] Checking thread statuses...
2025-10-27 00:05:55,902 MainThread [INFO] Checking thread statuses...
2025-10-27 00:06:40,372 consumer #3 [INFO] Processing ZIP to 6-band for 'S2B_MSIL2A_20240714T183919_N0510_R070_T10SGF_20240714T213402' (Tile: T10SGF)
2025-10-27 00:06:40,373 consumer #3 [DEBUG] Processing CA_mid_season_2024/2024-07-14/S2B_MSIL2A_20240714T183919_N0510_R070_T10SGF_20240714T213402.SAFE.zip into CA_mid_season_2024/2024-07-14/S2B_MSIL2A_20240714T183919_N0510_R070_T10SGF_20240714T213402.tif
2025-10-27 00:06:40,374 consumer #3 [DEBUG] Extracting S2B_MSIL2A_20240714T183919_N0510_R070_T10SGF_20240714T213402 to temporary directory: CA_mid_season_2024/2024-07-14/extract_S2B_MSIL2A_20240714T183919_N0510_R070_T10SGF_20240714T213402_2j_zw4kh
2025-10-27 00:06:41,457 consumer #3 [DEBUG] Found 1 .SAFE directories: ['S2B_MSIL2A_20240714T183919_N0510_R070_T10SGF_20240714T213402.SAFE']
2025-10-27 00:06:41,457 consumer #3 [DEBUG] Found all 6 bands for S2B_MSIL2A_20240714T183919_N0510_R070_T10SGF_20240714T213402
2025-10-27 00:06:41,920 consumer #3 [DEBUG] Read B02 at native 10m
2025-10-27 00:06:42,446 consumer #3 [DEBUG] Read B03 at native 10m
2025-10-27 00:06:42,902 consumer #3 [DEBUG] Read B04 at native 10m
2025-10-27 00:06:43,430 consumer #3 [DEBUG] Resampled B8A from 20m to 10m
2025-10-27 00:06:43,955 consumer #3 [DEBUG] Resampled B11 from 20m to 10m
2025-10-27 00:06:44,496 consumer #3 [DEBUG] Resampled B12 from 20m to 10m
2025-10-27 00:07:07,074 consumer #3 [INFO] Created 6-band GeoTIFF: CA_mid_season_2024/2024-07-14/S2B_MSIL2A_20240714T183919_N0510_R070_T10SGF_20240714T213402.tif
2025-10-27 00:07:07,091 consumer #3 [INFO] Successfully processed 'S2B_MSIL2A_20240714T183919_N0510_R070_T10SGF_20240714T213402' -> CA_mid_season_2024/2024-07-14/S2B_MSIL2A_20240714T183919_N0510_R070_T10SGF_20240714T213402.tif
2025-10-27 00:07:07,092 consumer #3 [INFO] Processing feature: S2A_MSIL2A_20240729T183921_N0511_R070_T10SGF_20240730T023050 (Tile code: T10SGF)
2025-10-27 00:07:07,092 consumer #3 [INFO] Downloading 'S2A_MSIL2A_20240729T183921_N0511_R070_T10SGF_20240730T023050' (Tile: T10SGF)
2025-10-27 00:07:36,805 consumer #0 [INFO] Processing ZIP to 6-band for 'S2A_MSIL2A_20240917T184031_N0511_R070_T11SKA_20240918T005327' (Tile: T11SKA)
2025-10-27 00:07:36,805 consumer #0 [DEBUG] Processing CA_late_season_2024/2024-09-17/S2A_MSIL2A_20240917T184031_N0511_R070_T11SKA_20240918T005327.SAFE.zip into CA_late_season_2024/2024-09-17/S2A_MSIL2A_20240917T184031_N0511_R070_T11SKA_20240918T005327.tif
2025-10-27 00:07:36,805 consumer #0 [DEBUG] Extracting S2A_MSIL2A_20240917T184031_N0511_R070_T11SKA_20240918T005327 to temporary directory: CA_late_season_2024/2024-09-17/extract_S2A_MSIL2A_20240917T184031_N0511_R070_T11SKA_20240918T005327_t6b1qt9h
2025-10-27 00:07:37,850 consumer #0 [DEBUG] Found 1 .SAFE directories: ['S2A_MSIL2A_20240917T184031_N0511_R070_T11SKA_20240918T005327.SAFE']
2025-10-27 00:07:37,850 consumer #0 [DEBUG] Found all 6 bands for S2A_MSIL2A_20240917T184031_N0511_R070_T11SKA_20240918T005327
2025-10-27 00:07:38,406 consumer #0 [DEBUG] Read B02 at native 10m
2025-10-27 00:07:38,870 consumer #0 [DEBUG] Read B03 at native 10m
2025-10-27 00:07:39,342 consumer #0 [DEBUG] Read B04 at native 10m
2025-10-27 00:07:40,005 consumer #0 [DEBUG] Resampled B8A from 20m to 10m
2025-10-27 00:07:40,061 consumer #1 [INFO] Processing ZIP to 6-band for 'S2B_MSIL2A_20240911T172859_N0511_R055_T13SFU_20240911T214609' (Tile: T13SFU)
2025-10-27 00:07:40,062 consumer #1 [DEBUG] Processing TX_late_season_2024/2024-09-11/S2B_MSIL2A_20240911T172859_N0511_R055_T13SFU_20240911T214609.SAFE.zip into TX_late_season_2024/2024-09-11/S2B_MSIL2A_20240911T172859_N0511_R055_T13SFU_20240911T214609.tif
2025-10-27 00:07:40,063 consumer #1 [DEBUG] Extracting S2B_MSIL2A_20240911T172859_N0511_R055_T13SFU_20240911T214609 to temporary directory: TX_late_season_2024/2024-09-11/extract_S2B_MSIL2A_20240911T172859_N0511_R055_T13SFU_20240911T214609_cj8oxbey
2025-10-27 00:07:40,601 consumer #0 [DEBUG] Resampled B11 from 20m to 10m
2025-10-27 00:07:41,122 consumer #0 [DEBUG] Resampled B12 from 20m to 10m
2025-10-27 00:07:41,180 consumer #1 [DEBUG] Found 1 .SAFE directories: ['S2B_MSIL2A_20240911T172859_N0511_R055_T13SFU_20240911T214609.SAFE']
2025-10-27 00:07:41,181 consumer #1 [DEBUG] Found all 6 bands for S2B_MSIL2A_20240911T172859_N0511_R055_T13SFU_20240911T214609
2025-10-27 00:07:41,674 consumer #1 [DEBUG] Read B02 at native 10m
2025-10-27 00:07:42,145 consumer #1 [DEBUG] Read B03 at native 10m
2025-10-27 00:07:42,610 consumer #1 [DEBUG] Read B04 at native 10m
2025-10-27 00:07:43,171 consumer #1 [DEBUG] Resampled B8A from 20m to 10m
2025-10-27 00:07:43,697 consumer #1 [DEBUG] Resampled B11 from 20m to 10m
2025-10-27 00:07:44,233 consumer #1 [DEBUG] Resampled B12 from 20m to 10m
2025-10-27 00:08:04,867 consumer #0 [INFO] Created 6-band GeoTIFF: CA_late_season_2024/2024-09-17/S2A_MSIL2A_20240917T184031_N0511_R070_T11SKA_20240918T005327.tif
2025-10-27 00:08:04,889 consumer #0 [INFO] Successfully processed 'S2A_MSIL2A_20240917T184031_N0511_R070_T11SKA_20240918T005327' -> CA_late_season_2024/2024-09-17/S2A_MSIL2A_20240917T184031_N0511_R070_T11SKA_20240918T005327.tif
2025-10-27 00:08:04,890 consumer #0 [INFO] Processing feature: S2A_MSIL2A_20240927T184141_N0511_R070_T11SKA_20240928T001552 (Tile code: T11SKA)
2025-10-27 00:08:04,890 consumer #0 [INFO] Downloading 'S2A_MSIL2A_20240927T184141_N0511_R070_T11SKA_20240928T001552' (Tile: T11SKA)
2025-10-27 00:08:07,044 consumer #1 [INFO] Created 6-band GeoTIFF: TX_late_season_2024/2024-09-11/S2B_MSIL2A_20240911T172859_N0511_R055_T13SFU_20240911T214609.tif
2025-10-27 00:08:07,060 consumer #1 [INFO] Successfully processed 'S2B_MSIL2A_20240911T172859_N0511_R055_T13SFU_20240911T214609' -> TX_late_season_2024/2024-09-11/S2B_MSIL2A_20240911T172859_N0511_R055_T13SFU_20240911T214609.tif
2025-10-27 00:08:07,061 consumer #1 [INFO] Processing feature: S2A_MSIL2A_20240916T172951_N0511_R055_T13SGT_20240917T005553 (Tile code: T13SGT)
2025-10-27 00:08:07,062 consumer #1 [INFO] Downloading 'S2A_MSIL2A_20240916T172951_N0511_R055_T13SGT_20240917T005553' (Tile: T13SGT)
2025-10-27 00:08:27,117 consumer #2 [INFO] Processing ZIP to 6-band for 'S2B_MSIL2A_20240613T172859_N0510_R055_T13SFU_20240613T212437' (Tile: T13SFU)
2025-10-27 00:08:27,117 consumer #2 [DEBUG] Processing TX_mid_season_2024/2024-06-13/S2B_MSIL2A_20240613T172859_N0510_R055_T13SFU_20240613T212437.SAFE.zip into TX_mid_season_2024/2024-06-13/S2B_MSIL2A_20240613T172859_N0510_R055_T13SFU_20240613T212437.tif
2025-10-27 00:08:27,118 consumer #2 [DEBUG] Extracting S2B_MSIL2A_20240613T172859_N0510_R055_T13SFU_20240613T212437 to temporary directory: TX_mid_season_2024/2024-06-13/extract_S2B_MSIL2A_20240613T172859_N0510_R055_T13SFU_20240613T212437_mfi9rkw4
2025-10-27 00:08:28,327 consumer #2 [DEBUG] Found 1 .SAFE directories: ['S2B_MSIL2A_20240613T172859_N0510_R055_T13SFU_20240613T212437.SAFE']
2025-10-27 00:08:28,328 consumer #2 [DEBUG] Found all 6 bands for S2B_MSIL2A_20240613T172859_N0510_R055_T13SFU_20240613T212437
2025-10-27 00:08:28,801 consumer #2 [DEBUG] Read B02 at native 10m
2025-10-27 00:08:29,279 consumer #2 [DEBUG] Read B03 at native 10m
2025-10-27 00:08:29,752 consumer #2 [DEBUG] Read B04 at native 10m
2025-10-27 00:08:30,310 consumer #2 [DEBUG] Resampled B8A from 20m to 10m
2025-10-27 00:08:30,844 consumer #2 [DEBUG] Resampled B11 from 20m to 10m
2025-10-27 00:08:31,380 consumer #2 [DEBUG] Resampled B12 from 20m to 10m
2025-10-27 00:08:54,454 consumer #2 [INFO] Created 6-band GeoTIFF: TX_mid_season_2024/2024-06-13/S2B_MSIL2A_20240613T172859_N0510_R055_T13SFU_20240613T212437.tif
2025-10-27 00:08:54,472 consumer #2 [INFO] Successfully processed 'S2B_MSIL2A_20240613T172859_N0510_R055_T13SFU_20240613T212437' -> TX_mid_season_2024/2024-06-13/S2B_MSIL2A_20240613T172859_N0510_R055_T13SFU_20240613T212437.tif
2025-10-27 00:08:54,472 consumer #2 [INFO] Processing feature: S2B_MSIL2A_20240613T172859_N0510_R055_T13SGU_20240613T212437 (Tile code: T13SGU)
2025-10-27 00:08:54,473 consumer #2 [INFO] Downloading 'S2B_MSIL2A_20240613T172859_N0510_R055_T13SGU_20240613T212437' (Tile: T13SGU)
2025-10-27 00:08:56,124 consumer #1 [INFO] Processing ZIP to 6-band for 'S2A_MSIL2A_20240719T183921_N0510_R070_T10SGF_20240720T004450' (Tile: T10SGF)
2025-10-27 00:08:56,125 consumer #1 [DEBUG] Processing CA_mid_season_2024/2024-07-19/S2A_MSIL2A_20240719T183921_N0510_R070_T10SGF_20240720T004450.SAFE.zip into CA_mid_season_2024/2024-07-19/S2A_MSIL2A_20240719T183921_N0510_R070_T10SGF_20240720T004450.tif
2025-10-27 00:08:56,125 consumer #1 [DEBUG] Extracting S2A_MSIL2A_20240719T183921_N0510_R070_T10SGF_20240720T004450 to temporary directory: CA_mid_season_2024/2024-07-19/extract_S2A_MSIL2A_20240719T183921_N0510_R070_T10SGF_20240720T004450_rosugrfv
2025-10-27 00:08:57,250 consumer #1 [DEBUG] Found 1 .SAFE directories: ['S2A_MSIL2A_20240719T183921_N0510_R070_T10SGF_20240720T004450.SAFE']
2025-10-27 00:08:57,250 consumer #1 [DEBUG] Found all 6 bands for S2A_MSIL2A_20240719T183921_N0510_R070_T10SGF_20240720T004450
2025-10-27 00:08:57,747 consumer #1 [DEBUG] Read B02 at native 10m
2025-10-27 00:08:58,223 consumer #1 [DEBUG] Read B03 at native 10m
2025-10-27 00:08:58,734 consumer #1 [DEBUG] Read B04 at native 10m
2025-10-27 00:08:59,297 consumer #1 [DEBUG] Resampled B8A from 20m to 10m
2025-10-27 00:08:59,841 consumer #1 [DEBUG] Resampled B11 from 20m to 10m
2025-10-27 00:09:00,380 consumer #1 [DEBUG] Resampled B12 from 20m to 10m
2025-10-27 00:09:00,391 consumer #2 [INFO] Processing ZIP to 6-band for 'S2A_MSIL2A_20240629T183921_N0510_R070_T10SGF_20240630T013100' (Tile: T10SGF)
2025-10-27 00:09:00,391 consumer #2 [DEBUG] Processing CA_mid_season_2024/2024-06-29/S2A_MSIL2A_20240629T183921_N0510_R070_T10SGF_20240630T013100.SAFE.zip into CA_mid_season_2024/2024-06-29/S2A_MSIL2A_20240629T183921_N0510_R070_T10SGF_20240630T013100.tif
2025-10-27 00:09:00,392 consumer #2 [DEBUG] Extracting S2A_MSIL2A_20240629T183921_N0510_R070_T10SGF_20240630T013100 to temporary directory: CA_mid_season_2024/2024-06-29/extract_S2A_MSIL2A_20240629T183921_N0510_R070_T10SGF_20240630T013100_eq2quw58
2025-10-27 00:09:23,548 consumer #1 [INFO] Created 6-band GeoTIFF: CA_mid_season_2024/2024-07-19/S2A_MSIL2A_20240719T183921_N0510_R070_T10SGF_20240720T004450.tif
2025-10-27 00:09:23,572 consumer #1 [INFO] Successfully processed 'S2A_MSIL2A_20240719T183921_N0510_R070_T10SGF_20240720T004450' -> CA_mid_season_2024/2024-07-19/S2A_MSIL2A_20240719T183921_N0510_R070_T10SGF_20240720T004450.tif
2025-10-27 00:09:23,572 consumer #1 [INFO] Processing feature: S2A_MSIL2A_20240729T183921_N0511_R070_T11SKA_20240730T023050 (Tile code: T11SKA)
2025-10-27 00:09:23,573 consumer #1 [INFO] Downloading 'S2A_MSIL2A_20240729T183921_N0511_R070_T11SKA_20240730T023050' (Tile: T11SKA)
2025-10-27 00:09:24,061 consumer #2 [DEBUG] Found 1 .SAFE directories: ['S2A_MSIL2A_20240629T183921_N0510_R070_T10SGF_20240630T013100.SAFE']
2025-10-27 00:09:24,061 consumer #2 [DEBUG] Found all 6 bands for S2A_MSIL2A_20240629T183921_N0510_R070_T10SGF_20240630T013100
2025-10-27 00:09:24,566 consumer #2 [DEBUG] Read B02 at native 10m
2025-10-27 00:09:25,032 consumer #2 [DEBUG] Read B03 at native 10m
2025-10-27 00:09:25,561 consumer #2 [DEBUG] Read B04 at native 10m
2025-10-27 00:09:26,108 consumer #2 [DEBUG] Resampled B8A from 20m to 10m
2025-10-27 00:09:26,657 consumer #2 [DEBUG] Resampled B11 from 20m to 10m
2025-10-27 00:09:27,210 consumer #2 [DEBUG] Resampled B12 from 20m to 10m
2025-10-27 00:09:27,569 consumer #3 [INFO] Processing ZIP to 6-band for 'S2A_MSIL2A_20240906T172901_N0511_R055_T13SFT_20240907T001649' (Tile: T13SFT)
2025-10-27 00:09:27,570 consumer #3 [DEBUG] Processing TX_late_season_2024/2024-09-06/S2A_MSIL2A_20240906T172901_N0511_R055_T13SFT_20240907T001649.SAFE.zip into TX_late_season_2024/2024-09-06/S2A_MSIL2A_20240906T172901_N0511_R055_T13SFT_20240907T001649.tif
2025-10-27 00:09:27,570 consumer #3 [DEBUG] Extracting S2A_MSIL2A_20240906T172901_N0511_R055_T13SFT_20240907T001649 to temporary directory: TX_late_season_2024/2024-09-06/extract_S2A_MSIL2A_20240906T172901_N0511_R055_T13SFT_20240907T001649_jp6r5ac2
2025-10-27 00:09:28,726 consumer #3 [DEBUG] Found 1 .SAFE directories: ['S2A_MSIL2A_20240906T172901_N0511_R055_T13SFT_20240907T001649.SAFE']
2025-10-27 00:09:28,727 consumer #3 [DEBUG] Found all 6 bands for S2A_MSIL2A_20240906T172901_N0511_R055_T13SFT_20240907T001649
2025-10-27 00:09:29,226 consumer #3 [DEBUG] Read B02 at native 10m
2025-10-27 00:09:29,698 consumer #3 [DEBUG] Read B03 at native 10m
2025-10-27 00:09:30,173 consumer #3 [DEBUG] Read B04 at native 10m
2025-10-27 00:09:30,685 consumer #3 [DEBUG] Resampled B8A from 20m to 10m
2025-10-27 00:09:31,218 consumer #3 [DEBUG] Resampled B11 from 20m to 10m
2025-10-27 00:09:31,777 consumer #3 [DEBUG] Resampled B12 from 20m to 10m
2025-10-27 00:09:33,635 consumer #3 [INFO] Processing ZIP to 6-band for 'S2B_MSIL2A_20240603T172859_N0510_R055_T13SGT_20240603T214532' (Tile: T13SGT)
2025-10-27 00:09:33,636 consumer #3 [DEBUG] Processing TX_mid_season_2024/2024-06-03/S2B_MSIL2A_20240603T172859_N0510_R055_T13SGT_20240603T214532.SAFE.zip into TX_mid_season_2024/2024-06-03/S2B_MSIL2A_20240603T172859_N0510_R055_T13SGT_20240603T214532.tif
2025-10-27 00:09:33,636 consumer #3 [DEBUG] Extracting S2B_MSIL2A_20240603T172859_N0510_R055_T13SGT_20240603T214532 to temporary directory: TX_mid_season_2024/2024-06-03/extract_S2B_MSIL2A_20240603T172859_N0510_R055_T13SGT_20240603T214532_h1dz5asj
2025-10-27 00:09:34,758 consumer #3 [DEBUG] Found 1 .SAFE directories: ['S2B_MSIL2A_20240603T172859_N0510_R055_T13SGT_20240603T214532.SAFE']
2025-10-27 00:09:34,758 consumer #3 [DEBUG] Found all 6 bands for S2B_MSIL2A_20240603T172859_N0510_R055_T13SGT_20240603T214532
2025-10-27 00:09:35,255 consumer #3 [DEBUG] Read B02 at native 10m
2025-10-27 00:09:35,757 consumer #3 [DEBUG] Read B03 at native 10m
2025-10-27 00:09:36,247 consumer #3 [DEBUG] Read B04 at native 10m
2025-10-27 00:09:36,907 consumer #3 [DEBUG] Resampled B8A from 20m to 10m
2025-10-27 00:09:37,573 consumer #3 [DEBUG] Resampled B11 from 20m to 10m
2025-10-27 00:09:38,240 consumer #3 [DEBUG] Resampled B12 from 20m to 10m
2025-10-27 00:09:52,768 consumer #2 [INFO] Created 6-band GeoTIFF: CA_mid_season_2024/2024-06-29/S2A_MSIL2A_20240629T183921_N0510_R070_T10SGF_20240630T013100.tif
2025-10-27 00:09:52,785 consumer #2 [INFO] Successfully processed 'S2A_MSIL2A_20240629T183921_N0510_R070_T10SGF_20240630T013100' -> CA_mid_season_2024/2024-06-29/S2A_MSIL2A_20240629T183921_N0510_R070_T10SGF_20240630T013100.tif
2025-10-27 00:09:52,785 consumer #2 [INFO] Processing feature: S2A_MSIL2A_20240808T183921_N0511_R070_T10SGF_20240809T012502 (Tile code: T10SGF)
2025-10-27 00:09:52,785 consumer #2 [INFO] Downloading 'S2A_MSIL2A_20240808T183921_N0511_R070_T10SGF_20240809T012502' (Tile: T10SGF)
2025-10-27 00:09:56,805 consumer #3 [INFO] Created 6-band GeoTIFF: TX_late_season_2024/2024-09-06/S2A_MSIL2A_20240906T172901_N0511_R055_T13SFT_20240907T001649.tif
2025-10-27 00:09:56,825 consumer #3 [INFO] Successfully processed 'S2A_MSIL2A_20240906T172901_N0511_R055_T13SFT_20240907T001649' -> TX_late_season_2024/2024-09-06/S2A_MSIL2A_20240906T172901_N0511_R055_T13SFT_20240907T001649.tif
2025-10-27 00:09:56,827 consumer #3 [INFO] Processing feature: S2A_MSIL2A_20240916T172951_N0511_R055_T13SFU_20240917T005553 (Tile code: T13SFU)
2025-10-27 00:09:56,827 consumer #3 [INFO] Downloading 'S2A_MSIL2A_20240916T172951_N0511_R055_T13SFU_20240917T005553' (Tile: T13SFU)
2025-10-27 00:10:02,305 consumer #3 [INFO] Created 6-band GeoTIFF: TX_mid_season_2024/2024-06-03/S2B_MSIL2A_20240603T172859_N0510_R055_T13SGT_20240603T214532.tif
2025-10-27 00:10:02,322 consumer #3 [INFO] Successfully processed 'S2B_MSIL2A_20240603T172859_N0510_R055_T13SGT_20240603T214532' -> TX_mid_season_2024/2024-06-03/S2B_MSIL2A_20240603T172859_N0510_R055_T13SGT_20240603T214532.tif
2025-10-27 00:10:02,323 consumer #3 [INFO] Processing feature: S2A_MSIL2A_20240618T172901_N0510_R055_T13SFU_20240619T004800 (Tile code: T13SFU)
2025-10-27 00:10:02,324 consumer #3 [INFO] Downloading 'S2A_MSIL2A_20240618T172901_N0510_R055_T13SFU_20240619T004800' (Tile: T13SFU)
2025-10-27 00:10:24,017 consumer #0 [INFO] Processing ZIP to 6-band for 'S2B_MSIL2A_20240911T172859_N0511_R055_T13SFT_20240911T214609' (Tile: T13SFT)
2025-10-27 00:10:24,018 consumer #0 [DEBUG] Processing TX_late_season_2024/2024-09-11/S2B_MSIL2A_20240911T172859_N0511_R055_T13SFT_20240911T214609.SAFE.zip into TX_late_season_2024/2024-09-11/S2B_MSIL2A_20240911T172859_N0511_R055_T13SFT_20240911T214609.tif
2025-10-27 00:10:24,018 consumer #0 [DEBUG] Extracting S2B_MSIL2A_20240911T172859_N0511_R055_T13SFT_20240911T214609 to temporary directory: TX_late_season_2024/2024-09-11/extract_S2B_MSIL2A_20240911T172859_N0511_R055_T13SFT_20240911T214609_h9iely7j
2025-10-27 00:10:25,124 consumer #0 [DEBUG] Found 1 .SAFE directories: ['S2B_MSIL2A_20240911T172859_N0511_R055_T13SFT_20240911T214609.SAFE']
2025-10-27 00:10:25,124 consumer #0 [DEBUG] Found all 6 bands for S2B_MSIL2A_20240911T172859_N0511_R055_T13SFT_20240911T214609
2025-10-27 00:10:25,588 consumer #0 [DEBUG] Read B02 at native 10m
2025-10-27 00:10:26,053 consumer #0 [DEBUG] Read B03 at native 10m
2025-10-27 00:10:26,567 consumer #0 [DEBUG] Read B04 at native 10m
2025-10-27 00:10:27,082 consumer #0 [DEBUG] Resampled B8A from 20m to 10m
2025-10-27 00:10:27,607 consumer #0 [DEBUG] Resampled B11 from 20m to 10m
2025-10-27 00:10:28,044 consumer #3 [INFO] Processing ZIP to 6-band for 'S2B_MSIL2A_20240305T173109_N0510_R055_T13SGU_20240305T220011' (Tile: T13SGU)
2025-10-27 00:10:28,046 consumer #3 [DEBUG] Processing TX_early_season_2024/2024-03-05/S2B_MSIL2A_20240305T173109_N0510_R055_T13SGU_20240305T220011.SAFE.zip into TX_early_season_2024/2024-03-05/S2B_MSIL2A_20240305T173109_N0510_R055_T13SGU_20240305T220011.tif
2025-10-27 00:10:28,046 consumer #3 [DEBUG] Extracting S2B_MSIL2A_20240305T173109_N0510_R055_T13SGU_20240305T220011 to temporary directory: TX_early_season_2024/2024-03-05/extract_S2B_MSIL2A_20240305T173109_N0510_R055_T13SGU_20240305T220011_3wey4k_g
2025-10-27 00:10:28,140 consumer #0 [DEBUG] Resampled B12 from 20m to 10m
2025-10-27 00:10:29,040 consumer #3 [DEBUG] Found 1 .SAFE directories: ['S2B_MSIL2A_20240305T173109_N0510_R055_T13SGU_20240305T220011.SAFE']
2025-10-27 00:10:29,040 consumer #3 [DEBUG] Found all 6 bands for S2B_MSIL2A_20240305T173109_N0510_R055_T13SGU_20240305T220011
2025-10-27 00:10:29,517 consumer #3 [DEBUG] Read B02 at native 10m
2025-10-27 00:10:29,966 consumer #3 [DEBUG] Read B03 at native 10m
2025-10-27 00:10:30,420 consumer #3 [DEBUG] Read B04 at native 10m
2025-10-27 00:10:30,948 consumer #3 [DEBUG] Resampled B8A from 20m to 10m
2025-10-27 00:10:31,495 consumer #3 [DEBUG] Resampled B11 from 20m to 10m
2025-10-27 00:10:32,032 consumer #3 [DEBUG] Resampled B12 from 20m to 10m
2025-10-27 00:10:34,747 consumer #2 [INFO] Processing ZIP to 6-band for 'S2A_MSIL2A_20240520T183921_N0510_R070_T11SKA_20240521T011353' (Tile: T11SKA)
2025-10-27 00:10:34,748 consumer #2 [DEBUG] Processing CA_early_season_2024/2024-05-20/S2A_MSIL2A_20240520T183921_N0510_R070_T11SKA_20240521T011353.SAFE.zip into CA_early_season_2024/2024-05-20/S2A_MSIL2A_20240520T183921_N0510_R070_T11SKA_20240521T011353.tif
2025-10-27 00:10:34,749 consumer #2 [DEBUG] Extracting S2A_MSIL2A_20240520T183921_N0510_R070_T11SKA_20240521T011353 to temporary directory: CA_early_season_2024/2024-05-20/extract_S2A_MSIL2A_20240520T183921_N0510_R070_T11SKA_20240521T011353_qvvbz2i4
2025-10-27 00:10:35,888 consumer #2 [DEBUG] Found 1 .SAFE directories: ['S2A_MSIL2A_20240520T183921_N0510_R070_T11SKA_20240521T011353.SAFE']
2025-10-27 00:10:35,888 consumer #2 [DEBUG] Found all 6 bands for S2A_MSIL2A_20240520T183921_N0510_R070_T11SKA_20240521T011353
2025-10-27 00:10:36,392 consumer #2 [DEBUG] Read B02 at native 10m
2025-10-27 00:10:36,913 consumer #2 [DEBUG] Read B03 at native 10m
2025-10-27 00:10:37,416 consumer #2 [DEBUG] Read B04 at native 10m
2025-10-27 00:10:37,941 consumer #2 [DEBUG] Resampled B8A from 20m to 10m
2025-10-27 00:10:38,468 consumer #2 [DEBUG] Resampled B11 from 20m to 10m
2025-10-27 00:10:38,999 consumer #2 [DEBUG] Resampled B12 from 20m to 10m
2025-10-27 00:10:50,999 MainThread [INFO] Checking thread statuses...
2025-10-27 00:10:51,000 consumer #0 [INFO] Created 6-band GeoTIFF: TX_late_season_2024/2024-09-11/S2B_MSIL2A_20240911T172859_N0511_R055_T13SFT_20240911T214609.tif
2025-10-27 00:10:51,016 consumer #0 [INFO] Successfully processed 'S2B_MSIL2A_20240911T172859_N0511_R055_T13SFT_20240911T214609' -> TX_late_season_2024/2024-09-11/S2B_MSIL2A_20240911T172859_N0511_R055_T13SFT_20240911T214609.tif
2025-10-27 00:10:51,016 consumer #0 [INFO] Processing feature: S2A_MSIL2A_20240916T172951_N0511_R055_T13SFT_20240917T005553 (Tile code: T13SFT)
2025-10-27 00:10:51,016 consumer #0 [INFO] Downloading 'S2A_MSIL2A_20240916T172951_N0511_R055_T13SFT_20240917T005553' (Tile: T13SFT)
2025-10-27 00:10:55,493 consumer #3 [INFO] Created 6-band GeoTIFF: TX_early_season_2024/2024-03-05/S2B_MSIL2A_20240305T173109_N0510_R055_T13SGU_20240305T220011.tif
2025-10-27 00:10:55,507 consumer #3 [INFO] Successfully processed 'S2B_MSIL2A_20240305T173109_N0510_R055_T13SGU_20240305T220011' -> TX_early_season_2024/2024-03-05/S2B_MSIL2A_20240305T173109_N0510_R055_T13SGU_20240305T220011.tif
2025-10-27 00:10:55,509 consumer #3 [INFO] Processing feature: S2B_MSIL2A_20240404T172859_N0510_R055_T13SFU_20240405T003335 (Tile code: T13SFU)
2025-10-27 00:10:55,510 consumer #3 [INFO] Downloading 'S2B_MSIL2A_20240404T172859_N0510_R055_T13SFU_20240405T003335' (Tile: T13SFU)
2025-10-27 00:11:00,372 consumer #2 [INFO] Created 6-band GeoTIFF: CA_early_season_2024/2024-05-20/S2A_MSIL2A_20240520T183921_N0510_R070_T11SKA_20240521T011353.tif
2025-10-27 00:11:00,393 consumer #2 [INFO] Successfully processed 'S2A_MSIL2A_20240520T183921_N0510_R070_T11SKA_20240521T011353' -> CA_early_season_2024/2024-05-20/S2A_MSIL2A_20240520T183921_N0510_R070_T11SKA_20240521T011353.tif
2025-10-27 00:11:00,394 consumer #2 [INFO] Processing feature: S2B_MSIL2A_20240525T183919_N0510_R070_T10SGF_20240525T220718 (Tile code: T10SGF)
2025-10-27 00:11:00,394 consumer #2 [INFO] Downloading 'S2B_MSIL2A_20240525T183919_N0510_R070_T10SGF_20240525T220718' (Tile: T10SGF)
2025-10-27 00:11:25,276 consumer #3 [INFO] Processing ZIP to 6-band for 'S2A_MSIL2A_20240510T183921_N0510_R070_T10SGF_20240511T002949' (Tile: T10SGF)
2025-10-27 00:11:25,277 consumer #3 [DEBUG] Processing CA_early_season_2024/2024-05-10/S2A_MSIL2A_20240510T183921_N0510_R070_T10SGF_20240511T002949.SAFE.zip into CA_early_season_2024/2024-05-10/S2A_MSIL2A_20240510T183921_N0510_R070_T10SGF_20240511T002949.tif
2025-10-27 00:11:25,277 consumer #3 [DEBUG] Extracting S2A_MSIL2A_20240510T183921_N0510_R070_T10SGF_20240511T002949 to temporary directory: CA_early_season_2024/2024-05-10/extract_S2A_MSIL2A_20240510T183921_N0510_R070_T10SGF_20240511T002949_9ivcaht5
2025-10-27 00:11:26,239 consumer #3 [DEBUG] Found 1 .SAFE directories: ['S2A_MSIL2A_20240510T183921_N0510_R070_T10SGF_20240511T002949.SAFE']
2025-10-27 00:11:26,239 consumer #3 [DEBUG] Found all 6 bands for S2A_MSIL2A_20240510T183921_N0510_R070_T10SGF_20240511T002949
2025-10-27 00:11:26,749 consumer #3 [DEBUG] Read B02 at native 10m
2025-10-27 00:11:27,181 consumer #3 [DEBUG] Read B03 at native 10m
2025-10-27 00:11:27,618 consumer #3 [DEBUG] Read B04 at native 10m
2025-10-27 00:11:27,687 MainThread [INFO] Checking thread statuses...
2025-10-27 00:11:27,689 MainThread [INFO] Checking thread statuses...
2025-10-27 00:11:28,149 consumer #3 [DEBUG] Resampled B8A from 20m to 10m
2025-10-27 00:11:28,679 consumer #3 [DEBUG] Resampled B11 from 20m to 10m
2025-10-27 00:11:29,207 consumer #3 [DEBUG] Resampled B12 from 20m to 10m
2025-10-27 00:11:30,224 consumer #3 [INFO] Processing ZIP to 6-band for 'S2A_MSIL2A_20240618T172901_N0510_R055_T13SFU_20240619T004800' (Tile: T13SFU)
2025-10-27 00:11:30,225 consumer #3 [DEBUG] Processing TX_mid_season_2024/2024-06-18/S2A_MSIL2A_20240618T172901_N0510_R055_T13SFU_20240619T004800.SAFE.zip into TX_mid_season_2024/2024-06-18/S2A_MSIL2A_20240618T172901_N0510_R055_T13SFU_20240619T004800.tif
2025-10-27 00:11:30,226 consumer #3 [DEBUG] Extracting S2A_MSIL2A_20240618T172901_N0510_R055_T13SFU_20240619T004800 to temporary directory: TX_mid_season_2024/2024-06-18/extract_S2A_MSIL2A_20240618T172901_N0510_R055_T13SFU_20240619T004800_cq039oe7
2025-10-27 00:11:31,416 consumer #3 [DEBUG] Found 1 .SAFE directories: ['S2A_MSIL2A_20240618T172901_N0510_R055_T13SFU_20240619T004800.SAFE']
2025-10-27 00:11:31,417 consumer #3 [DEBUG] Found all 6 bands for S2A_MSIL2A_20240618T172901_N0510_R055_T13SFU_20240619T004800
2025-10-27 00:11:31,968 consumer #3 [DEBUG] Read B02 at native 10m
2025-10-27 00:11:32,437 consumer #3 [DEBUG] Read B03 at native 10m
2025-10-27 00:11:33,010 consumer #3 [DEBUG] Read B04 at native 10m
2025-10-27 00:11:33,532 consumer #3 [DEBUG] Resampled B8A from 20m to 10m
2025-10-27 00:11:34,053 consumer #3 [DEBUG] Resampled B11 from 20m to 10m
2025-10-27 00:11:34,579 consumer #3 [DEBUG] Resampled B12 from 20m to 10m
2025-10-27 00:11:50,740 consumer #3 [INFO] Created 6-band GeoTIFF: CA_early_season_2024/2024-05-10/S2A_MSIL2A_20240510T183921_N0510_R070_T10SGF_20240511T002949.tif
2025-10-27 00:11:50,756 consumer #3 [INFO] Successfully processed 'S2A_MSIL2A_20240510T183921_N0510_R070_T10SGF_20240511T002949' -> CA_early_season_2024/2024-05-10/S2A_MSIL2A_20240510T183921_N0510_R070_T10SGF_20240511T002949.tif
2025-10-27 00:11:50,757 consumer #3 [INFO] Processing feature: S2B_MSIL2A_20240525T183919_N0510_R070_T11SKA_20240525T220718 (Tile code: T11SKA)
2025-10-27 00:11:50,757 consumer #3 [INFO] Downloading 'S2B_MSIL2A_20240525T183919_N0510_R070_T11SKA_20240525T220718' (Tile: T11SKA)
2025-10-27 00:11:55,484 consumer #3 [INFO] Created 6-band GeoTIFF: TX_mid_season_2024/2024-06-18/S2A_MSIL2A_20240618T172901_N0510_R055_T13SFU_20240619T004800.tif
2025-10-27 00:11:55,501 consumer #3 [INFO] Successfully processed 'S2A_MSIL2A_20240618T172901_N0510_R055_T13SFU_20240619T004800' -> TX_mid_season_2024/2024-06-18/S2A_MSIL2A_20240618T172901_N0510_R055_T13SFU_20240619T004800.tif
2025-10-27 00:11:55,502 consumer #3 [INFO] Processing feature: S2A_MSIL2A_20240618T172901_N0510_R055_T13SGU_20240619T004800 (Tile code: T13SGU)
2025-10-27 00:11:55,502 consumer #3 [INFO] Downloading 'S2A_MSIL2A_20240618T172901_N0510_R055_T13SGU_20240619T004800' (Tile: T13SGU)
2025-10-27 00:12:50,993 consumer #0 [INFO] Processing ZIP to 6-band for 'S2B_MSIL2A_20240613T172859_N0510_R055_T13SGT_20240613T212437' (Tile: T13SGT)
2025-10-27 00:12:50,994 consumer #0 [DEBUG] Processing TX_mid_season_2024/2024-06-13/S2B_MSIL2A_20240613T172859_N0510_R055_T13SGT_20240613T212437.SAFE.zip into TX_mid_season_2024/2024-06-13/S2B_MSIL2A_20240613T172859_N0510_R055_T13SGT_20240613T212437.tif
2025-10-27 00:12:50,994 consumer #0 [DEBUG] Extracting S2B_MSIL2A_20240613T172859_N0510_R055_T13SGT_20240613T212437 to temporary directory: TX_mid_season_2024/2024-06-13/extract_S2B_MSIL2A_20240613T172859_N0510_R055_T13SGT_20240613T212437_fsxaafks
2025-10-27 00:12:52,014 consumer #0 [DEBUG] Found 1 .SAFE directories: ['S2B_MSIL2A_20240613T172859_N0510_R055_T13SGT_20240613T212437.SAFE']
2025-10-27 00:12:52,014 consumer #0 [DEBUG] Found all 6 bands for S2B_MSIL2A_20240613T172859_N0510_R055_T13SGT_20240613T212437
2025-10-27 00:12:52,503 consumer #0 [DEBUG] Read B02 at native 10m
2025-10-27 00:12:52,960 consumer #0 [DEBUG] Read B03 at native 10m
2025-10-27 00:12:53,445 consumer #0 [DEBUG] Read B04 at native 10m
2025-10-27 00:12:53,991 consumer #0 [DEBUG] Resampled B8A from 20m to 10m
2025-10-27 00:12:54,534 consumer #0 [DEBUG] Resampled B11 from 20m to 10m
2025-10-27 00:12:55,063 consumer #0 [DEBUG] Resampled B12 from 20m to 10m
2025-10-27 00:13:16,353 consumer #0 [INFO] Created 6-band GeoTIFF: TX_mid_season_2024/2024-06-13/S2B_MSIL2A_20240613T172859_N0510_R055_T13SGT_20240613T212437.tif
2025-10-27 00:13:16,377 consumer #0 [INFO] Successfully processed 'S2B_MSIL2A_20240613T172859_N0510_R055_T13SGT_20240613T212437' -> TX_mid_season_2024/2024-06-13/S2B_MSIL2A_20240613T172859_N0510_R055_T13SGT_20240613T212437.tif
2025-10-27 00:13:16,378 consumer #0 [INFO] Processing feature: S2A_MSIL2A_20240618T172901_N0510_R055_T13SFT_20240619T004800 (Tile code: T13SFT)
2025-10-27 00:13:16,378 consumer #0 [INFO] Downloading 'S2A_MSIL2A_20240618T172901_N0510_R055_T13SFT_20240619T004800' (Tile: T13SFT)
2025-10-27 00:13:52,767 MainThread [INFO] Checking thread statuses...
2025-10-27 00:13:55,904 MainThread [INFO] Checking thread statuses...
2025-10-27 00:14:04,866 MainThread [INFO] Checking thread statuses...
2025-10-27 00:14:11,929 consumer #3 [INFO] Processing ZIP to 6-band for 'S2A_MSIL2A_20240729T183921_N0511_R070_T10SGF_20240730T023050' (Tile: T10SGF)
2025-10-27 00:14:11,929 consumer #3 [DEBUG] Processing CA_mid_season_2024/2024-07-29/S2A_MSIL2A_20240729T183921_N0511_R070_T10SGF_20240730T023050.SAFE.zip into CA_mid_season_2024/2024-07-29/S2A_MSIL2A_20240729T183921_N0511_R070_T10SGF_20240730T023050.tif
2025-10-27 00:14:11,930 consumer #3 [DEBUG] Extracting S2A_MSIL2A_20240729T183921_N0511_R070_T10SGF_20240730T023050 to temporary directory: CA_mid_season_2024/2024-07-29/extract_S2A_MSIL2A_20240729T183921_N0511_R070_T10SGF_20240730T023050_y6us7siq
2025-10-27 00:14:13,006 consumer #3 [DEBUG] Found 1 .SAFE directories: ['S2A_MSIL2A_20240729T183921_N0511_R070_T10SGF_20240730T023050.SAFE']
2025-10-27 00:14:13,007 consumer #3 [DEBUG] Found all 6 bands for S2A_MSIL2A_20240729T183921_N0511_R070_T10SGF_20240730T023050
2025-10-27 00:14:13,492 consumer #3 [DEBUG] Read B02 at native 10m
2025-10-27 00:14:13,957 consumer #3 [DEBUG] Read B03 at native 10m
2025-10-27 00:14:14,451 consumer #3 [DEBUG] Read B04 at native 10m
2025-10-27 00:14:14,994 consumer #3 [DEBUG] Resampled B8A from 20m to 10m
2025-10-27 00:14:15,554 consumer #3 [DEBUG] Resampled B11 from 20m to 10m
2025-10-27 00:14:16,086 consumer #3 [DEBUG] Resampled B12 from 20m to 10m
2025-10-27 00:14:38,710 consumer #3 [INFO] Created 6-band GeoTIFF: CA_mid_season_2024/2024-07-29/S2A_MSIL2A_20240729T183921_N0511_R070_T10SGF_20240730T023050.tif
2025-10-27 00:14:38,733 consumer #3 [INFO] Successfully processed 'S2A_MSIL2A_20240729T183921_N0511_R070_T10SGF_20240730T023050' -> CA_mid_season_2024/2024-07-29/S2A_MSIL2A_20240729T183921_N0511_R070_T10SGF_20240730T023050.tif
2025-10-27 00:14:38,734 consumer #3 [INFO] Processing feature: S2A_MSIL2A_20240808T183921_N0511_R070_T11SKA_20240809T012502 (Tile code: T11SKA)
2025-10-27 00:14:38,734 consumer #3 [INFO] Downloading 'S2A_MSIL2A_20240808T183921_N0511_R070_T11SKA_20240809T012502' (Tile: T11SKA)
2025-10-27 00:15:25,459 consumer #0 [INFO] Processing ZIP to 6-band for 'S2A_MSIL2A_20240310T173131_N0510_R055_T13SGU_20240310T232252' (Tile: T13SGU)
2025-10-27 00:15:25,459 consumer #0 [DEBUG] Processing TX_early_season_2024/2024-03-10/S2A_MSIL2A_20240310T173131_N0510_R055_T13SGU_20240310T232252.SAFE.zip into TX_early_season_2024/2024-03-10/S2A_MSIL2A_20240310T173131_N0510_R055_T13SGU_20240310T232252.tif
2025-10-27 00:15:25,459 consumer #0 [DEBUG] Extracting S2A_MSIL2A_20240310T173131_N0510_R055_T13SGU_20240310T232252 to temporary directory: TX_early_season_2024/2024-03-10/extract_S2A_MSIL2A_20240310T173131_N0510_R055_T13SGU_20240310T232252_kur4wztr
2025-10-27 00:15:26,418 consumer #0 [DEBUG] Found 1 .SAFE directories: ['S2A_MSIL2A_20240310T173131_N0510_R055_T13SGU_20240310T232252.SAFE']
2025-10-27 00:15:26,418 consumer #0 [DEBUG] Found all 6 bands for S2A_MSIL2A_20240310T173131_N0510_R055_T13SGU_20240310T232252
2025-10-27 00:15:26,903 consumer #0 [DEBUG] Read B02 at native 10m
2025-10-27 00:15:27,370 consumer #0 [DEBUG] Read B03 at native 10m
2025-10-27 00:15:27,858 consumer #0 [DEBUG] Read B04 at native 10m
2025-10-27 00:15:28,386 consumer #0 [DEBUG] Resampled B8A from 20m to 10m
2025-10-27 00:15:28,940 consumer #0 [DEBUG] Resampled B11 from 20m to 10m
2025-10-27 00:15:29,467 consumer #0 [DEBUG] Resampled B12 from 20m to 10m
2025-10-27 00:15:33,051 consumer #0 [INFO] Processing ZIP to 6-band for 'S2A_MSIL2A_20240916T172951_N0511_R055_T13SFT_20240917T005553' (Tile: T13SFT)
2025-10-27 00:15:33,051 consumer #0 [DEBUG] Processing TX_late_season_2024/2024-09-16/S2A_MSIL2A_20240916T172951_N0511_R055_T13SFT_20240917T005553.SAFE.zip into TX_late_season_2024/2024-09-16/S2A_MSIL2A_20240916T172951_N0511_R055_T13SFT_20240917T005553.tif
2025-10-27 00:15:33,052 consumer #0 [DEBUG] Extracting S2A_MSIL2A_20240916T172951_N0511_R055_T13SFT_20240917T005553 to temporary directory: TX_late_season_2024/2024-09-16/extract_S2A_MSIL2A_20240916T172951_N0511_R055_T13SFT_20240917T005553_2y7kqdgb
2025-10-27 00:15:34,038 consumer #0 [DEBUG] Found 1 .SAFE directories: ['S2A_MSIL2A_20240916T172951_N0511_R055_T13SFT_20240917T005553.SAFE']
2025-10-27 00:15:34,039 consumer #0 [DEBUG] Found all 6 bands for S2A_MSIL2A_20240916T172951_N0511_R055_T13SFT_20240917T005553
2025-10-27 00:15:34,518 consumer #0 [DEBUG] Read B02 at native 10m
2025-10-27 00:15:34,972 consumer #0 [DEBUG] Read B03 at native 10m
2025-10-27 00:15:35,464 consumer #0 [DEBUG] Read B04 at native 10m
2025-10-27 00:15:35,991 consumer #0 [DEBUG] Resampled B8A from 20m to 10m
2025-10-27 00:15:36,529 consumer #0 [DEBUG] Resampled B11 from 20m to 10m
2025-10-27 00:15:37,081 consumer #0 [DEBUG] Resampled B12 from 20m to 10m
2025-10-27 00:15:52,160 consumer #0 [INFO] Created 6-band GeoTIFF: TX_early_season_2024/2024-03-10/S2A_MSIL2A_20240310T173131_N0510_R055_T13SGU_20240310T232252.tif
2025-10-27 00:15:52,180 consumer #0 [INFO] Successfully processed 'S2A_MSIL2A_20240310T173131_N0510_R055_T13SGU_20240310T232252' -> TX_early_season_2024/2024-03-10/S2A_MSIL2A_20240310T173131_N0510_R055_T13SGU_20240310T232252.tif
2025-10-27 00:15:52,182 consumer #0 [INFO] Processing feature: S2B_MSIL2A_20240404T172859_N0510_R055_T13SGT_20240405T003335 (Tile code: T13SGT)
2025-10-27 00:15:52,182 consumer #0 [INFO] Downloading 'S2B_MSIL2A_20240404T172859_N0510_R055_T13SGT_20240405T003335' (Tile: T13SGT)
2025-10-27 00:15:57,787 consumer #0 [INFO] Created 6-band GeoTIFF: TX_late_season_2024/2024-09-16/S2A_MSIL2A_20240916T172951_N0511_R055_T13SFT_20240917T005553.tif
2025-10-27 00:15:57,801 consumer #0 [INFO] Successfully processed 'S2A_MSIL2A_20240916T172951_N0511_R055_T13SFT_20240917T005553' -> TX_late_season_2024/2024-09-16/S2A_MSIL2A_20240916T172951_N0511_R055_T13SFT_20240917T005553.tif
2025-10-27 00:15:57,802 consumer #0 [INFO] Processing feature: S2A_MSIL2A_20240926T173101_N0511_R055_T13SFU_20240927T003707 (Tile code: T13SFU)
2025-10-27 00:15:57,802 consumer #0 [INFO] Downloading 'S2A_MSIL2A_20240926T173101_N0511_R055_T13SFU_20240927T003707' (Tile: T13SFU)
2025-10-27 00:17:48,275 consumer #1 [INFO] Processing ZIP to 6-band for 'S2A_MSIL2A_20240510T183921_N0510_R070_T11SKA_20240511T002949' (Tile: T11SKA)
2025-10-27 00:17:48,276 consumer #1 [DEBUG] Processing CA_early_season_2024/2024-05-10/S2A_MSIL2A_20240510T183921_N0510_R070_T11SKA_20240511T002949.SAFE.zip into CA_early_season_2024/2024-05-10/S2A_MSIL2A_20240510T183921_N0510_R070_T11SKA_20240511T002949.tif
2025-10-27 00:17:48,276 consumer #1 [DEBUG] Extracting S2A_MSIL2A_20240510T183921_N0510_R070_T11SKA_20240511T002949 to temporary directory: CA_early_season_2024/2024-05-10/extract_S2A_MSIL2A_20240510T183921_N0510_R070_T11SKA_20240511T002949_9bbp9o5l
2025-10-27 00:17:49,276 consumer #1 [DEBUG] Found 1 .SAFE directories: ['S2A_MSIL2A_20240510T183921_N0510_R070_T11SKA_20240511T002949.SAFE']
2025-10-27 00:17:49,276 consumer #1 [DEBUG] Found all 6 bands for S2A_MSIL2A_20240510T183921_N0510_R070_T11SKA_20240511T002949
2025-10-27 00:17:49,788 consumer #1 [DEBUG] Read B02 at native 10m
2025-10-27 00:17:50,263 consumer #1 [DEBUG] Read B03 at native 10m
2025-10-27 00:17:50,764 consumer #1 [DEBUG] Read B04 at native 10m
2025-10-27 00:17:51,292 consumer #1 [DEBUG] Resampled B8A from 20m to 10m
2025-10-27 00:17:51,813 consumer #1 [DEBUG] Resampled B11 from 20m to 10m
2025-10-27 00:17:52,329 consumer #1 [DEBUG] Resampled B12 from 20m to 10m
2025-10-27 00:18:13,390 consumer #1 [INFO] Created 6-band GeoTIFF: CA_early_season_2024/2024-05-10/S2A_MSIL2A_20240510T183921_N0510_R070_T11SKA_20240511T002949.tif
2025-10-27 00:18:13,406 consumer #1 [INFO] Successfully processed 'S2A_MSIL2A_20240510T183921_N0510_R070_T11SKA_20240511T002949' -> CA_early_season_2024/2024-05-10/S2A_MSIL2A_20240510T183921_N0510_R070_T11SKA_20240511T002949.tif
2025-10-27 00:18:13,407 consumer #1 [INFO] Processing feature: S2A_MSIL2A_20240530T183921_N0510_R070_T11SKA_20240531T012300 (Tile code: T11SKA)
2025-10-27 00:18:13,408 consumer #1 [INFO] Downloading 'S2A_MSIL2A_20240530T183921_N0510_R070_T11SKA_20240531T012300' (Tile: T11SKA)
2025-10-27 00:18:49,525 consumer #1 [INFO] Processing ZIP to 6-band for 'S2A_MSIL2A_20240916T172951_N0511_R055_T13SGT_20240917T005553' (Tile: T13SGT)
2025-10-27 00:18:49,525 consumer #1 [DEBUG] Processing TX_late_season_2024/2024-09-16/S2A_MSIL2A_20240916T172951_N0511_R055_T13SGT_20240917T005553.SAFE.zip into TX_late_season_2024/2024-09-16/S2A_MSIL2A_20240916T172951_N0511_R055_T13SGT_20240917T005553.tif
2025-10-27 00:18:49,525 consumer #1 [DEBUG] Extracting S2A_MSIL2A_20240916T172951_N0511_R055_T13SGT_20240917T005553 to temporary directory: TX_late_season_2024/2024-09-16/extract_S2A_MSIL2A_20240916T172951_N0511_R055_T13SGT_20240917T005553_l37hymqe
2025-10-27 00:18:50,543 consumer #1 [DEBUG] Found 1 .SAFE directories: ['S2A_MSIL2A_20240916T172951_N0511_R055_T13SGT_20240917T005553.SAFE']
2025-10-27 00:18:50,544 consumer #1 [DEBUG] Found all 6 bands for S2A_MSIL2A_20240916T172951_N0511_R055_T13SGT_20240917T005553
2025-10-27 00:18:51,001 MainThread [INFO] Checking thread statuses...
2025-10-27 00:18:51,022 consumer #1 [DEBUG] Read B02 at native 10m
2025-10-27 00:18:51,487 consumer #1 [DEBUG] Read B03 at native 10m
2025-10-27 00:18:51,964 consumer #1 [DEBUG] Read B04 at native 10m
2025-10-27 00:18:52,517 consumer #1 [DEBUG] Resampled B8A from 20m to 10m
2025-10-27 00:18:53,070 consumer #1 [DEBUG] Resampled B11 from 20m to 10m
2025-10-27 00:18:53,599 consumer #1 [DEBUG] Resampled B12 from 20m to 10m
2025-10-27 00:18:56,391 consumer #0 [INFO] Processing ZIP to 6-band for 'S2A_MSIL2A_20240927T184141_N0511_R070_T11SKA_20240928T001552' (Tile: T11SKA)
2025-10-27 00:18:56,391 consumer #0 [DEBUG] Processing CA_late_season_2024/2024-09-27/S2A_MSIL2A_20240927T184141_N0511_R070_T11SKA_20240928T001552.SAFE.zip into CA_late_season_2024/2024-09-27/S2A_MSIL2A_20240927T184141_N0511_R070_T11SKA_20240928T001552.tif
2025-10-27 00:18:56,391 consumer #0 [DEBUG] Extracting S2A_MSIL2A_20240927T184141_N0511_R070_T11SKA_20240928T001552 to temporary directory: CA_late_season_2024/2024-09-27/extract_S2A_MSIL2A_20240927T184141_N0511_R070_T11SKA_20240928T001552_014dqo89
2025-10-27 00:18:57,164 consumer #0 [DEBUG] Found 1 .SAFE directories: ['S2A_MSIL2A_20240927T184141_N0511_R070_T11SKA_20240928T001552.SAFE']
2025-10-27 00:18:57,165 consumer #0 [DEBUG] Found all 6 bands for S2A_MSIL2A_20240927T184141_N0511_R070_T11SKA_20240928T001552
2025-10-27 00:18:57,557 consumer #0 [DEBUG] Read B02 at native 10m
2025-10-27 00:18:57,960 consumer #0 [DEBUG] Read B03 at native 10m
2025-10-27 00:18:58,373 consumer #0 [DEBUG] Read B04 at native 10m
2025-10-27 00:18:58,916 consumer #0 [DEBUG] Resampled B8A from 20m to 10m
2025-10-27 00:18:59,417 consumer #0 [DEBUG] Resampled B11 from 20m to 10m
2025-10-27 00:18:59,942 consumer #0 [DEBUG] Resampled B12 from 20m to 10m
2025-10-27 00:19:16,467 consumer #1 [INFO] Created 6-band GeoTIFF: TX_late_season_2024/2024-09-16/S2A_MSIL2A_20240916T172951_N0511_R055_T13SGT_20240917T005553.tif
2025-10-27 00:19:16,483 consumer #1 [INFO] Successfully processed 'S2A_MSIL2A_20240916T172951_N0511_R055_T13SGT_20240917T005553' -> TX_late_season_2024/2024-09-16/S2A_MSIL2A_20240916T172951_N0511_R055_T13SGT_20240917T005553.tif
2025-10-27 00:19:16,484 consumer #1 [INFO] Processing feature: S2A_MSIL2A_20240926T173101_N0511_R055_T13SGU_20240927T003707 (Tile code: T13SGU)
2025-10-27 00:19:16,484 consumer #1 [INFO] Downloading 'S2A_MSIL2A_20240926T173101_N0511_R055_T13SGU_20240927T003707' (Tile: T13SGU)
2025-10-27 00:19:17,465 consumer #0 [INFO] Created 6-band GeoTIFF: CA_late_season_2024/2024-09-27/S2A_MSIL2A_20240927T184141_N0511_R070_T11SKA_20240928T001552.tif
2025-10-27 00:19:17,482 consumer #0 [INFO] Successfully processed 'S2A_MSIL2A_20240927T184141_N0511_R070_T11SKA_20240928T001552' -> CA_late_season_2024/2024-09-27/S2A_MSIL2A_20240927T184141_N0511_R070_T11SKA_20240928T001552.tif
2025-10-27 00:19:17,482 consumer #0 [INFO] Processing feature: S2A_MSIL2A_20240927T184141_N0511_R070_T10SGF_20240928T001552 (Tile code: T10SGF)
2025-10-27 00:19:17,483 consumer #0 [INFO] Downloading 'S2A_MSIL2A_20240927T184141_N0511_R070_T10SGF_20240928T001552' (Tile: T10SGF)
2025-10-27 00:19:27,687 MainThread [INFO] Checking thread statuses...
2025-10-27 00:19:27,690 MainThread [INFO] Checking thread statuses...
2025-10-27 00:20:30,269 consumer #1 [INFO] Processing ZIP to 6-band for 'S2B_MSIL2A_20240404T172859_N0510_R055_T13SFT_20240405T003335' (Tile: T13SFT)
2025-10-27 00:20:30,269 consumer #1 [DEBUG] Processing TX_early_season_2024/2024-04-04/S2B_MSIL2A_20240404T172859_N0510_R055_T13SFT_20240405T003335.SAFE.zip into TX_early_season_2024/2024-04-04/S2B_MSIL2A_20240404T172859_N0510_R055_T13SFT_20240405T003335.tif
2025-10-27 00:20:30,270 consumer #1 [DEBUG] Extracting S2B_MSIL2A_20240404T172859_N0510_R055_T13SFT_20240405T003335 to temporary directory: TX_early_season_2024/2024-04-04/extract_S2B_MSIL2A_20240404T172859_N0510_R055_T13SFT_20240405T003335_nucwkkhq
2025-10-27 00:20:31,316 consumer #1 [DEBUG] Found 1 .SAFE directories: ['S2B_MSIL2A_20240404T172859_N0510_R055_T13SFT_20240405T003335.SAFE']
2025-10-27 00:20:31,316 consumer #1 [DEBUG] Found all 6 bands for S2B_MSIL2A_20240404T172859_N0510_R055_T13SFT_20240405T003335
2025-10-27 00:20:31,795 consumer #1 [DEBUG] Read B02 at native 10m
2025-10-27 00:20:32,251 consumer #1 [DEBUG] Read B03 at native 10m
2025-10-27 00:20:32,554 consumer #0 [INFO] Processing ZIP to 6-band for 'S2A_MSIL2A_20240520T183921_N0510_R070_T10SGF_20240521T011353' (Tile: T10SGF)
2025-10-27 00:20:32,555 consumer #0 [DEBUG] Processing CA_early_season_2024/2024-05-20/S2A_MSIL2A_20240520T183921_N0510_R070_T10SGF_20240521T011353.SAFE.zip into CA_early_season_2024/2024-05-20/S2A_MSIL2A_20240520T183921_N0510_R070_T10SGF_20240521T011353.tif
2025-10-27 00:20:32,555 consumer #0 [DEBUG] Extracting S2A_MSIL2A_20240520T183921_N0510_R070_T10SGF_20240521T011353 to temporary directory: CA_early_season_2024/2024-05-20/extract_S2A_MSIL2A_20240520T183921_N0510_R070_T10SGF_20240521T011353_ex2346wi
2025-10-27 00:20:32,717 consumer #1 [DEBUG] Read B04 at native 10m
2025-10-27 00:20:33,271 consumer #1 [DEBUG] Resampled B8A from 20m to 10m
2025-10-27 00:20:33,727 consumer #1 [INFO] Processing ZIP to 6-band for 'S2A_MSIL2A_20240530T183921_N0510_R070_T11SKA_20240531T012300' (Tile: T11SKA)
2025-10-27 00:20:33,727 consumer #1 [DEBUG] Processing CA_early_season_2024/2024-05-30/S2A_MSIL2A_20240530T183921_N0510_R070_T11SKA_20240531T012300.SAFE.zip into CA_early_season_2024/2024-05-30/S2A_MSIL2A_20240530T183921_N0510_R070_T11SKA_20240531T012300.tif
2025-10-27 00:20:33,728 consumer #1 [DEBUG] Extracting S2A_MSIL2A_20240530T183921_N0510_R070_T11SKA_20240531T012300 to temporary directory: CA_early_season_2024/2024-05-30/extract_S2A_MSIL2A_20240530T183921_N0510_R070_T11SKA_20240531T012300_ag7c_qon
2025-10-27 00:20:33,775 consumer #1 [DEBUG] Resampled B11 from 20m to 10m
2025-10-27 00:20:33,804 consumer #0 [DEBUG] Found 1 .SAFE directories: ['S2A_MSIL2A_20240520T183921_N0510_R070_T10SGF_20240521T011353.SAFE']
2025-10-27 00:20:33,805 consumer #0 [DEBUG] Found all 6 bands for S2A_MSIL2A_20240520T183921_N0510_R070_T10SGF_20240521T011353
2025-10-27 00:20:34,308 consumer #1 [DEBUG] Resampled B12 from 20m to 10m
2025-10-27 00:20:34,341 consumer #0 [DEBUG] Read B02 at native 10m
2025-10-27 00:20:34,870 consumer #0 [DEBUG] Read B03 at native 10m
2025-10-27 00:20:35,332 consumer #1 [DEBUG] Found 1 .SAFE directories: ['S2A_MSIL2A_20240530T183921_N0510_R070_T11SKA_20240531T012300.SAFE']
2025-10-27 00:20:35,332 consumer #1 [DEBUG] Found all 6 bands for S2A_MSIL2A_20240530T183921_N0510_R070_T11SKA_20240531T012300
2025-10-27 00:20:35,359 consumer #0 [DEBUG] Read B04 at native 10m
2025-10-27 00:20:36,071 consumer #1 [DEBUG] Read B02 at native 10m
2025-10-27 00:20:36,336 consumer #0 [DEBUG] Resampled B8A from 20m to 10m
2025-10-27 00:20:36,698 consumer #1 [DEBUG] Read B03 at native 10m
2025-10-27 00:20:37,125 consumer #0 [DEBUG] Resampled B11 from 20m to 10m
2025-10-27 00:20:37,165 consumer #1 [DEBUG] Read B04 at native 10m
2025-10-27 00:20:37,822 consumer #1 [DEBUG] Resampled B8A from 20m to 10m
2025-10-27 00:20:37,911 consumer #0 [DEBUG] Resampled B12 from 20m to 10m
2025-10-27 00:20:38,441 consumer #1 [DEBUG] Resampled B11 from 20m to 10m
2025-10-27 00:20:51,730 consumer #0 [INFO] Processing ZIP to 6-band for 'S2A_MSIL2A_20240719T183921_N0510_R070_T11SKA_20240720T004450' (Tile: T11SKA)
2025-10-27 00:20:51,730 consumer #0 [DEBUG] Processing CA_mid_season_2024/2024-07-19/S2A_MSIL2A_20240719T183921_N0510_R070_T11SKA_20240720T004450.SAFE.zip into CA_mid_season_2024/2024-07-19/S2A_MSIL2A_20240719T183921_N0510_R070_T11SKA_20240720T004450.tif
2025-10-27 00:20:51,732 consumer #0 [DEBUG] Extracting S2A_MSIL2A_20240719T183921_N0510_R070_T11SKA_20240720T004450 to temporary directory: CA_mid_season_2024/2024-07-19/extract_S2A_MSIL2A_20240719T183921_N0510_R070_T11SKA_20240720T004450_7x78wb8w
2025-10-27 00:20:52,830 consumer #0 [DEBUG] Found 1 .SAFE directories: ['S2A_MSIL2A_20240719T183921_N0510_R070_T11SKA_20240720T004450.SAFE']
2025-10-27 00:20:52,831 consumer #0 [DEBUG] Found all 6 bands for S2A_MSIL2A_20240719T183921_N0510_R070_T11SKA_20240720T004450
2025-10-27 00:20:53,420 consumer #0 [DEBUG] Read B02 at native 10m
2025-10-27 00:20:53,895 consumer #0 [DEBUG] Read B03 at native 10m
2025-10-27 00:20:54,388 consumer #0 [DEBUG] Read B04 at native 10m
2025-10-27 00:20:54,927 consumer #0 [DEBUG] Resampled B8A from 20m to 10m
2025-10-27 00:20:55,460 consumer #0 [DEBUG] Resampled B11 from 20m to 10m
2025-10-27 00:20:55,998 consumer #0 [DEBUG] Resampled B12 from 20m to 10m
2025-10-27 00:20:56,779 consumer #1 [INFO] Created 6-band GeoTIFF: TX_early_season_2024/2024-04-04/S2B_MSIL2A_20240404T172859_N0510_R055_T13SFT_20240405T003335.tif
2025-10-27 00:20:56,792 consumer #1 [INFO] Successfully processed 'S2B_MSIL2A_20240404T172859_N0510_R055_T13SFT_20240405T003335' -> TX_early_season_2024/2024-04-04/S2B_MSIL2A_20240404T172859_N0510_R055_T13SFT_20240405T003335.tif
2025-10-27 00:20:56,793 consumer #1 [INFO] Processing feature: S2B_MSIL2A_20240404T172859_N0510_R055_T13SGU_20240405T003335 (Tile code: T13SGU)
2025-10-27 00:20:56,793 consumer #1 [INFO] Downloading 'S2B_MSIL2A_20240404T172859_N0510_R055_T13SGU_20240405T003335' (Tile: T13SGU)
2025-10-27 00:21:18,584 consumer #0 [INFO] Created 6-band GeoTIFF: CA_mid_season_2024/2024-07-19/S2A_MSIL2A_20240719T183921_N0510_R070_T11SKA_20240720T004450.tif
2025-10-27 00:21:18,602 consumer #0 [INFO] Successfully processed 'S2A_MSIL2A_20240719T183921_N0510_R070_T11SKA_20240720T004450' -> CA_mid_season_2024/2024-07-19/S2A_MSIL2A_20240719T183921_N0510_R070_T11SKA_20240720T004450.tif
2025-10-27 00:21:18,603 consumer #0 [INFO] Processing feature: S2B_MSIL2A_20240813T183919_N0511_R070_T10SGF_20240813T224159 (Tile code: T10SGF)
2025-10-27 00:21:18,603 consumer #0 [INFO] Downloading 'S2B_MSIL2A_20240813T183919_N0511_R070_T10SGF_20240813T224159' (Tile: T10SGF)
2025-10-27 00:21:52,768 MainThread [INFO] Checking thread statuses...
2025-10-27 00:21:57,549 consumer #0 [INFO] Created 6-band GeoTIFF: CA_early_season_2024/2024-05-20/S2A_MSIL2A_20240520T183921_N0510_R070_T10SGF_20240521T011353.tif
2025-10-27 00:21:57,563 consumer #0 [INFO] Successfully processed 'S2A_MSIL2A_20240520T183921_N0510_R070_T10SGF_20240521T011353' -> CA_early_season_2024/2024-05-20/S2A_MSIL2A_20240520T183921_N0510_R070_T10SGF_20240521T011353.tif
2025-10-27 00:21:57,563 consumer #0 [INFO] Processing feature: S2A_MSIL2A_20240530T183921_N0510_R070_T10SGF_20240531T012300 (Tile code: T10SGF)
2025-10-27 00:21:57,563 consumer #0 [INFO] Downloading 'S2A_MSIL2A_20240530T183921_N0510_R070_T10SGF_20240531T012300' (Tile: T10SGF)
2025-10-27 00:21:58,128 consumer #1 [DEBUG] Resampled B12 from 20m to 10m
2025-10-27 00:22:04,867 MainThread [INFO] Checking thread statuses...
2025-10-27 00:22:18,941 MainThread [INFO] Checking thread statuses...
2025-10-27 00:22:18,941 consumer #1 [INFO] Created 6-band GeoTIFF: CA_early_season_2024/2024-05-30/S2A_MSIL2A_20240530T183921_N0510_R070_T11SKA_20240531T012300.tif
2025-10-27 00:22:18,952 consumer #1 [INFO] Successfully processed 'S2A_MSIL2A_20240530T183921_N0510_R070_T11SKA_20240531T012300' -> CA_early_season_2024/2024-05-30/S2A_MSIL2A_20240530T183921_N0510_R070_T11SKA_20240531T012300.tif
2025-10-27 00:22:18,953 consumer #1 [DEBUG] Downloader is done
2025-10-27 00:22:44,627 consumer #1 [INFO] Processing ZIP to 6-band for 'S2A_MSIL2A_20240926T173101_N0511_R055_T13SGU_20240927T003707' (Tile: T13SGU)
2025-10-27 00:22:44,628 consumer #1 [DEBUG] Processing TX_late_season_2024/2024-09-26/S2A_MSIL2A_20240926T173101_N0511_R055_T13SGU_20240927T003707.SAFE.zip into TX_late_season_2024/2024-09-26/S2A_MSIL2A_20240926T173101_N0511_R055_T13SGU_20240927T003707.tif
2025-10-27 00:22:44,628 consumer #1 [DEBUG] Extracting S2A_MSIL2A_20240926T173101_N0511_R055_T13SGU_20240927T003707 to temporary directory: TX_late_season_2024/2024-09-26/extract_S2A_MSIL2A_20240926T173101_N0511_R055_T13SGU_20240927T003707_fgt4as_n
2025-10-27 00:22:45,805 consumer #1 [DEBUG] Found 1 .SAFE directories: ['S2A_MSIL2A_20240926T173101_N0511_R055_T13SGU_20240927T003707.SAFE']
2025-10-27 00:22:45,806 consumer #1 [DEBUG] Found all 6 bands for S2A_MSIL2A_20240926T173101_N0511_R055_T13SGU_20240927T003707
2025-10-27 00:22:46,329 consumer #1 [DEBUG] Read B02 at native 10m
2025-10-27 00:22:46,768 consumer #1 [DEBUG] Read B03 at native 10m
2025-10-27 00:22:47,368 consumer #1 [DEBUG] Read B04 at native 10m
2025-10-27 00:22:47,886 consumer #1 [DEBUG] Resampled B8A from 20m to 10m
2025-10-27 00:22:48,417 consumer #1 [DEBUG] Resampled B11 from 20m to 10m
2025-10-27 00:22:48,974 consumer #1 [DEBUG] Resampled B12 from 20m to 10m
2025-10-27 00:23:12,047 consumer #1 [INFO] Created 6-band GeoTIFF: TX_late_season_2024/2024-09-26/S2A_MSIL2A_20240926T173101_N0511_R055_T13SGU_20240927T003707.tif
2025-10-27 00:23:12,064 consumer #1 [INFO] Successfully processed 'S2A_MSIL2A_20240926T173101_N0511_R055_T13SGU_20240927T003707' -> TX_late_season_2024/2024-09-26/S2A_MSIL2A_20240926T173101_N0511_R055_T13SGU_20240927T003707.tif
2025-10-27 00:23:12,065 consumer #1 [INFO] Processing feature: S2A_MSIL2A_20240926T173101_N0511_R055_T13SFT_20240927T003707 (Tile code: T13SFT)
2025-10-27 00:23:12,065 consumer #1 [INFO] Downloading 'S2A_MSIL2A_20240926T173101_N0511_R055_T13SFT_20240927T003707' (Tile: T13SFT)
2025-10-27 00:23:14,033 consumer #1 [INFO] Processing ZIP to 6-band for 'S2B_MSIL2A_20240603T172859_N0510_R055_T13SFT_20240603T214532' (Tile: T13SFT)
2025-10-27 00:23:14,033 consumer #1 [DEBUG] Processing TX_mid_season_2024/2024-06-03/S2B_MSIL2A_20240603T172859_N0510_R055_T13SFT_20240603T214532.SAFE.zip into TX_mid_season_2024/2024-06-03/S2B_MSIL2A_20240603T172859_N0510_R055_T13SFT_20240603T214532.tif
2025-10-27 00:23:14,034 consumer #1 [DEBUG] Extracting S2B_MSIL2A_20240603T172859_N0510_R055_T13SFT_20240603T214532 to temporary directory: TX_mid_season_2024/2024-06-03/extract_S2B_MSIL2A_20240603T172859_N0510_R055_T13SFT_20240603T214532_gm0ubna2
2025-10-27 00:23:15,132 consumer #1 [DEBUG] Found 1 .SAFE directories: ['S2B_MSIL2A_20240603T172859_N0510_R055_T13SFT_20240603T214532.SAFE']
2025-10-27 00:23:15,132 consumer #1 [DEBUG] Found all 6 bands for S2B_MSIL2A_20240603T172859_N0510_R055_T13SFT_20240603T214532
2025-10-27 00:23:15,173 consumer #0 [INFO] Processing ZIP to 6-band for 'S2A_MSIL2A_20240927T184141_N0511_R070_T10SGF_20240928T001552' (Tile: T10SGF)
2025-10-27 00:23:15,173 consumer #0 [DEBUG] Processing CA_late_season_2024/2024-09-27/S2A_MSIL2A_20240927T184141_N0511_R070_T10SGF_20240928T001552.SAFE.zip into CA_late_season_2024/2024-09-27/S2A_MSIL2A_20240927T184141_N0511_R070_T10SGF_20240928T001552.tif
2025-10-27 00:23:15,173 consumer #0 [DEBUG] Extracting S2A_MSIL2A_20240927T184141_N0511_R070_T10SGF_20240928T001552 to temporary directory: CA_late_season_2024/2024-09-27/extract_S2A_MSIL2A_20240927T184141_N0511_R070_T10SGF_20240928T001552_v47ii546
2025-10-27 00:23:15,635 consumer #1 [DEBUG] Read B02 at native 10m
2025-10-27 00:23:16,099 consumer #1 [DEBUG] Read B03 at native 10m
2025-10-27 00:23:16,137 consumer #0 [DEBUG] Found 1 .SAFE directories: ['S2A_MSIL2A_20240927T184141_N0511_R070_T10SGF_20240928T001552.SAFE']
2025-10-27 00:23:16,138 consumer #0 [DEBUG] Found all 6 bands for S2A_MSIL2A_20240927T184141_N0511_R070_T10SGF_20240928T001552
2025-10-27 00:23:16,573 consumer #0 [DEBUG] Read B02 at native 10m
2025-10-27 00:23:16,625 consumer #1 [DEBUG] Read B04 at native 10m
2025-10-27 00:23:17,041 consumer #0 [DEBUG] Read B03 at native 10m
2025-10-27 00:23:17,203 consumer #1 [DEBUG] Resampled B8A from 20m to 10m
2025-10-27 00:23:17,454 consumer #0 [DEBUG] Read B04 at native 10m
2025-10-27 00:23:17,828 consumer #1 [DEBUG] Resampled B11 from 20m to 10m
2025-10-27 00:23:18,023 consumer #0 [DEBUG] Resampled B8A from 20m to 10m
2025-10-27 00:23:18,431 consumer #1 [DEBUG] Resampled B12 from 20m to 10m
2025-10-27 00:23:18,510 consumer #0 [DEBUG] Resampled B11 from 20m to 10m
2025-10-27 00:23:19,046 consumer #0 [DEBUG] Resampled B12 from 20m to 10m
2025-10-27 00:23:35,553 consumer #0 [INFO] Created 6-band GeoTIFF: CA_late_season_2024/2024-09-27/S2A_MSIL2A_20240927T184141_N0511_R070_T10SGF_20240928T001552.tif
2025-10-27 00:23:35,571 consumer #0 [INFO] Successfully processed 'S2A_MSIL2A_20240927T184141_N0511_R070_T10SGF_20240928T001552' -> CA_late_season_2024/2024-09-27/S2A_MSIL2A_20240927T184141_N0511_R070_T10SGF_20240928T001552.tif
2025-10-27 00:23:35,572 consumer #0 [DEBUG] Downloader is done
2025-10-27 00:23:40,823 consumer #3 [INFO] Processing ZIP to 6-band for 'S2A_MSIL2A_20240927T184141_N0511_R070_T10SGF_20240928T001951' (Tile: T10SGF)
2025-10-27 00:23:40,823 consumer #3 [DEBUG] Processing CA_late_season_2024/2024-09-27/S2A_MSIL2A_20240927T184141_N0511_R070_T10SGF_20240928T001951.SAFE.zip into CA_late_season_2024/2024-09-27/S2A_MSIL2A_20240927T184141_N0511_R070_T10SGF_20240928T001951.tif
2025-10-27 00:23:40,824 consumer #3 [DEBUG] Extracting S2A_MSIL2A_20240927T184141_N0511_R070_T10SGF_20240928T001951 to temporary directory: CA_late_season_2024/2024-09-27/extract_S2A_MSIL2A_20240927T184141_N0511_R070_T10SGF_20240928T001951_bd0gr96g
2025-10-27 00:23:41,549 consumer #3 [DEBUG] Found 1 .SAFE directories: ['S2A_MSIL2A_20240927T184141_N0511_R070_T10SGF_20240928T001951.SAFE']
2025-10-27 00:23:41,549 consumer #3 [DEBUG] Found all 6 bands for S2A_MSIL2A_20240927T184141_N0511_R070_T10SGF_20240928T001951
2025-10-27 00:23:41,820 consumer #1 [INFO] Created 6-band GeoTIFF: TX_mid_season_2024/2024-06-03/S2B_MSIL2A_20240603T172859_N0510_R055_T13SFT_20240603T214532.tif
2025-10-27 00:23:41,834 consumer #1 [INFO] Successfully processed 'S2B_MSIL2A_20240603T172859_N0510_R055_T13SFT_20240603T214532' -> TX_mid_season_2024/2024-06-03/S2B_MSIL2A_20240603T172859_N0510_R055_T13SFT_20240603T214532.tif
2025-10-27 00:23:41,836 consumer #1 [INFO] Processing feature: S2A_MSIL2A_20240618T172901_N0510_R055_T13SGT_20240619T004800 (Tile code: T13SGT)
2025-10-27 00:23:41,836 consumer #1 [INFO] Downloading 'S2A_MSIL2A_20240618T172901_N0510_R055_T13SGT_20240619T004800' (Tile: T13SGT)
2025-10-27 00:23:41,939 consumer #3 [DEBUG] Read B02 at native 10m
2025-10-27 00:23:42,312 consumer #3 [DEBUG] Read B03 at native 10m
2025-10-27 00:23:42,704 consumer #3 [DEBUG] Read B04 at native 10m
2025-10-27 00:23:43,214 consumer #3 [DEBUG] Resampled B8A from 20m to 10m
2025-10-27 00:23:43,718 consumer #3 [DEBUG] Resampled B11 from 20m to 10m
2025-10-27 00:23:44,222 consumer #3 [DEBUG] Resampled B12 from 20m to 10m
2025-10-27 00:24:00,374 consumer #3 [INFO] Created 6-band GeoTIFF: CA_late_season_2024/2024-09-27/S2A_MSIL2A_20240927T184141_N0511_R070_T10SGF_20240928T001951.tif
2025-10-27 00:24:00,377 consumer #2 [ERROR] Error processing S2B_MSIL2A_20240922T184009_N0511_R070_T11SKA_20240922T225505: join() argument must be str, bytes, or os.PathLike object, not 'NoneType'
2025-10-27 00:24:00,377 consumer #2 [WARNING] Retrying S2B_MSIL2A_20240922T184009_N0511_R070_T11SKA_20240922T225505, remaining: 3
2025-10-27 00:24:00,377 consumer #2 [INFO] Processing feature: S2B_MSIL2A_20240922T184009_N0511_R070_T11SKA_20240922T225505 (Tile code: T11SKA)
2025-10-27 00:24:00,378 consumer #2 [INFO] Downloading 'S2B_MSIL2A_20240922T184009_N0511_R070_T11SKA_20240922T225505' (Tile: T11SKA)
2025-10-27 00:24:00,395 consumer #3 [INFO] Successfully processed 'S2A_MSIL2A_20240927T184141_N0511_R070_T10SGF_20240928T001951' -> CA_late_season_2024/2024-09-27/S2A_MSIL2A_20240927T184141_N0511_R070_T10SGF_20240928T001951.tif
2025-10-27 00:24:00,396 consumer #3 [DEBUG] Downloader is done
2025-10-27 00:24:21,612 consumer #3 [INFO] Processing ZIP to 6-band for 'S2B_MSIL2A_20240404T172859_N0510_R055_T13SFU_20240405T003335' (Tile: T13SFU)
2025-10-27 00:24:21,612 consumer #3 [DEBUG] Processing TX_early_season_2024/2024-04-04/S2B_MSIL2A_20240404T172859_N0510_R055_T13SFU_20240405T003335.SAFE.zip into TX_early_season_2024/2024-04-04/S2B_MSIL2A_20240404T172859_N0510_R055_T13SFU_20240405T003335.tif
2025-10-27 00:24:21,613 consumer #3 [DEBUG] Extracting S2B_MSIL2A_20240404T172859_N0510_R055_T13SFU_20240405T003335 to temporary directory: TX_early_season_2024/2024-04-04/extract_S2B_MSIL2A_20240404T172859_N0510_R055_T13SFU_20240405T003335_7ruk6797
2025-10-27 00:24:22,623 consumer #3 [DEBUG] Found 1 .SAFE directories: ['S2B_MSIL2A_20240404T172859_N0510_R055_T13SFU_20240405T003335.SAFE']
2025-10-27 00:24:22,623 consumer #3 [DEBUG] Found all 6 bands for S2B_MSIL2A_20240404T172859_N0510_R055_T13SFU_20240405T003335
2025-10-27 00:24:23,076 consumer #3 [DEBUG] Read B02 at native 10m
2025-10-27 00:24:23,562 consumer #3 [DEBUG] Read B03 at native 10m
2025-10-27 00:24:24,011 consumer #3 [DEBUG] Read B04 at native 10m
2025-10-27 00:24:24,552 consumer #3 [DEBUG] Resampled B8A from 20m to 10m
2025-10-27 00:24:25,088 consumer #3 [DEBUG] Resampled B11 from 20m to 10m
2025-10-27 00:24:25,622 consumer #3 [DEBUG] Resampled B12 from 20m to 10m
2025-10-27 00:24:47,759 consumer #3 [INFO] Created 6-band GeoTIFF: TX_early_season_2024/2024-04-04/S2B_MSIL2A_20240404T172859_N0510_R055_T13SFU_20240405T003335.tif
2025-10-27 00:24:47,775 consumer #3 [INFO] Successfully processed 'S2B_MSIL2A_20240404T172859_N0510_R055_T13SFU_20240405T003335' -> TX_early_season_2024/2024-04-04/S2B_MSIL2A_20240404T172859_N0510_R055_T13SFU_20240405T003335.tif
2025-10-27 00:24:47,776 consumer #3 [INFO] Processing feature: S2A_MSIL2A_20240429T172901_N0510_R055_T13SFU_20240430T001051 (Tile code: T13SFU)
2025-10-27 00:24:47,777 consumer #3 [INFO] Downloading 'S2A_MSIL2A_20240429T172901_N0510_R055_T13SFU_20240430T001051' (Tile: T13SFU)
2025-10-27 00:24:55,545 consumer #2 [INFO] Processing ZIP to 6-band for 'S2B_MSIL2A_20240525T183919_N0510_R070_T10SGF_20240525T220718' (Tile: T10SGF)
2025-10-27 00:24:55,545 consumer #2 [DEBUG] Processing CA_early_season_2024/2024-05-25/S2B_MSIL2A_20240525T183919_N0510_R070_T10SGF_20240525T220718.SAFE.zip into CA_early_season_2024/2024-05-25/S2B_MSIL2A_20240525T183919_N0510_R070_T10SGF_20240525T220718.tif
2025-10-27 00:24:55,546 consumer #2 [DEBUG] Extracting S2B_MSIL2A_20240525T183919_N0510_R070_T10SGF_20240525T220718 to temporary directory: CA_early_season_2024/2024-05-25/extract_S2B_MSIL2A_20240525T183919_N0510_R070_T10SGF_20240525T220718_wwiouacr
2025-10-27 00:24:56,548 consumer #2 [DEBUG] Found 1 .SAFE directories: ['S2B_MSIL2A_20240525T183919_N0510_R070_T10SGF_20240525T220718.SAFE']
2025-10-27 00:24:56,548 consumer #2 [DEBUG] Found all 6 bands for S2B_MSIL2A_20240525T183919_N0510_R070_T10SGF_20240525T220718
2025-10-27 00:24:57,095 consumer #2 [DEBUG] Read B02 at native 10m
2025-10-27 00:24:57,604 consumer #2 [DEBUG] Read B03 at native 10m
2025-10-27 00:24:58,103 consumer #2 [DEBUG] Read B04 at native 10m
2025-10-27 00:24:58,664 consumer #2 [DEBUG] Resampled B8A from 20m to 10m
2025-10-27 00:24:59,214 consumer #2 [DEBUG] Resampled B11 from 20m to 10m
2025-10-27 00:24:59,793 consumer #2 [DEBUG] Resampled B12 from 20m to 10m
2025-10-27 00:25:20,625 consumer #2 [INFO] Created 6-band GeoTIFF: CA_early_season_2024/2024-05-25/S2B_MSIL2A_20240525T183919_N0510_R070_T10SGF_20240525T220718.tif
2025-10-27 00:25:20,641 consumer #2 [INFO] Successfully processed 'S2B_MSIL2A_20240525T183919_N0510_R070_T10SGF_20240525T220718' -> CA_early_season_2024/2024-05-25/S2B_MSIL2A_20240525T183919_N0510_R070_T10SGF_20240525T220718.tif
2025-10-27 00:25:20,641 consumer #2 [DEBUG] Downloader is done
2025-10-27 00:25:38,336 consumer #1 [INFO] Processing ZIP to 6-band for 'S2A_MSIL2A_20240926T173101_N0511_R055_T13SFT_20240927T003707' (Tile: T13SFT)
2025-10-27 00:25:38,337 consumer #1 [DEBUG] Processing TX_late_season_2024/2024-09-26/S2A_MSIL2A_20240926T173101_N0511_R055_T13SFT_20240927T003707.SAFE.zip into TX_late_season_2024/2024-09-26/S2A_MSIL2A_20240926T173101_N0511_R055_T13SFT_20240927T003707.tif
2025-10-27 00:25:38,337 consumer #1 [DEBUG] Extracting S2A_MSIL2A_20240926T173101_N0511_R055_T13SFT_20240927T003707 to temporary directory: TX_late_season_2024/2024-09-26/extract_S2A_MSIL2A_20240926T173101_N0511_R055_T13SFT_20240927T003707_kgn4_3sa
2025-10-27 00:25:39,369 consumer #1 [DEBUG] Found 1 .SAFE directories: ['S2A_MSIL2A_20240926T173101_N0511_R055_T13SFT_20240927T003707.SAFE']
2025-10-27 00:25:39,369 consumer #1 [DEBUG] Found all 6 bands for S2A_MSIL2A_20240926T173101_N0511_R055_T13SFT_20240927T003707
2025-10-27 00:25:39,855 consumer #1 [DEBUG] Read B02 at native 10m
2025-10-27 00:25:40,307 consumer #1 [DEBUG] Read B03 at native 10m
2025-10-27 00:25:40,760 consumer #1 [DEBUG] Read B04 at native 10m
2025-10-27 00:25:41,302 consumer #1 [DEBUG] Resampled B8A from 20m to 10m
2025-10-27 00:25:41,839 consumer #1 [DEBUG] Resampled B11 from 20m to 10m
2025-10-27 00:25:42,378 consumer #1 [DEBUG] Resampled B12 from 20m to 10m
2025-10-27 00:25:53,568 consumer #0 [INFO] Processing ZIP to 6-band for 'S2B_MSIL2A_20240813T183919_N0511_R070_T10SGF_20240813T224159' (Tile: T10SGF)
2025-10-27 00:25:53,568 consumer #0 [DEBUG] Processing CA_mid_season_2024/2024-08-13/S2B_MSIL2A_20240813T183919_N0511_R070_T10SGF_20240813T224159.SAFE.zip into CA_mid_season_2024/2024-08-13/S2B_MSIL2A_20240813T183919_N0511_R070_T10SGF_20240813T224159.tif
2025-10-27 00:25:53,569 consumer #0 [DEBUG] Extracting S2B_MSIL2A_20240813T183919_N0511_R070_T10SGF_20240813T224159 to temporary directory: CA_mid_season_2024/2024-08-13/extract_S2B_MSIL2A_20240813T183919_N0511_R070_T10SGF_20240813T224159_mchnc1h4
2025-10-27 00:25:54,764 consumer #0 [DEBUG] Found 1 .SAFE directories: ['S2B_MSIL2A_20240813T183919_N0511_R070_T10SGF_20240813T224159.SAFE']
2025-10-27 00:25:54,764 consumer #0 [DEBUG] Found all 6 bands for S2B_MSIL2A_20240813T183919_N0511_R070_T10SGF_20240813T224159
2025-10-27 00:25:55,265 consumer #0 [DEBUG] Read B02 at native 10m
2025-10-27 00:25:55,765 consumer #0 [DEBUG] Read B03 at native 10m
2025-10-27 00:25:56,280 consumer #0 [DEBUG] Read B04 at native 10m
2025-10-27 00:25:56,834 consumer #0 [DEBUG] Resampled B8A from 20m to 10m
2025-10-27 00:25:57,378 consumer #0 [DEBUG] Resampled B11 from 20m to 10m
2025-10-27 00:25:57,923 consumer #0 [DEBUG] Resampled B12 from 20m to 10m
2025-10-27 00:26:05,381 consumer #1 [INFO] Created 6-band GeoTIFF: TX_late_season_2024/2024-09-26/S2A_MSIL2A_20240926T173101_N0511_R055_T13SFT_20240927T003707.tif
2025-10-27 00:26:05,400 consumer #1 [INFO] Successfully processed 'S2A_MSIL2A_20240926T173101_N0511_R055_T13SFT_20240927T003707' -> TX_late_season_2024/2024-09-26/S2A_MSIL2A_20240926T173101_N0511_R055_T13SFT_20240927T003707.tif
2025-10-27 00:26:05,400 consumer #1 [INFO] Processing feature: S2A_MSIL2A_20240926T173101_N0511_R055_T13SGT_20240927T003707 (Tile code: T13SGT)
2025-10-27 00:26:05,401 consumer #1 [INFO] Downloading 'S2A_MSIL2A_20240926T173101_N0511_R055_T13SGT_20240927T003707' (Tile: T13SGT)
2025-10-27 00:26:20,395 consumer #0 [INFO] Created 6-band GeoTIFF: CA_mid_season_2024/2024-08-13/S2B_MSIL2A_20240813T183919_N0511_R070_T10SGF_20240813T224159.tif
2025-10-27 00:26:20,414 consumer #0 [INFO] Successfully processed 'S2B_MSIL2A_20240813T183919_N0511_R070_T10SGF_20240813T224159' -> CA_mid_season_2024/2024-08-13/S2B_MSIL2A_20240813T183919_N0511_R070_T10SGF_20240813T224159.tif
2025-10-27 00:26:20,414 consumer #0 [INFO] Processing feature: S2B_MSIL2A_20240813T183919_N0511_R070_T11SKA_20240813T224159 (Tile code: T11SKA)
2025-10-27 00:26:20,415 consumer #0 [INFO] Downloading 'S2B_MSIL2A_20240813T183919_N0511_R070_T11SKA_20240813T224159' (Tile: T11SKA)
2025-10-27 00:26:41,264 consumer #2 [ERROR] Error processing S2A_MSIL2A_20240310T173131_N0510_R055_T13SFT_20240310T232252: join() argument must be str, bytes, or os.PathLike object, not 'NoneType'
2025-10-27 00:26:41,264 consumer #2 [WARNING] Retrying S2A_MSIL2A_20240310T173131_N0510_R055_T13SFT_20240310T232252, remaining: 3
2025-10-27 00:26:41,264 consumer #2 [INFO] Processing feature: S2A_MSIL2A_20240310T173131_N0510_R055_T13SFT_20240310T232252 (Tile code: T13SFT)
2025-10-27 00:26:41,264 consumer #2 [INFO] Downloading 'S2A_MSIL2A_20240310T173131_N0510_R055_T13SFT_20240310T232252' (Tile: T13SFT)
2025-10-27 00:26:58,303 consumer #2 [INFO] Processing ZIP to 6-band for 'S2A_MSIL2A_20240808T183921_N0511_R070_T10SGF_20240809T012502' (Tile: T10SGF)
2025-10-27 00:26:58,303 consumer #2 [DEBUG] Processing CA_mid_season_2024/2024-08-08/S2A_MSIL2A_20240808T183921_N0511_R070_T10SGF_20240809T012502.SAFE.zip into CA_mid_season_2024/2024-08-08/S2A_MSIL2A_20240808T183921_N0511_R070_T10SGF_20240809T012502.tif
2025-10-27 00:26:58,304 consumer #2 [DEBUG] Extracting S2A_MSIL2A_20240808T183921_N0511_R070_T10SGF_20240809T012502 to temporary directory: CA_mid_season_2024/2024-08-08/extract_S2A_MSIL2A_20240808T183921_N0511_R070_T10SGF_20240809T012502_enu4a3g0
2025-10-27 00:26:59,364 consumer #2 [DEBUG] Found 1 .SAFE directories: ['S2A_MSIL2A_20240808T183921_N0511_R070_T10SGF_20240809T012502.SAFE']
2025-10-27 00:26:59,364 consumer #2 [DEBUG] Found all 6 bands for S2A_MSIL2A_20240808T183921_N0511_R070_T10SGF_20240809T012502
2025-10-27 00:26:59,857 consumer #2 [DEBUG] Read B02 at native 10m
2025-10-27 00:27:00,351 consumer #2 [DEBUG] Read B03 at native 10m
2025-10-27 00:27:00,356 consumer #0 [INFO] Processing ZIP to 6-band for 'S2B_MSIL2A_20240404T172859_N0510_R055_T13SGT_20240405T003335' (Tile: T13SGT)
2025-10-27 00:27:00,357 consumer #0 [DEBUG] Processing TX_early_season_2024/2024-04-04/S2B_MSIL2A_20240404T172859_N0510_R055_T13SGT_20240405T003335.SAFE.zip into TX_early_season_2024/2024-04-04/S2B_MSIL2A_20240404T172859_N0510_R055_T13SGT_20240405T003335.tif
2025-10-27 00:27:00,357 consumer #0 [DEBUG] Extracting S2B_MSIL2A_20240404T172859_N0510_R055_T13SGT_20240405T003335 to temporary directory: TX_early_season_2024/2024-04-04/extract_S2B_MSIL2A_20240404T172859_N0510_R055_T13SGT_20240405T003335_1umfu8of
2025-10-27 00:27:00,835 consumer #2 [DEBUG] Read B04 at native 10m
2025-10-27 00:27:01,342 consumer #2 [DEBUG] Resampled B8A from 20m to 10m
2025-10-27 00:27:01,730 consumer #0 [DEBUG] Found 1 .SAFE directories: ['S2B_MSIL2A_20240404T172859_N0510_R055_T13SGT_20240405T003335.SAFE']
2025-10-27 00:27:01,731 consumer #0 [DEBUG] Found all 6 bands for S2B_MSIL2A_20240404T172859_N0510_R055_T13SGT_20240405T003335
2025-10-27 00:27:01,856 consumer #2 [DEBUG] Resampled B11 from 20m to 10m
2025-10-27 00:27:02,165 consumer #0 [DEBUG] Read B02 at native 10m
2025-10-27 00:27:02,451 consumer #2 [DEBUG] Resampled B12 from 20m to 10m
2025-10-27 00:27:02,672 consumer #0 [DEBUG] Read B03 at native 10m
2025-10-27 00:27:03,190 consumer #0 [DEBUG] Read B04 at native 10m
2025-10-27 00:27:03,709 consumer #0 [DEBUG] Resampled B8A from 20m to 10m
2025-10-27 00:27:04,235 consumer #0 [DEBUG] Resampled B11 from 20m to 10m
2025-10-27 00:27:04,750 consumer #0 [DEBUG] Resampled B12 from 20m to 10m
2025-10-27 00:27:12,046 MainThread [INFO] Checking thread statuses...
2025-10-27 00:27:20,642 MainThread [INFO] Checking thread statuses...
2025-10-27 00:27:25,311 consumer #2 [INFO] Created 6-band GeoTIFF: CA_mid_season_2024/2024-08-08/S2A_MSIL2A_20240808T183921_N0511_R070_T10SGF_20240809T012502.tif
2025-10-27 00:27:25,326 consumer #2 [INFO] Successfully processed 'S2A_MSIL2A_20240808T183921_N0511_R070_T10SGF_20240809T012502' -> CA_mid_season_2024/2024-08-08/S2A_MSIL2A_20240808T183921_N0511_R070_T10SGF_20240809T012502.tif
2025-10-27 00:27:25,326 consumer #2 [INFO] Processing feature: S2A_MSIL2A_20240818T183921_N0511_R070_T10SGF_20240819T015050 (Tile code: T10SGF)
2025-10-27 00:27:25,327 consumer #2 [INFO] Downloading 'S2A_MSIL2A_20240818T183921_N0511_R070_T10SGF_20240819T015050' (Tile: T10SGF)
2025-10-27 00:27:26,962 consumer #0 [INFO] Created 6-band GeoTIFF: TX_early_season_2024/2024-04-04/S2B_MSIL2A_20240404T172859_N0510_R055_T13SGT_20240405T003335.tif
2025-10-27 00:27:26,981 consumer #0 [INFO] Successfully processed 'S2B_MSIL2A_20240404T172859_N0510_R055_T13SGT_20240405T003335' -> TX_early_season_2024/2024-04-04/S2B_MSIL2A_20240404T172859_N0510_R055_T13SGT_20240405T003335.tif
2025-10-27 00:27:26,981 consumer #0 [INFO] Processing feature: S2A_MSIL2A_20240429T172901_N0510_R055_T13SFT_20240430T001051 (Tile code: T13SFT)
2025-10-27 00:27:26,981 consumer #0 [INFO] Downloading 'S2A_MSIL2A_20240429T172901_N0510_R055_T13SFT_20240430T001051' (Tile: T13SFT)
2025-10-27 00:27:27,691 MainThread [INFO] Checking thread statuses...
2025-10-27 00:27:35,572 MainThread [INFO] Checking thread statuses...
2025-10-27 00:27:41,820 MainThread [INFO] Checking thread statuses...
2025-10-27 00:28:02,968 consumer #2 [INFO] Processing ZIP to 6-band for 'S2B_MSIL2A_20240613T172859_N0510_R055_T13SGU_20240613T212437' (Tile: T13SGU)
2025-10-27 00:28:02,969 consumer #2 [DEBUG] Processing TX_mid_season_2024/2024-06-13/S2B_MSIL2A_20240613T172859_N0510_R055_T13SGU_20240613T212437.SAFE.zip into TX_mid_season_2024/2024-06-13/S2B_MSIL2A_20240613T172859_N0510_R055_T13SGU_20240613T212437.tif
2025-10-27 00:28:02,969 consumer #2 [DEBUG] Extracting S2B_MSIL2A_20240613T172859_N0510_R055_T13SGU_20240613T212437 to temporary directory: TX_mid_season_2024/2024-06-13/extract_S2B_MSIL2A_20240613T172859_N0510_R055_T13SGU_20240613T212437_ml3qvz4c
2025-10-27 00:28:04,068 consumer #2 [DEBUG] Found 1 .SAFE directories: ['S2B_MSIL2A_20240613T172859_N0510_R055_T13SGU_20240613T212437.SAFE']
2025-10-27 00:28:04,069 consumer #2 [DEBUG] Found all 6 bands for S2B_MSIL2A_20240613T172859_N0510_R055_T13SGU_20240613T212437
2025-10-27 00:28:04,580 consumer #2 [DEBUG] Read B02 at native 10m
2025-10-27 00:28:05,024 consumer #2 [DEBUG] Read B03 at native 10m
2025-10-27 00:28:05,493 consumer #2 [DEBUG] Read B04 at native 10m
2025-10-27 00:28:06,034 consumer #2 [DEBUG] Resampled B8A from 20m to 10m
2025-10-27 00:28:06,580 consumer #2 [DEBUG] Resampled B11 from 20m to 10m
2025-10-27 00:28:07,100 consumer #2 [DEBUG] Resampled B12 from 20m to 10m
2025-10-27 00:28:28,509 consumer #3 [INFO] Processing ZIP to 6-band for 'S2B_MSIL2A_20240525T183919_N0510_R070_T11SKA_20240525T220718' (Tile: T11SKA)
2025-10-27 00:28:28,509 consumer #3 [DEBUG] Processing CA_early_season_2024/2024-05-25/S2B_MSIL2A_20240525T183919_N0510_R070_T11SKA_20240525T220718.SAFE.zip into CA_early_season_2024/2024-05-25/S2B_MSIL2A_20240525T183919_N0510_R070_T11SKA_20240525T220718.tif
2025-10-27 00:28:28,509 consumer #3 [DEBUG] Extracting S2B_MSIL2A_20240525T183919_N0510_R070_T11SKA_20240525T220718 to temporary directory: CA_early_season_2024/2024-05-25/extract_S2B_MSIL2A_20240525T183919_N0510_R070_T11SKA_20240525T220718_cu1afken
2025-10-27 00:28:29,534 consumer #3 [DEBUG] Found 1 .SAFE directories: ['S2B_MSIL2A_20240525T183919_N0510_R070_T11SKA_20240525T220718.SAFE']
2025-10-27 00:28:29,534 consumer #3 [DEBUG] Found all 6 bands for S2B_MSIL2A_20240525T183919_N0510_R070_T11SKA_20240525T220718
2025-10-27 00:28:30,092 consumer #2 [INFO] Created 6-band GeoTIFF: TX_mid_season_2024/2024-06-13/S2B_MSIL2A_20240613T172859_N0510_R055_T13SGU_20240613T212437.tif
2025-10-27 00:28:30,105 consumer #2 [INFO] Successfully processed 'S2B_MSIL2A_20240613T172859_N0510_R055_T13SGU_20240613T212437' -> TX_mid_season_2024/2024-06-13/S2B_MSIL2A_20240613T172859_N0510_R055_T13SGU_20240613T212437.tif
2025-10-27 00:28:30,105 consumer #2 [INFO] Processing feature: S2B_MSIL2A_20240623T172859_N0510_R055_T13SFT_20240623T212335 (Tile code: T13SFT)
2025-10-27 00:28:30,106 consumer #2 [INFO] Downloading 'S2B_MSIL2A_20240623T172859_N0510_R055_T13SFT_20240623T212335' (Tile: T13SFT)
2025-10-27 00:28:30,156 consumer #3 [DEBUG] Read B02 at native 10m
2025-10-27 00:28:30,694 consumer #3 [DEBUG] Read B03 at native 10m
2025-10-27 00:28:31,189 consumer #3 [DEBUG] Read B04 at native 10m
2025-10-27 00:28:31,760 consumer #3 [DEBUG] Resampled B8A from 20m to 10m
2025-10-27 00:28:32,306 consumer #3 [DEBUG] Resampled B11 from 20m to 10m
2025-10-27 00:28:32,870 consumer #3 [DEBUG] Resampled B12 from 20m to 10m
2025-10-27 00:28:53,909 consumer #3 [INFO] Created 6-band GeoTIFF: CA_early_season_2024/2024-05-25/S2B_MSIL2A_20240525T183919_N0510_R070_T11SKA_20240525T220718.tif
2025-10-27 00:28:53,924 consumer #3 [INFO] Successfully processed 'S2B_MSIL2A_20240525T183919_N0510_R070_T11SKA_20240525T220718' -> CA_early_season_2024/2024-05-25/S2B_MSIL2A_20240525T183919_N0510_R070_T11SKA_20240525T220718.tif
2025-10-27 00:28:53,925 consumer #3 [DEBUG] Downloader is done
2025-10-27 00:29:11,691 consumer #1 [INFO] Processing ZIP to 6-band for 'S2A_MSIL2A_20240729T183921_N0511_R070_T11SKA_20240730T023050' (Tile: T11SKA)
2025-10-27 00:29:11,691 consumer #1 [DEBUG] Processing CA_mid_season_2024/2024-07-29/S2A_MSIL2A_20240729T183921_N0511_R070_T11SKA_20240730T023050.SAFE.zip into CA_mid_season_2024/2024-07-29/S2A_MSIL2A_20240729T183921_N0511_R070_T11SKA_20240730T023050.tif
2025-10-27 00:29:11,691 consumer #1 [DEBUG] Extracting S2A_MSIL2A_20240729T183921_N0511_R070_T11SKA_20240730T023050 to temporary directory: CA_mid_season_2024/2024-07-29/extract_S2A_MSIL2A_20240729T183921_N0511_R070_T11SKA_20240730T023050_6qrf0j8c
2025-10-27 00:29:12,754 consumer #1 [DEBUG] Found 1 .SAFE directories: ['S2A_MSIL2A_20240729T183921_N0511_R070_T11SKA_20240730T023050.SAFE']
2025-10-27 00:29:12,755 consumer #1 [DEBUG] Found all 6 bands for S2A_MSIL2A_20240729T183921_N0511_R070_T11SKA_20240730T023050
2025-10-27 00:29:13,250 consumer #1 [DEBUG] Read B02 at native 10m
2025-10-27 00:29:13,547 consumer #2 [ERROR] Error processing S2A_MSIL2A_20240916T172951_N0511_R055_T13SGU_20240917T005553: join() argument must be str, bytes, or os.PathLike object, not 'NoneType'
2025-10-27 00:29:13,547 consumer #2 [WARNING] Retrying S2A_MSIL2A_20240916T172951_N0511_R055_T13SGU_20240917T005553, remaining: 3
2025-10-27 00:29:13,547 consumer #2 [INFO] Processing feature: S2A_MSIL2A_20240916T172951_N0511_R055_T13SGU_20240917T005553 (Tile code: T13SGU)
2025-10-27 00:29:13,548 consumer #2 [INFO] Downloading 'S2A_MSIL2A_20240916T172951_N0511_R055_T13SGU_20240917T005553' (Tile: T13SGU)
2025-10-27 00:29:13,754 consumer #1 [DEBUG] Read B03 at native 10m
2025-10-27 00:29:14,248 consumer #1 [DEBUG] Read B04 at native 10m
2025-10-27 00:29:14,766 consumer #1 [DEBUG] Resampled B8A from 20m to 10m
2025-10-27 00:29:15,298 consumer #1 [DEBUG] Resampled B11 from 20m to 10m
2025-10-27 00:29:15,835 consumer #1 [DEBUG] Resampled B12 from 20m to 10m
2025-10-27 00:29:20,643 MainThread [INFO] Checking thread statuses...
2025-10-27 00:29:21,489 consumer #2 [INFO] Processing ZIP to 6-band for 'S2A_MSIL2A_20240310T173131_N0510_R055_T13SFT_20240310T232252' (Tile: T13SFT)
2025-10-27 00:29:21,490 consumer #2 [DEBUG] Processing TX_early_season_2024/2024-03-10/S2A_MSIL2A_20240310T173131_N0510_R055_T13SFT_20240310T232252.SAFE.zip into TX_early_season_2024/2024-03-10/S2A_MSIL2A_20240310T173131_N0510_R055_T13SFT_20240310T232252.tif
2025-10-27 00:29:21,490 consumer #2 [DEBUG] Extracting S2A_MSIL2A_20240310T173131_N0510_R055_T13SFT_20240310T232252 to temporary directory: TX_early_season_2024/2024-03-10/extract_S2A_MSIL2A_20240310T173131_N0510_R055_T13SFT_20240310T232252_e5sd97m8
2025-10-27 00:29:22,555 consumer #2 [DEBUG] Found 1 .SAFE directories: ['S2A_MSIL2A_20240310T173131_N0510_R055_T13SFT_20240310T232252.SAFE']
2025-10-27 00:29:22,556 consumer #2 [DEBUG] Found all 6 bands for S2A_MSIL2A_20240310T173131_N0510_R055_T13SFT_20240310T232252
2025-10-27 00:29:23,039 consumer #2 [DEBUG] Read B02 at native 10m
2025-10-27 00:29:23,564 consumer #2 [DEBUG] Read B03 at native 10m
2025-10-27 00:29:24,060 consumer #2 [DEBUG] Read B04 at native 10m
2025-10-27 00:29:24,625 consumer #2 [DEBUG] Resampled B8A from 20m to 10m
2025-10-27 00:29:25,182 consumer #2 [DEBUG] Resampled B11 from 20m to 10m
2025-10-27 00:29:25,747 consumer #2 [DEBUG] Resampled B12 from 20m to 10m
2025-10-27 00:29:39,124 consumer #1 [INFO] Created 6-band GeoTIFF: CA_mid_season_2024/2024-07-29/S2A_MSIL2A_20240729T183921_N0511_R070_T11SKA_20240730T023050.tif
2025-10-27 00:29:39,143 consumer #1 [INFO] Successfully processed 'S2A_MSIL2A_20240729T183921_N0511_R070_T11SKA_20240730T023050' -> CA_mid_season_2024/2024-07-29/S2A_MSIL2A_20240729T183921_N0511_R070_T11SKA_20240730T023050.tif
2025-10-27 00:29:39,143 consumer #1 [INFO] Processing feature: S2A_MSIL2A_20240818T183921_N0511_R070_T11SKA_20240819T015050 (Tile code: T11SKA)
2025-10-27 00:29:39,144 consumer #1 [INFO] Downloading 'S2A_MSIL2A_20240818T183921_N0511_R070_T11SKA_20240819T015050' (Tile: T11SKA)
2025-10-27 00:29:40,480 consumer #3 [INFO] Processing ZIP to 6-band for 'S2A_MSIL2A_20240916T172951_N0511_R055_T13SFU_20240917T005553' (Tile: T13SFU)
2025-10-27 00:29:40,480 consumer #3 [DEBUG] Processing TX_late_season_2024/2024-09-16/S2A_MSIL2A_20240916T172951_N0511_R055_T13SFU_20240917T005553.SAFE.zip into TX_late_season_2024/2024-09-16/S2A_MSIL2A_20240916T172951_N0511_R055_T13SFU_20240917T005553.tif
2025-10-27 00:29:40,481 consumer #3 [DEBUG] Extracting S2A_MSIL2A_20240916T172951_N0511_R055_T13SFU_20240917T005553 to temporary directory: TX_late_season_2024/2024-09-16/extract_S2A_MSIL2A_20240916T172951_N0511_R055_T13SFU_20240917T005553_ad8qdzkx
2025-10-27 00:29:41,566 consumer #3 [DEBUG] Found 1 .SAFE directories: ['S2A_MSIL2A_20240916T172951_N0511_R055_T13SFU_20240917T005553.SAFE']
2025-10-27 00:29:41,566 consumer #3 [DEBUG] Found all 6 bands for S2A_MSIL2A_20240916T172951_N0511_R055_T13SFU_20240917T005553
2025-10-27 00:29:42,115 consumer #3 [DEBUG] Read B02 at native 10m
2025-10-27 00:29:42,571 consumer #3 [DEBUG] Read B03 at native 10m
2025-10-27 00:29:43,153 consumer #3 [DEBUG] Read B04 at native 10m
2025-10-27 00:29:43,685 consumer #3 [DEBUG] Resampled B8A from 20m to 10m
2025-10-27 00:29:44,241 consumer #3 [DEBUG] Resampled B11 from 20m to 10m
2025-10-27 00:29:44,785 consumer #3 [DEBUG] Resampled B12 from 20m to 10m
2025-10-27 00:29:48,527 consumer #2 [INFO] Created 6-band GeoTIFF: TX_early_season_2024/2024-03-10/S2A_MSIL2A_20240310T173131_N0510_R055_T13SFT_20240310T232252.tif
2025-10-27 00:29:48,543 consumer #2 [INFO] Successfully processed 'S2A_MSIL2A_20240310T173131_N0510_R055_T13SFT_20240310T232252' -> TX_early_season_2024/2024-03-10/S2A_MSIL2A_20240310T173131_N0510_R055_T13SFT_20240310T232252.tif
2025-10-27 00:29:48,545 consumer #2 [INFO] Processing feature: S2A_MSIL2A_20240429T172901_N0510_R055_T13SGT_20240430T001051 (Tile code: T13SGT)
2025-10-27 00:29:48,545 consumer #2 [INFO] Downloading 'S2A_MSIL2A_20240429T172901_N0510_R055_T13SGT_20240430T001051' (Tile: T13SGT)
2025-10-27 00:29:52,769 MainThread [INFO] Checking thread statuses...
2025-10-27 00:30:06,107 consumer #3 [INFO] Created 6-band GeoTIFF: TX_late_season_2024/2024-09-16/S2A_MSIL2A_20240916T172951_N0511_R055_T13SFU_20240917T005553.tif
2025-10-27 00:30:06,137 consumer #3 [INFO] Successfully processed 'S2A_MSIL2A_20240916T172951_N0511_R055_T13SFU_20240917T005553' -> TX_late_season_2024/2024-09-16/S2A_MSIL2A_20240916T172951_N0511_R055_T13SFU_20240917T005553.tif
2025-10-27 00:30:06,137 consumer #3 [DEBUG] Downloader is done
2025-10-27 00:30:38,594 consumer #1 [ERROR] Error processing S2A_MSIL2A_20240927T184141_N0511_R070_T11SKA_20240928T001951: join() argument must be str, bytes, or os.PathLike object, not 'NoneType'
2025-10-27 00:30:38,594 consumer #1 [WARNING] Retrying S2A_MSIL2A_20240927T184141_N0511_R070_T11SKA_20240928T001951, remaining: 3
2025-10-27 00:30:38,594 consumer #1 [INFO] Processing feature: S2A_MSIL2A_20240927T184141_N0511_R070_T11SKA_20240928T001951 (Tile code: T11SKA)
2025-10-27 00:30:38,594 consumer #1 [INFO] Downloading 'S2A_MSIL2A_20240927T184141_N0511_R070_T11SKA_20240928T001951' (Tile: T11SKA)
2025-10-27 00:30:52,038 consumer #0 [INFO] Processing ZIP to 6-band for 'S2A_MSIL2A_20240530T183921_N0510_R070_T10SGF_20240531T012300' (Tile: T10SGF)
2025-10-27 00:30:52,038 consumer #0 [DEBUG] Processing CA_early_season_2024/2024-05-30/S2A_MSIL2A_20240530T183921_N0510_R070_T10SGF_20240531T012300.SAFE.zip into CA_early_season_2024/2024-05-30/S2A_MSIL2A_20240530T183921_N0510_R070_T10SGF_20240531T012300.tif
2025-10-27 00:30:52,039 consumer #0 [DEBUG] Extracting S2A_MSIL2A_20240530T183921_N0510_R070_T10SGF_20240531T012300 to temporary directory: CA_early_season_2024/2024-05-30/extract_S2A_MSIL2A_20240530T183921_N0510_R070_T10SGF_20240531T012300_nzixxqvf
2025-10-27 00:30:52,501 consumer #2 [INFO] Processing ZIP to 6-band for 'S2A_MSIL2A_20240818T183921_N0511_R070_T10SGF_20240819T015050' (Tile: T10SGF)
2025-10-27 00:30:52,501 consumer #2 [DEBUG] Processing CA_mid_season_2024/2024-08-18/S2A_MSIL2A_20240818T183921_N0511_R070_T10SGF_20240819T015050.SAFE.zip into CA_mid_season_2024/2024-08-18/S2A_MSIL2A_20240818T183921_N0511_R070_T10SGF_20240819T015050.tif
2025-10-27 00:30:52,502 consumer #2 [DEBUG] Extracting S2A_MSIL2A_20240818T183921_N0511_R070_T10SGF_20240819T015050 to temporary directory: CA_mid_season_2024/2024-08-18/extract_S2A_MSIL2A_20240818T183921_N0511_R070_T10SGF_20240819T015050_t2mzru5q
2025-10-27 00:30:53,145 consumer #0 [DEBUG] Found 1 .SAFE directories: ['S2A_MSIL2A_20240530T183921_N0510_R070_T10SGF_20240531T012300.SAFE']
2025-10-27 00:30:53,146 consumer #0 [DEBUG] Found all 6 bands for S2A_MSIL2A_20240530T183921_N0510_R070_T10SGF_20240531T012300
2025-10-27 00:30:53,776 consumer #2 [DEBUG] Found 1 .SAFE directories: ['S2A_MSIL2A_20240818T183921_N0511_R070_T10SGF_20240819T015050.SAFE']
2025-10-27 00:30:53,776 consumer #2 [DEBUG] Found all 6 bands for S2A_MSIL2A_20240818T183921_N0511_R070_T10SGF_20240819T015050
2025-10-27 00:30:53,856 consumer #0 [DEBUG] Read B02 at native 10m
2025-10-27 00:30:54,548 consumer #0 [DEBUG] Read B03 at native 10m
2025-10-27 00:30:54,585 consumer #2 [DEBUG] Read B02 at native 10m
2025-10-27 00:30:55,056 consumer #0 [DEBUG] Read B04 at native 10m
2025-10-27 00:30:55,219 consumer #2 [DEBUG] Read B03 at native 10m
2025-10-27 00:30:55,605 consumer #0 [DEBUG] Resampled B8A from 20m to 10m
2025-10-27 00:30:55,780 consumer #2 [DEBUG] Read B04 at native 10m
2025-10-27 00:30:56,150 consumer #0 [DEBUG] Resampled B11 from 20m to 10m
2025-10-27 00:30:56,330 consumer #2 [DEBUG] Resampled B8A from 20m to 10m
2025-10-27 00:30:56,667 consumer #0 [DEBUG] Resampled B12 from 20m to 10m
2025-10-27 00:30:56,868 consumer #2 [DEBUG] Resampled B11 from 20m to 10m
2025-10-27 00:30:57,420 consumer #2 [DEBUG] Resampled B12 from 20m to 10m
2025-10-27 00:31:02,218 consumer #0 [INFO] Processing ZIP to 6-band for 'S2A_MSIL2A_20240926T173101_N0511_R055_T13SFU_20240927T003707' (Tile: T13SFU)
2025-10-27 00:31:02,218 consumer #0 [DEBUG] Processing TX_late_season_2024/2024-09-26/S2A_MSIL2A_20240926T173101_N0511_R055_T13SFU_20240927T003707.SAFE.zip into TX_late_season_2024/2024-09-26/S2A_MSIL2A_20240926T173101_N0511_R055_T13SFU_20240927T003707.tif
2025-10-27 00:31:02,219 consumer #0 [DEBUG] Extracting S2A_MSIL2A_20240926T173101_N0511_R055_T13SFU_20240927T003707 to temporary directory: TX_late_season_2024/2024-09-26/extract_S2A_MSIL2A_20240926T173101_N0511_R055_T13SFU_20240927T003707_3ty4y7gj
2025-10-27 00:31:03,479 consumer #0 [DEBUG] Found 1 .SAFE directories: ['S2A_MSIL2A_20240926T173101_N0511_R055_T13SFU_20240927T003707.SAFE']
2025-10-27 00:31:03,480 consumer #0 [DEBUG] Found all 6 bands for S2A_MSIL2A_20240926T173101_N0511_R055_T13SFU_20240927T003707
2025-10-27 00:31:04,028 consumer #0 [DEBUG] Read B02 at native 10m
2025-10-27 00:31:04,533 consumer #0 [DEBUG] Read B03 at native 10m
2025-10-27 00:31:05,008 consumer #0 [DEBUG] Read B04 at native 10m
2025-10-27 00:31:05,540 consumer #0 [DEBUG] Resampled B8A from 20m to 10m
2025-10-27 00:31:06,077 consumer #0 [DEBUG] Resampled B11 from 20m to 10m
2025-10-27 00:31:06,609 consumer #0 [DEBUG] Resampled B12 from 20m to 10m
2025-10-27 00:31:18,508 consumer #0 [INFO] Created 6-band GeoTIFF: CA_early_season_2024/2024-05-30/S2A_MSIL2A_20240530T183921_N0510_R070_T10SGF_20240531T012300.tif
2025-10-27 00:31:18,525 consumer #0 [INFO] Successfully processed 'S2A_MSIL2A_20240530T183921_N0510_R070_T10SGF_20240531T012300' -> CA_early_season_2024/2024-05-30/S2A_MSIL2A_20240530T183921_N0510_R070_T10SGF_20240531T012300.tif
2025-10-27 00:31:18,525 consumer #0 [DEBUG] Downloader is done
2025-10-27 00:31:18,528 MainThread [INFO] Summary: 15 processed, 0 skipped, 0 errors.
2025-10-27 00:31:23,121 consumer #2 [INFO] Created 6-band GeoTIFF: CA_mid_season_2024/2024-08-18/S2A_MSIL2A_20240818T183921_N0511_R070_T10SGF_20240819T015050.tif
2025-10-27 00:31:23,150 consumer #2 [INFO] Successfully processed 'S2A_MSIL2A_20240818T183921_N0511_R070_T10SGF_20240819T015050' -> CA_mid_season_2024/2024-08-18/S2A_MSIL2A_20240818T183921_N0511_R070_T10SGF_20240819T015050.tif
2025-10-27 00:31:23,151 consumer #2 [INFO] Processing feature: S2A_MSIL2A_20240828T183921_N0511_R070_T11SKA_20240829T011944 (Tile code: T11SKA)
2025-10-27 00:31:23,152 consumer #2 [INFO] Downloading 'S2A_MSIL2A_20240828T183921_N0511_R070_T11SKA_20240829T011944' (Tile: T11SKA)
2025-10-27 00:31:31,290 consumer #0 [INFO] Created 6-band GeoTIFF: TX_late_season_2024/2024-09-26/S2A_MSIL2A_20240926T173101_N0511_R055_T13SFU_20240927T003707.tif
2025-10-27 00:31:31,316 consumer #0 [INFO] Successfully processed 'S2A_MSIL2A_20240926T173101_N0511_R055_T13SFU_20240927T003707' -> TX_late_season_2024/2024-09-26/S2A_MSIL2A_20240926T173101_N0511_R055_T13SFU_20240927T003707.tif
2025-10-27 00:31:31,317 consumer #0 [DEBUG] Downloader is done
2025-10-27 00:31:35,573 MainThread [INFO] Checking thread statuses...
2025-10-27 00:31:51,759 consumer #1 [INFO] Processing ZIP to 6-band for 'S2B_MSIL2A_20240404T172859_N0510_R055_T13SGU_20240405T003335' (Tile: T13SGU)
2025-10-27 00:31:51,760 consumer #1 [DEBUG] Processing TX_early_season_2024/2024-04-04/S2B_MSIL2A_20240404T172859_N0510_R055_T13SGU_20240405T003335.SAFE.zip into TX_early_season_2024/2024-04-04/S2B_MSIL2A_20240404T172859_N0510_R055_T13SGU_20240405T003335.tif
2025-10-27 00:31:51,760 consumer #1 [DEBUG] Extracting S2B_MSIL2A_20240404T172859_N0510_R055_T13SGU_20240405T003335 to temporary directory: TX_early_season_2024/2024-04-04/extract_S2B_MSIL2A_20240404T172859_N0510_R055_T13SGU_20240405T003335_oh8rf5jr
2025-10-27 00:31:52,816 consumer #1 [DEBUG] Found 1 .SAFE directories: ['S2B_MSIL2A_20240404T172859_N0510_R055_T13SGU_20240405T003335.SAFE']
2025-10-27 00:31:52,816 consumer #1 [DEBUG] Found all 6 bands for S2B_MSIL2A_20240404T172859_N0510_R055_T13SGU_20240405T003335
2025-10-27 00:31:53,253 consumer #1 [DEBUG] Read B02 at native 10m
2025-10-27 00:31:53,753 consumer #1 [DEBUG] Read B03 at native 10m
2025-10-27 00:31:54,242 consumer #1 [DEBUG] Read B04 at native 10m
2025-10-27 00:31:54,794 consumer #1 [DEBUG] Resampled B8A from 20m to 10m
2025-10-27 00:31:55,320 consumer #1 [DEBUG] Resampled B11 from 20m to 10m
2025-10-27 00:31:55,853 consumer #1 [DEBUG] Resampled B12 from 20m to 10m
2025-10-27 00:32:02,022 consumer #3 [INFO] Processing ZIP to 6-band for 'S2A_MSIL2A_20240618T172901_N0510_R055_T13SGU_20240619T004800' (Tile: T13SGU)
2025-10-27 00:32:02,022 consumer #3 [DEBUG] Processing TX_mid_season_2024/2024-06-18/S2A_MSIL2A_20240618T172901_N0510_R055_T13SGU_20240619T004800.SAFE.zip into TX_mid_season_2024/2024-06-18/S2A_MSIL2A_20240618T172901_N0510_R055_T13SGU_20240619T004800.tif
2025-10-27 00:32:02,023 consumer #3 [DEBUG] Extracting S2A_MSIL2A_20240618T172901_N0510_R055_T13SGU_20240619T004800 to temporary directory: TX_mid_season_2024/2024-06-18/extract_S2A_MSIL2A_20240618T172901_N0510_R055_T13SGU_20240619T004800_14w22wkp
2025-10-27 00:32:03,073 consumer #3 [DEBUG] Found 1 .SAFE directories: ['S2A_MSIL2A_20240618T172901_N0510_R055_T13SGU_20240619T004800.SAFE']
2025-10-27 00:32:03,073 consumer #3 [DEBUG] Found all 6 bands for S2A_MSIL2A_20240618T172901_N0510_R055_T13SGU_20240619T004800
2025-10-27 00:32:03,588 consumer #3 [DEBUG] Read B02 at native 10m
2025-10-27 00:32:04,037 consumer #3 [DEBUG] Read B03 at native 10m
2025-10-27 00:32:04,477 consumer #3 [DEBUG] Read B04 at native 10m
2025-10-27 00:32:05,001 consumer #3 [DEBUG] Resampled B8A from 20m to 10m
2025-10-27 00:32:05,545 consumer #3 [DEBUG] Resampled B11 from 20m to 10m
2025-10-27 00:32:06,079 consumer #3 [DEBUG] Resampled B12 from 20m to 10m
2025-10-27 00:32:18,106 consumer #1 [INFO] Created 6-band GeoTIFF: TX_early_season_2024/2024-04-04/S2B_MSIL2A_20240404T172859_N0510_R055_T13SGU_20240405T003335.tif
2025-10-27 00:32:18,129 consumer #1 [INFO] Successfully processed 'S2B_MSIL2A_20240404T172859_N0510_R055_T13SGU_20240405T003335' -> TX_early_season_2024/2024-04-04/S2B_MSIL2A_20240404T172859_N0510_R055_T13SGU_20240405T003335.tif
2025-10-27 00:32:18,129 consumer #1 [INFO] Processing feature: S2A_MSIL2A_20240429T172901_N0510_R055_T13SGU_20240430T001051 (Tile code: T13SGU)
2025-10-27 00:32:18,129 consumer #1 [INFO] Downloading 'S2A_MSIL2A_20240429T172901_N0510_R055_T13SGU_20240430T001051' (Tile: T13SGU)
2025-10-27 00:32:18,136 consumer #3 [INFO] Created 6-band GeoTIFF: TX_mid_season_2024/2024-06-18/S2A_MSIL2A_20240618T172901_N0510_R055_T13SGU_20240619T004800.tif
2025-10-27 00:32:18,154 consumer #3 [INFO] Successfully processed 'S2A_MSIL2A_20240618T172901_N0510_R055_T13SGU_20240619T004800' -> TX_mid_season_2024/2024-06-18/S2A_MSIL2A_20240618T172901_N0510_R055_T13SGU_20240619T004800.tif
2025-10-27 00:32:18,154 consumer #3 [INFO] Processing feature: S2A_MSIL2A_20240628T172901_N0510_R055_T13SGT_20240629T005750 (Tile code: T13SGT)
2025-10-27 00:32:18,155 consumer #3 [INFO] Downloading 'S2A_MSIL2A_20240628T172901_N0510_R055_T13SGT_20240629T005750' (Tile: T13SGT)
2025-10-27 00:32:39,254 consumer #2 [INFO] Processing ZIP to 6-band for 'S2A_MSIL2A_20240916T172951_N0511_R055_T13SGU_20240917T005553' (Tile: T13SGU)
2025-10-27 00:32:39,254 consumer #2 [DEBUG] Processing TX_late_season_2024/2024-09-16/S2A_MSIL2A_20240916T172951_N0511_R055_T13SGU_20240917T005553.SAFE.zip into TX_late_season_2024/2024-09-16/S2A_MSIL2A_20240916T172951_N0511_R055_T13SGU_20240917T005553.tif
2025-10-27 00:32:39,256 consumer #2 [DEBUG] Extracting S2A_MSIL2A_20240916T172951_N0511_R055_T13SGU_20240917T005553 to temporary directory: TX_late_season_2024/2024-09-16/extract_S2A_MSIL2A_20240916T172951_N0511_R055_T13SGU_20240917T005553_k2_tc13y
2025-10-27 00:32:40,294 consumer #2 [DEBUG] Found 1 .SAFE directories: ['S2A_MSIL2A_20240916T172951_N0511_R055_T13SGU_20240917T005553.SAFE']
2025-10-27 00:32:40,294 consumer #2 [DEBUG] Found all 6 bands for S2A_MSIL2A_20240916T172951_N0511_R055_T13SGU_20240917T005553
2025-10-27 00:32:40,790 consumer #2 [DEBUG] Read B02 at native 10m
2025-10-27 00:32:41,244 consumer #2 [DEBUG] Read B03 at native 10m
2025-10-27 00:32:41,733 consumer #2 [DEBUG] Read B04 at native 10m
2025-10-27 00:32:42,278 consumer #2 [DEBUG] Resampled B8A from 20m to 10m
2025-10-27 00:32:42,835 consumer #2 [DEBUG] Resampled B11 from 20m to 10m
2025-10-27 00:32:43,379 consumer #2 [DEBUG] Resampled B12 from 20m to 10m
2025-10-27 00:32:52,245 consumer #2 [INFO] Processing ZIP to 6-band for 'S2A_MSIL2A_20240429T172901_N0510_R055_T13SGT_20240430T001051' (Tile: T13SGT)
2025-10-27 00:32:52,246 consumer #2 [DEBUG] Processing TX_early_season_2024/2024-04-29/S2A_MSIL2A_20240429T172901_N0510_R055_T13SGT_20240430T001051.SAFE.zip into TX_early_season_2024/2024-04-29/S2A_MSIL2A_20240429T172901_N0510_R055_T13SGT_20240430T001051.tif
2025-10-27 00:32:52,246 consumer #2 [DEBUG] Extracting S2A_MSIL2A_20240429T172901_N0510_R055_T13SGT_20240430T001051 to temporary directory: TX_early_season_2024/2024-04-29/extract_S2A_MSIL2A_20240429T172901_N0510_R055_T13SGT_20240430T001051_3vrw3v9h
2025-10-27 00:32:53,822 consumer #2 [ERROR] Error processing S2A_MSIL2A_20240429T172901_N0510_R055_T13SGT_20240430T001051: [Errno 122] Disk quota exceeded
2025-10-27 00:32:53,822 consumer #2 [WARNING] Retrying S2A_MSIL2A_20240429T172901_N0510_R055_T13SGT_20240430T001051, remaining: 3
2025-10-27 00:32:53,822 consumer #2 [INFO] Processing feature: S2A_MSIL2A_20240429T172901_N0510_R055_T13SGT_20240430T001051 (Tile code: T13SGT)
2025-10-27 00:32:53,823 consumer #2 [INFO] Downloading 'S2A_MSIL2A_20240429T172901_N0510_R055_T13SGT_20240430T001051' (Tile: T13SGT)
2025-10-27 00:32:53,823 consumer #2 [INFO] Processing ZIP to 6-band for 'S2A_MSIL2A_20240429T172901_N0510_R055_T13SGT_20240430T001051' (Tile: T13SGT)
2025-10-27 00:32:53,823 consumer #2 [DEBUG] Processing TX_early_season_2024/2024-04-29/S2A_MSIL2A_20240429T172901_N0510_R055_T13SGT_20240430T001051.SAFE.zip into TX_early_season_2024/2024-04-29/S2A_MSIL2A_20240429T172901_N0510_R055_T13SGT_20240430T001051.tif
2025-10-27 00:32:53,841 consumer #2 [DEBUG] Extracting S2A_MSIL2A_20240429T172901_N0510_R055_T13SGT_20240430T001051 to temporary directory: TX_early_season_2024/2024-04-29/extract_S2A_MSIL2A_20240429T172901_N0510_R055_T13SGT_20240430T001051_569w1ibg
2025-10-27 00:32:54,985 consumer #2 [ERROR] Error processing S2A_MSIL2A_20240429T172901_N0510_R055_T13SGT_20240430T001051: [Errno 122] Disk quota exceeded
2025-10-27 00:32:54,985 consumer #2 [WARNING] Retrying S2A_MSIL2A_20240429T172901_N0510_R055_T13SGT_20240430T001051, remaining: 2
2025-10-27 00:32:54,985 consumer #2 [INFO] Processing feature: S2A_MSIL2A_20240429T172901_N0510_R055_T13SGT_20240430T001051 (Tile code: T13SGT)
2025-10-27 00:32:54,985 consumer #2 [INFO] Downloading 'S2A_MSIL2A_20240429T172901_N0510_R055_T13SGT_20240430T001051' (Tile: T13SGT)
2025-10-27 00:32:54,985 consumer #2 [INFO] Processing ZIP to 6-band for 'S2A_MSIL2A_20240429T172901_N0510_R055_T13SGT_20240430T001051' (Tile: T13SGT)
2025-10-27 00:32:54,985 consumer #2 [DEBUG] Processing TX_early_season_2024/2024-04-29/S2A_MSIL2A_20240429T172901_N0510_R055_T13SGT_20240430T001051.SAFE.zip into TX_early_season_2024/2024-04-29/S2A_MSIL2A_20240429T172901_N0510_R055_T13SGT_20240430T001051.tif
2025-10-27 00:32:54,986 consumer #2 [DEBUG] Extracting S2A_MSIL2A_20240429T172901_N0510_R055_T13SGT_20240430T001051 to temporary directory: TX_early_season_2024/2024-04-29/extract_S2A_MSIL2A_20240429T172901_N0510_R055_T13SGT_20240430T001051_yagcotyv
2025-10-27 00:32:55,970 consumer #2 [ERROR] Error processing S2A_MSIL2A_20240429T172901_N0510_R055_T13SGT_20240430T001051: [Errno 122] Disk quota exceeded
2025-10-27 00:32:55,970 consumer #2 [WARNING] Retrying S2A_MSIL2A_20240429T172901_N0510_R055_T13SGT_20240430T001051, remaining: 1
2025-10-27 00:32:55,970 consumer #2 [INFO] Processing feature: S2A_MSIL2A_20240429T172901_N0510_R055_T13SGT_20240430T001051 (Tile code: T13SGT)
2025-10-27 00:32:55,970 consumer #2 [INFO] Downloading 'S2A_MSIL2A_20240429T172901_N0510_R055_T13SGT_20240430T001051' (Tile: T13SGT)
2025-10-27 00:32:55,971 consumer #2 [INFO] Processing ZIP to 6-band for 'S2A_MSIL2A_20240429T172901_N0510_R055_T13SGT_20240430T001051' (Tile: T13SGT)
2025-10-27 00:32:55,971 consumer #2 [DEBUG] Processing TX_early_season_2024/2024-04-29/S2A_MSIL2A_20240429T172901_N0510_R055_T13SGT_20240430T001051.SAFE.zip into TX_early_season_2024/2024-04-29/S2A_MSIL2A_20240429T172901_N0510_R055_T13SGT_20240430T001051.tif
2025-10-27 00:32:55,994 consumer #2 [DEBUG] Extracting S2A_MSIL2A_20240429T172901_N0510_R055_T13SGT_20240430T001051 to temporary directory: TX_early_season_2024/2024-04-29/extract_S2A_MSIL2A_20240429T172901_N0510_R055_T13SGT_20240430T001051_c0kp_auv
2025-10-27 00:32:56,946 consumer #2 [ERROR] Error processing S2A_MSIL2A_20240429T172901_N0510_R055_T13SGT_20240430T001051: [Errno 122] Disk quota exceeded
2025-10-27 00:32:56,947 consumer #2 [INFO] Processing feature: S2A_MSIL2A_20240509T172901_N0510_R055_T13SGU_20240510T002045 (Tile code: T13SGU)
2025-10-27 00:32:56,960 consumer #2 [INFO] Downloading 'S2A_MSIL2A_20240509T172901_N0510_R055_T13SGU_20240510T002045' (Tile: T13SGU)
2025-10-27 00:33:02,684 consumer #2 [INFO] Created 6-band GeoTIFF: TX_late_season_2024/2024-09-16/S2A_MSIL2A_20240916T172951_N0511_R055_T13SGU_20240917T005553.tif
2025-10-27 00:33:02,700 consumer #2 [INFO] Successfully processed 'S2A_MSIL2A_20240916T172951_N0511_R055_T13SGU_20240917T005553' -> TX_late_season_2024/2024-09-16/S2A_MSIL2A_20240916T172951_N0511_R055_T13SGU_20240917T005553.tif
2025-10-27 00:33:02,701 consumer #2 [DEBUG] Downloader is done
2025-10-27 00:33:02,701 MainThread [INFO] Checking thread statuses...
2025-10-27 00:33:45,778 consumer #3 [INFO] Processing ZIP to 6-band for 'S2A_MSIL2A_20240429T172901_N0510_R055_T13SFU_20240430T001051' (Tile: T13SFU)
2025-10-27 00:33:45,778 consumer #3 [DEBUG] Processing TX_early_season_2024/2024-04-29/S2A_MSIL2A_20240429T172901_N0510_R055_T13SFU_20240430T001051.SAFE.zip into TX_early_season_2024/2024-04-29/S2A_MSIL2A_20240429T172901_N0510_R055_T13SFU_20240430T001051.tif
2025-10-27 00:33:45,779 consumer #3 [DEBUG] Extracting S2A_MSIL2A_20240429T172901_N0510_R055_T13SFU_20240430T001051 to temporary directory: TX_early_season_2024/2024-04-29/extract_S2A_MSIL2A_20240429T172901_N0510_R055_T13SFU_20240430T001051_rs_knw8_
2025-10-27 00:33:46,417 consumer #3 [ERROR] Error processing S2A_MSIL2A_20240429T172901_N0510_R055_T13SFU_20240430T001051: [Errno 122] Disk quota exceeded
2025-10-27 00:33:46,417 consumer #3 [WARNING] Retrying S2A_MSIL2A_20240429T172901_N0510_R055_T13SFU_20240430T001051, remaining: 3
2025-10-27 00:33:46,417 consumer #3 [INFO] Processing feature: S2A_MSIL2A_20240429T172901_N0510_R055_T13SFU_20240430T001051 (Tile code: T13SFU)
2025-10-27 00:33:46,418 consumer #3 [INFO] Downloading 'S2A_MSIL2A_20240429T172901_N0510_R055_T13SFU_20240430T001051' (Tile: T13SFU)
2025-10-27 00:33:46,418 consumer #3 [INFO] Processing ZIP to 6-band for 'S2A_MSIL2A_20240429T172901_N0510_R055_T13SFU_20240430T001051' (Tile: T13SFU)
2025-10-27 00:33:46,418 consumer #3 [DEBUG] Processing TX_early_season_2024/2024-04-29/S2A_MSIL2A_20240429T172901_N0510_R055_T13SFU_20240430T001051.SAFE.zip into TX_early_season_2024/2024-04-29/S2A_MSIL2A_20240429T172901_N0510_R055_T13SFU_20240430T001051.tif
2025-10-27 00:33:46,448 consumer #3 [DEBUG] Extracting S2A_MSIL2A_20240429T172901_N0510_R055_T13SFU_20240430T001051 to temporary directory: TX_early_season_2024/2024-04-29/extract_S2A_MSIL2A_20240429T172901_N0510_R055_T13SFU_20240430T001051_g2it2tiu
2025-10-27 00:33:46,549 consumer #1 [ERROR] Error processing S2A_MSIL2A_20240618T172901_N0510_R055_T13SGT_20240619T004800: [Errno 122] Disk quota exceeded: '/scratch/sdas050/S2A_MSIL2A_20240618T172901_N0510_R055_T13SGT_20240619T004800.SAFE_____bzo4bpn/download.zip' -> 'TX_mid_season_2024/2024-06-18/S2A_MSIL2A_20240618T172901_N0510_R055_T13SGT_20240619T004800.SAFE.zip'
2025-10-27 00:33:46,551 consumer #1 [WARNING] Retrying S2A_MSIL2A_20240618T172901_N0510_R055_T13SGT_20240619T004800, remaining: 3
2025-10-27 00:33:46,551 consumer #1 [INFO] Processing feature: S2A_MSIL2A_20240618T172901_N0510_R055_T13SGT_20240619T004800 (Tile code: T13SGT)
2025-10-27 00:33:46,551 consumer #1 [INFO] Downloading 'S2A_MSIL2A_20240618T172901_N0510_R055_T13SGT_20240619T004800' (Tile: T13SGT)
2025-10-27 00:33:46,551 consumer #1 [INFO] Processing ZIP to 6-band for 'S2A_MSIL2A_20240618T172901_N0510_R055_T13SGT_20240619T004800' (Tile: T13SGT)
2025-10-27 00:33:46,552 consumer #1 [DEBUG] Processing TX_mid_season_2024/2024-06-18/S2A_MSIL2A_20240618T172901_N0510_R055_T13SGT_20240619T004800.SAFE.zip into TX_mid_season_2024/2024-06-18/S2A_MSIL2A_20240618T172901_N0510_R055_T13SGT_20240619T004800.tif
2025-10-27 00:33:46,552 consumer #1 [DEBUG] Extracting S2A_MSIL2A_20240618T172901_N0510_R055_T13SGT_20240619T004800 to temporary directory: TX_mid_season_2024/2024-06-18/extract_S2A_MSIL2A_20240618T172901_N0510_R055_T13SGT_20240619T004800_2kzrkgql
2025-10-27 00:33:46,553 consumer #1 [ERROR] Error processing S2A_MSIL2A_20240618T172901_N0510_R055_T13SGT_20240619T004800: File is not a zip file
2025-10-27 00:33:46,553 consumer #1 [WARNING] Retrying S2A_MSIL2A_20240618T172901_N0510_R055_T13SGT_20240619T004800, remaining: 2
2025-10-27 00:33:46,553 consumer #1 [INFO] Processing feature: S2A_MSIL2A_20240618T172901_N0510_R055_T13SGT_20240619T004800 (Tile code: T13SGT)
2025-10-27 00:33:46,553 consumer #1 [INFO] Downloading 'S2A_MSIL2A_20240618T172901_N0510_R055_T13SGT_20240619T004800' (Tile: T13SGT)
2025-10-27 00:33:46,553 consumer #1 [INFO] Processing ZIP to 6-band for 'S2A_MSIL2A_20240618T172901_N0510_R055_T13SGT_20240619T004800' (Tile: T13SGT)
2025-10-27 00:33:46,553 consumer #1 [DEBUG] Processing TX_mid_season_2024/2024-06-18/S2A_MSIL2A_20240618T172901_N0510_R055_T13SGT_20240619T004800.SAFE.zip into TX_mid_season_2024/2024-06-18/S2A_MSIL2A_20240618T172901_N0510_R055_T13SGT_20240619T004800.tif
2025-10-27 00:33:46,553 consumer #1 [DEBUG] Extracting S2A_MSIL2A_20240618T172901_N0510_R055_T13SGT_20240619T004800 to temporary directory: TX_mid_season_2024/2024-06-18/extract_S2A_MSIL2A_20240618T172901_N0510_R055_T13SGT_20240619T004800_v9g8i9va
2025-10-27 00:33:46,553 consumer #1 [ERROR] Error processing S2A_MSIL2A_20240618T172901_N0510_R055_T13SGT_20240619T004800: File is not a zip file
2025-10-27 00:33:46,554 consumer #1 [WARNING] Retrying S2A_MSIL2A_20240618T172901_N0510_R055_T13SGT_20240619T004800, remaining: 1
2025-10-27 00:33:46,554 consumer #1 [INFO] Processing feature: S2A_MSIL2A_20240618T172901_N0510_R055_T13SGT_20240619T004800 (Tile code: T13SGT)
2025-10-27 00:33:46,554 consumer #1 [INFO] Downloading 'S2A_MSIL2A_20240618T172901_N0510_R055_T13SGT_20240619T004800' (Tile: T13SGT)
2025-10-27 00:33:46,554 consumer #1 [INFO] Processing ZIP to 6-band for 'S2A_MSIL2A_20240618T172901_N0510_R055_T13SGT_20240619T004800' (Tile: T13SGT)
2025-10-27 00:33:46,554 consumer #1 [DEBUG] Processing TX_mid_season_2024/2024-06-18/S2A_MSIL2A_20240618T172901_N0510_R055_T13SGT_20240619T004800.SAFE.zip into TX_mid_season_2024/2024-06-18/S2A_MSIL2A_20240618T172901_N0510_R055_T13SGT_20240619T004800.tif
2025-10-27 00:33:46,554 consumer #1 [DEBUG] Extracting S2A_MSIL2A_20240618T172901_N0510_R055_T13SGT_20240619T004800 to temporary directory: TX_mid_season_2024/2024-06-18/extract_S2A_MSIL2A_20240618T172901_N0510_R055_T13SGT_20240619T004800_k_nj66jf
2025-10-27 00:33:46,554 consumer #1 [ERROR] Error processing S2A_MSIL2A_20240618T172901_N0510_R055_T13SGT_20240619T004800: File is not a zip file
2025-10-27 00:33:46,555 consumer #1 [INFO] Processing feature: S2A_MSIL2A_20240628T172901_N0510_R055_T13SFT_20240629T005750 (Tile code: T13SFT)
2025-10-27 00:33:46,555 consumer #1 [INFO] Downloading 'S2A_MSIL2A_20240628T172901_N0510_R055_T13SFT_20240629T005750' (Tile: T13SFT)
2025-10-27 00:33:46,755 consumer #3 [ERROR] Error processing S2A_MSIL2A_20240429T172901_N0510_R055_T13SFU_20240430T001051: [Errno 122] Disk quota exceeded
2025-10-27 00:33:46,756 consumer #3 [WARNING] Retrying S2A_MSIL2A_20240429T172901_N0510_R055_T13SFU_20240430T001051, remaining: 2
2025-10-27 00:33:46,756 consumer #3 [INFO] Processing feature: S2A_MSIL2A_20240429T172901_N0510_R055_T13SFU_20240430T001051 (Tile code: T13SFU)
2025-10-27 00:33:46,756 consumer #3 [INFO] Downloading 'S2A_MSIL2A_20240429T172901_N0510_R055_T13SFU_20240430T001051' (Tile: T13SFU)
2025-10-27 00:33:46,756 consumer #3 [INFO] Processing ZIP to 6-band for 'S2A_MSIL2A_20240429T172901_N0510_R055_T13SFU_20240430T001051' (Tile: T13SFU)
2025-10-27 00:33:46,756 consumer #3 [DEBUG] Processing TX_early_season_2024/2024-04-29/S2A_MSIL2A_20240429T172901_N0510_R055_T13SFU_20240430T001051.SAFE.zip into TX_early_season_2024/2024-04-29/S2A_MSIL2A_20240429T172901_N0510_R055_T13SFU_20240430T001051.tif
2025-10-27 00:33:46,779 consumer #3 [DEBUG] Extracting S2A_MSIL2A_20240429T172901_N0510_R055_T13SFU_20240430T001051 to temporary directory: TX_early_season_2024/2024-04-29/extract_S2A_MSIL2A_20240429T172901_N0510_R055_T13SFU_20240430T001051_bp6y8lah
2025-10-27 00:33:47,598 consumer #3 [ERROR] Error processing S2A_MSIL2A_20240429T172901_N0510_R055_T13SFU_20240430T001051: [Errno 122] Disk quota exceeded
2025-10-27 00:33:47,598 consumer #3 [WARNING] Retrying S2A_MSIL2A_20240429T172901_N0510_R055_T13SFU_20240430T001051, remaining: 1
2025-10-27 00:33:47,598 consumer #3 [INFO] Processing feature: S2A_MSIL2A_20240429T172901_N0510_R055_T13SFU_20240430T001051 (Tile code: T13SFU)
2025-10-27 00:33:47,598 consumer #3 [INFO] Downloading 'S2A_MSIL2A_20240429T172901_N0510_R055_T13SFU_20240430T001051' (Tile: T13SFU)
2025-10-27 00:33:47,598 consumer #3 [INFO] Processing ZIP to 6-band for 'S2A_MSIL2A_20240429T172901_N0510_R055_T13SFU_20240430T001051' (Tile: T13SFU)
2025-10-27 00:33:47,598 consumer #3 [DEBUG] Processing TX_early_season_2024/2024-04-29/S2A_MSIL2A_20240429T172901_N0510_R055_T13SFU_20240430T001051.SAFE.zip into TX_early_season_2024/2024-04-29/S2A_MSIL2A_20240429T172901_N0510_R055_T13SFU_20240430T001051.tif
2025-10-27 00:33:47,611 consumer #3 [DEBUG] Extracting S2A_MSIL2A_20240429T172901_N0510_R055_T13SFU_20240430T001051 to temporary directory: TX_early_season_2024/2024-04-29/extract_S2A_MSIL2A_20240429T172901_N0510_R055_T13SFU_20240430T001051_2x9py4j9
2025-10-27 00:33:48,680 consumer #3 [ERROR] Error processing S2A_MSIL2A_20240429T172901_N0510_R055_T13SFU_20240430T001051: [Errno 122] Disk quota exceeded
2025-10-27 00:33:48,681 consumer #3 [INFO] Processing feature: S2A_MSIL2A_20240509T172901_N0510_R055_T13SFT_20240510T002045 (Tile code: T13SFT)
2025-10-27 00:33:48,681 consumer #3 [INFO] Downloading 'S2A_MSIL2A_20240509T172901_N0510_R055_T13SFT_20240510T002045' (Tile: T13SFT)
2025-10-27 00:34:00,023 consumer #3 [ERROR] Error processing S2A_MSIL2A_20240808T183921_N0511_R070_T11SKA_20240809T012502: [Errno 122] Disk quota exceeded: '/scratch/sdas050/S2A_MSIL2A_20240808T183921_N0511_R070_T11SKA_20240809T012502.SAFE____ldju6eoh/download.zip' -> 'CA_mid_season_2024/2024-08-08/S2A_MSIL2A_20240808T183921_N0511_R070_T11SKA_20240809T012502.SAFE.zip'
2025-10-27 00:34:00,024 consumer #3 [WARNING] Retrying S2A_MSIL2A_20240808T183921_N0511_R070_T11SKA_20240809T012502, remaining: 3
2025-10-27 00:34:00,025 consumer #3 [INFO] Processing feature: S2A_MSIL2A_20240808T183921_N0511_R070_T11SKA_20240809T012502 (Tile code: T11SKA)
2025-10-27 00:34:00,025 consumer #3 [INFO] Downloading 'S2A_MSIL2A_20240808T183921_N0511_R070_T11SKA_20240809T012502' (Tile: T11SKA)
2025-10-27 00:34:00,025 consumer #3 [INFO] Processing ZIP to 6-band for 'S2A_MSIL2A_20240808T183921_N0511_R070_T11SKA_20240809T012502' (Tile: T11SKA)
2025-10-27 00:34:00,025 consumer #3 [DEBUG] Processing CA_mid_season_2024/2024-08-08/S2A_MSIL2A_20240808T183921_N0511_R070_T11SKA_20240809T012502.SAFE.zip into CA_mid_season_2024/2024-08-08/S2A_MSIL2A_20240808T183921_N0511_R070_T11SKA_20240809T012502.tif
2025-10-27 00:34:00,040 consumer #3 [DEBUG] Extracting S2A_MSIL2A_20240808T183921_N0511_R070_T11SKA_20240809T012502 to temporary directory: CA_mid_season_2024/2024-08-08/extract_S2A_MSIL2A_20240808T183921_N0511_R070_T11SKA_20240809T012502_wp2kw39o
2025-10-27 00:34:00,041 consumer #3 [ERROR] Error processing S2A_MSIL2A_20240808T183921_N0511_R070_T11SKA_20240809T012502: File is not a zip file
2025-10-27 00:34:00,041 consumer #3 [WARNING] Retrying S2A_MSIL2A_20240808T183921_N0511_R070_T11SKA_20240809T012502, remaining: 2
2025-10-27 00:34:00,041 consumer #3 [INFO] Processing feature: S2A_MSIL2A_20240808T183921_N0511_R070_T11SKA_20240809T012502 (Tile code: T11SKA)
2025-10-27 00:34:00,041 consumer #3 [INFO] Downloading 'S2A_MSIL2A_20240808T183921_N0511_R070_T11SKA_20240809T012502' (Tile: T11SKA)
2025-10-27 00:34:00,041 consumer #3 [INFO] Processing ZIP to 6-band for 'S2A_MSIL2A_20240808T183921_N0511_R070_T11SKA_20240809T012502' (Tile: T11SKA)
2025-10-27 00:34:00,041 consumer #3 [DEBUG] Processing CA_mid_season_2024/2024-08-08/S2A_MSIL2A_20240808T183921_N0511_R070_T11SKA_20240809T012502.SAFE.zip into CA_mid_season_2024/2024-08-08/S2A_MSIL2A_20240808T183921_N0511_R070_T11SKA_20240809T012502.tif
2025-10-27 00:34:00,042 consumer #3 [DEBUG] Extracting S2A_MSIL2A_20240808T183921_N0511_R070_T11SKA_20240809T012502 to temporary directory: CA_mid_season_2024/2024-08-08/extract_S2A_MSIL2A_20240808T183921_N0511_R070_T11SKA_20240809T012502_hw8jz6zu
2025-10-27 00:34:00,042 consumer #3 [ERROR] Error processing S2A_MSIL2A_20240808T183921_N0511_R070_T11SKA_20240809T012502: File is not a zip file
2025-10-27 00:34:00,042 consumer #3 [WARNING] Retrying S2A_MSIL2A_20240808T183921_N0511_R070_T11SKA_20240809T012502, remaining: 1
2025-10-27 00:34:00,042 consumer #3 [INFO] Processing feature: S2A_MSIL2A_20240808T183921_N0511_R070_T11SKA_20240809T012502 (Tile code: T11SKA)
2025-10-27 00:34:00,042 consumer #3 [INFO] Downloading 'S2A_MSIL2A_20240808T183921_N0511_R070_T11SKA_20240809T012502' (Tile: T11SKA)
2025-10-27 00:34:00,042 consumer #3 [INFO] Processing ZIP to 6-band for 'S2A_MSIL2A_20240808T183921_N0511_R070_T11SKA_20240809T012502' (Tile: T11SKA)
2025-10-27 00:34:00,042 consumer #3 [DEBUG] Processing CA_mid_season_2024/2024-08-08/S2A_MSIL2A_20240808T183921_N0511_R070_T11SKA_20240809T012502.SAFE.zip into CA_mid_season_2024/2024-08-08/S2A_MSIL2A_20240808T183921_N0511_R070_T11SKA_20240809T012502.tif
2025-10-27 00:34:00,062 consumer #3 [DEBUG] Extracting S2A_MSIL2A_20240808T183921_N0511_R070_T11SKA_20240809T012502 to temporary directory: CA_mid_season_2024/2024-08-08/extract_S2A_MSIL2A_20240808T183921_N0511_R070_T11SKA_20240809T012502_45j4znrr
2025-10-27 00:34:00,063 consumer #3 [ERROR] Error processing S2A_MSIL2A_20240808T183921_N0511_R070_T11SKA_20240809T012502: File is not a zip file
2025-10-27 00:34:00,063 consumer #3 [INFO] Processing feature: S2A_MSIL2A_20240828T183921_N0511_R070_T10SGF_20240829T011944 (Tile code: T10SGF)
2025-10-27 00:34:00,063 consumer #3 [INFO] Downloading 'S2A_MSIL2A_20240828T183921_N0511_R070_T10SGF_20240829T011944' (Tile: T10SGF)
2025-10-27 00:35:02,702 MainThread [INFO] Checking thread statuses...
2025-10-27 00:35:35,573 MainThread [INFO] Checking thread statuses...
2025-10-27 00:35:41,821 MainThread [INFO] Checking thread statuses...
2025-10-27 00:35:48,528 MainThread [INFO] Checking thread statuses...
2025-10-27 00:36:25,318 consumer #1 [ERROR] Error processing S2A_MSIL2A_20240429T172901_N0510_R055_T13SGU_20240430T001051: [Errno 122] Disk quota exceeded
2025-10-27 00:36:25,321 consumer #1 [WARNING] Retrying S2A_MSIL2A_20240429T172901_N0510_R055_T13SGU_20240430T001051, remaining: 3
2025-10-27 00:36:25,321 consumer #1 [INFO] Processing feature: S2A_MSIL2A_20240429T172901_N0510_R055_T13SGU_20240430T001051 (Tile code: T13SGU)
2025-10-27 00:36:25,321 consumer #1 [INFO] Downloading 'S2A_MSIL2A_20240429T172901_N0510_R055_T13SGU_20240430T001051' (Tile: T13SGU)
2025-10-27 00:36:25,321 consumer #1 [INFO] Processing ZIP to 6-band for 'S2A_MSIL2A_20240429T172901_N0510_R055_T13SGU_20240430T001051' (Tile: T13SGU)
2025-10-27 00:36:25,321 consumer #1 [DEBUG] Processing TX_early_season_2024/2024-04-29/S2A_MSIL2A_20240429T172901_N0510_R055_T13SGU_20240430T001051.SAFE.zip into TX_early_season_2024/2024-04-29/S2A_MSIL2A_20240429T172901_N0510_R055_T13SGU_20240430T001051.tif
2025-10-27 00:36:25,335 consumer #1 [DEBUG] Extracting S2A_MSIL2A_20240429T172901_N0510_R055_T13SGU_20240430T001051 to temporary directory: TX_early_season_2024/2024-04-29/extract_S2A_MSIL2A_20240429T172901_N0510_R055_T13SGU_20240430T001051_71baopqc
2025-10-27 00:36:25,336 consumer #1 [ERROR] Error processing S2A_MSIL2A_20240429T172901_N0510_R055_T13SGU_20240430T001051: File is not a zip file
2025-10-27 00:36:25,336 consumer #1 [WARNING] Retrying S2A_MSIL2A_20240429T172901_N0510_R055_T13SGU_20240430T001051, remaining: 2
2025-10-27 00:36:25,336 consumer #1 [INFO] Processing feature: S2A_MSIL2A_20240429T172901_N0510_R055_T13SGU_20240430T001051 (Tile code: T13SGU)
2025-10-27 00:36:25,336 consumer #1 [INFO] Downloading 'S2A_MSIL2A_20240429T172901_N0510_R055_T13SGU_20240430T001051' (Tile: T13SGU)
2025-10-27 00:36:25,336 consumer #1 [INFO] Processing ZIP to 6-band for 'S2A_MSIL2A_20240429T172901_N0510_R055_T13SGU_20240430T001051' (Tile: T13SGU)
2025-10-27 00:36:25,336 consumer #1 [DEBUG] Processing TX_early_season_2024/2024-04-29/S2A_MSIL2A_20240429T172901_N0510_R055_T13SGU_20240430T001051.SAFE.zip into TX_early_season_2024/2024-04-29/S2A_MSIL2A_20240429T172901_N0510_R055_T13SGU_20240430T001051.tif
2025-10-27 00:36:25,337 consumer #1 [DEBUG] Extracting S2A_MSIL2A_20240429T172901_N0510_R055_T13SGU_20240430T001051 to temporary directory: TX_early_season_2024/2024-04-29/extract_S2A_MSIL2A_20240429T172901_N0510_R055_T13SGU_20240430T001051_e5983zks
2025-10-27 00:36:25,337 consumer #1 [ERROR] Error processing S2A_MSIL2A_20240429T172901_N0510_R055_T13SGU_20240430T001051: File is not a zip file
2025-10-27 00:36:25,337 consumer #1 [WARNING] Retrying S2A_MSIL2A_20240429T172901_N0510_R055_T13SGU_20240430T001051, remaining: 1
2025-10-27 00:36:25,337 consumer #1 [INFO] Processing feature: S2A_MSIL2A_20240429T172901_N0510_R055_T13SGU_20240430T001051 (Tile code: T13SGU)
2025-10-27 00:36:25,337 consumer #1 [INFO] Downloading 'S2A_MSIL2A_20240429T172901_N0510_R055_T13SGU_20240430T001051' (Tile: T13SGU)
2025-10-27 00:36:25,337 consumer #1 [INFO] Processing ZIP to 6-band for 'S2A_MSIL2A_20240429T172901_N0510_R055_T13SGU_20240430T001051' (Tile: T13SGU)
2025-10-27 00:36:25,338 consumer #1 [DEBUG] Processing TX_early_season_2024/2024-04-29/S2A_MSIL2A_20240429T172901_N0510_R055_T13SGU_20240430T001051.SAFE.zip into TX_early_season_2024/2024-04-29/S2A_MSIL2A_20240429T172901_N0510_R055_T13SGU_20240430T001051.tif
2025-10-27 00:36:25,354 consumer #1 [DEBUG] Extracting S2A_MSIL2A_20240429T172901_N0510_R055_T13SGU_20240430T001051 to temporary directory: TX_early_season_2024/2024-04-29/extract_S2A_MSIL2A_20240429T172901_N0510_R055_T13SGU_20240430T001051_dbui1596
2025-10-27 00:36:25,355 consumer #1 [ERROR] Error processing S2A_MSIL2A_20240429T172901_N0510_R055_T13SGU_20240430T001051: File is not a zip file
2025-10-27 00:36:25,355 consumer #1 [INFO] Processing feature: S2A_MSIL2A_20240509T172901_N0510_R055_T13SGT_20240510T002045 (Tile code: T13SGT)
2025-10-27 00:36:25,355 consumer #1 [INFO] Downloading 'S2A_MSIL2A_20240509T172901_N0510_R055_T13SGT_20240510T002045' (Tile: T13SGT)
2025-10-27 00:36:54,573 consumer #2 [ERROR] Error processing S2B_MSIL2A_20240623T172859_N0510_R055_T13SFT_20240623T212335: [Errno 122] Disk quota exceeded
2025-10-27 00:36:54,575 consumer #2 [WARNING] Retrying S2B_MSIL2A_20240623T172859_N0510_R055_T13SFT_20240623T212335, remaining: 3
2025-10-27 00:36:54,575 consumer #2 [INFO] Processing feature: S2B_MSIL2A_20240623T172859_N0510_R055_T13SFT_20240623T212335 (Tile code: T13SFT)
2025-10-27 00:36:54,575 consumer #2 [INFO] Downloading 'S2B_MSIL2A_20240623T172859_N0510_R055_T13SFT_20240623T212335' (Tile: T13SFT)
2025-10-27 00:36:54,575 consumer #2 [INFO] Processing ZIP to 6-band for 'S2B_MSIL2A_20240623T172859_N0510_R055_T13SFT_20240623T212335' (Tile: T13SFT)
2025-10-27 00:36:54,575 consumer #2 [DEBUG] Processing TX_mid_season_2024/2024-06-23/S2B_MSIL2A_20240623T172859_N0510_R055_T13SFT_20240623T212335.SAFE.zip into TX_mid_season_2024/2024-06-23/S2B_MSIL2A_20240623T172859_N0510_R055_T13SFT_20240623T212335.tif
2025-10-27 00:36:54,592 consumer #2 [DEBUG] Extracting S2B_MSIL2A_20240623T172859_N0510_R055_T13SFT_20240623T212335 to temporary directory: TX_mid_season_2024/2024-06-23/extract_S2B_MSIL2A_20240623T172859_N0510_R055_T13SFT_20240623T212335_keg8tb_x
2025-10-27 00:36:54,592 consumer #2 [ERROR] Error processing S2B_MSIL2A_20240623T172859_N0510_R055_T13SFT_20240623T212335: File is not a zip file
2025-10-27 00:36:54,592 consumer #2 [WARNING] Retrying S2B_MSIL2A_20240623T172859_N0510_R055_T13SFT_20240623T212335, remaining: 2
2025-10-27 00:36:54,592 consumer #2 [INFO] Processing feature: S2B_MSIL2A_20240623T172859_N0510_R055_T13SFT_20240623T212335 (Tile code: T13SFT)
2025-10-27 00:36:54,593 consumer #2 [INFO] Downloading 'S2B_MSIL2A_20240623T172859_N0510_R055_T13SFT_20240623T212335' (Tile: T13SFT)
2025-10-27 00:36:54,593 consumer #2 [INFO] Processing ZIP to 6-band for 'S2B_MSIL2A_20240623T172859_N0510_R055_T13SFT_20240623T212335' (Tile: T13SFT)
2025-10-27 00:36:54,593 consumer #2 [DEBUG] Processing TX_mid_season_2024/2024-06-23/S2B_MSIL2A_20240623T172859_N0510_R055_T13SFT_20240623T212335.SAFE.zip into TX_mid_season_2024/2024-06-23/S2B_MSIL2A_20240623T172859_N0510_R055_T13SFT_20240623T212335.tif
2025-10-27 00:36:54,593 consumer #2 [DEBUG] Extracting S2B_MSIL2A_20240623T172859_N0510_R055_T13SFT_20240623T212335 to temporary directory: TX_mid_season_2024/2024-06-23/extract_S2B_MSIL2A_20240623T172859_N0510_R055_T13SFT_20240623T212335_16max7v7
2025-10-27 00:36:54,593 consumer #2 [ERROR] Error processing S2B_MSIL2A_20240623T172859_N0510_R055_T13SFT_20240623T212335: File is not a zip file
2025-10-27 00:36:54,594 consumer #2 [WARNING] Retrying S2B_MSIL2A_20240623T172859_N0510_R055_T13SFT_20240623T212335, remaining: 1
2025-10-27 00:36:54,594 consumer #2 [INFO] Processing feature: S2B_MSIL2A_20240623T172859_N0510_R055_T13SFT_20240623T212335 (Tile code: T13SFT)
2025-10-27 00:36:54,594 consumer #2 [INFO] Downloading 'S2B_MSIL2A_20240623T172859_N0510_R055_T13SFT_20240623T212335' (Tile: T13SFT)
2025-10-27 00:36:54,594 consumer #2 [INFO] Processing ZIP to 6-band for 'S2B_MSIL2A_20240623T172859_N0510_R055_T13SFT_20240623T212335' (Tile: T13SFT)
2025-10-27 00:36:54,594 consumer #2 [DEBUG] Processing TX_mid_season_2024/2024-06-23/S2B_MSIL2A_20240623T172859_N0510_R055_T13SFT_20240623T212335.SAFE.zip into TX_mid_season_2024/2024-06-23/S2B_MSIL2A_20240623T172859_N0510_R055_T13SFT_20240623T212335.tif
2025-10-27 00:36:54,621 consumer #2 [DEBUG] Extracting S2B_MSIL2A_20240623T172859_N0510_R055_T13SFT_20240623T212335 to temporary directory: TX_mid_season_2024/2024-06-23/extract_S2B_MSIL2A_20240623T172859_N0510_R055_T13SFT_20240623T212335_42ueb65k
2025-10-27 00:36:54,621 consumer #2 [ERROR] Error processing S2B_MSIL2A_20240623T172859_N0510_R055_T13SFT_20240623T212335: File is not a zip file
2025-10-27 00:36:54,622 consumer #2 [INFO] Processing feature: S2A_MSIL2A_20240628T172901_N0510_R055_T13SGU_20240629T005750 (Tile code: T13SGU)
2025-10-27 00:36:54,622 consumer #2 [INFO] Downloading 'S2A_MSIL2A_20240628T172901_N0510_R055_T13SGU_20240629T005750' (Tile: T13SGU)
2025-10-27 00:37:02,702 MainThread [INFO] Checking thread statuses...
2025-10-27 00:37:52,770 MainThread [INFO] Checking thread statuses...
2025-10-27 00:37:56,955 consumer #1 [ERROR] Error processing S2A_MSIL2A_20240628T172901_N0510_R055_T13SFT_20240629T005750: [Errno 122] Disk quota exceeded
2025-10-27 00:37:56,956 consumer #1 [WARNING] Retrying S2A_MSIL2A_20240628T172901_N0510_R055_T13SFT_20240629T005750, remaining: 3
2025-10-27 00:37:56,956 consumer #1 [INFO] Processing feature: S2A_MSIL2A_20240628T172901_N0510_R055_T13SFT_20240629T005750 (Tile code: T13SFT)
2025-10-27 00:37:56,956 consumer #1 [INFO] Downloading 'S2A_MSIL2A_20240628T172901_N0510_R055_T13SFT_20240629T005750' (Tile: T13SFT)
2025-10-27 00:37:56,956 consumer #1 [INFO] Processing ZIP to 6-band for 'S2A_MSIL2A_20240628T172901_N0510_R055_T13SFT_20240629T005750' (Tile: T13SFT)
2025-10-27 00:37:56,956 consumer #1 [DEBUG] Processing TX_mid_season_2024/2024-06-28/S2A_MSIL2A_20240628T172901_N0510_R055_T13SFT_20240629T005750.SAFE.zip into TX_mid_season_2024/2024-06-28/S2A_MSIL2A_20240628T172901_N0510_R055_T13SFT_20240629T005750.tif
2025-10-27 00:37:56,970 consumer #1 [DEBUG] Extracting S2A_MSIL2A_20240628T172901_N0510_R055_T13SFT_20240629T005750 to temporary directory: TX_mid_season_2024/2024-06-28/extract_S2A_MSIL2A_20240628T172901_N0510_R055_T13SFT_20240629T005750_y50hrmpi
2025-10-27 00:37:56,971 consumer #1 [ERROR] Error processing S2A_MSIL2A_20240628T172901_N0510_R055_T13SFT_20240629T005750: File is not a zip file
2025-10-27 00:37:56,971 consumer #1 [WARNING] Retrying S2A_MSIL2A_20240628T172901_N0510_R055_T13SFT_20240629T005750, remaining: 2
2025-10-27 00:37:56,971 consumer #1 [INFO] Processing feature: S2A_MSIL2A_20240628T172901_N0510_R055_T13SFT_20240629T005750 (Tile code: T13SFT)
2025-10-27 00:37:56,971 consumer #1 [INFO] Downloading 'S2A_MSIL2A_20240628T172901_N0510_R055_T13SFT_20240629T005750' (Tile: T13SFT)
2025-10-27 00:37:56,971 consumer #1 [INFO] Processing ZIP to 6-band for 'S2A_MSIL2A_20240628T172901_N0510_R055_T13SFT_20240629T005750' (Tile: T13SFT)
2025-10-27 00:37:56,971 consumer #1 [DEBUG] Processing TX_mid_season_2024/2024-06-28/S2A_MSIL2A_20240628T172901_N0510_R055_T13SFT_20240629T005750.SAFE.zip into TX_mid_season_2024/2024-06-28/S2A_MSIL2A_20240628T172901_N0510_R055_T13SFT_20240629T005750.tif
2025-10-27 00:37:56,971 consumer #1 [DEBUG] Extracting S2A_MSIL2A_20240628T172901_N0510_R055_T13SFT_20240629T005750 to temporary directory: TX_mid_season_2024/2024-06-28/extract_S2A_MSIL2A_20240628T172901_N0510_R055_T13SFT_20240629T005750_g7rumrqy
2025-10-27 00:37:56,972 consumer #1 [ERROR] Error processing S2A_MSIL2A_20240628T172901_N0510_R055_T13SFT_20240629T005750: File is not a zip file
2025-10-27 00:37:56,972 consumer #1 [WARNING] Retrying S2A_MSIL2A_20240628T172901_N0510_R055_T13SFT_20240629T005750, remaining: 1
2025-10-27 00:37:56,972 consumer #1 [INFO] Processing feature: S2A_MSIL2A_20240628T172901_N0510_R055_T13SFT_20240629T005750 (Tile code: T13SFT)
2025-10-27 00:37:56,972 consumer #1 [INFO] Downloading 'S2A_MSIL2A_20240628T172901_N0510_R055_T13SFT_20240629T005750' (Tile: T13SFT)
2025-10-27 00:37:56,972 consumer #1 [INFO] Processing ZIP to 6-band for 'S2A_MSIL2A_20240628T172901_N0510_R055_T13SFT_20240629T005750' (Tile: T13SFT)
2025-10-27 00:37:56,972 consumer #1 [DEBUG] Processing TX_mid_season_2024/2024-06-28/S2A_MSIL2A_20240628T172901_N0510_R055_T13SFT_20240629T005750.SAFE.zip into TX_mid_season_2024/2024-06-28/S2A_MSIL2A_20240628T172901_N0510_R055_T13SFT_20240629T005750.tif
2025-10-27 00:37:56,992 consumer #1 [DEBUG] Extracting S2A_MSIL2A_20240628T172901_N0510_R055_T13SFT_20240629T005750 to temporary directory: TX_mid_season_2024/2024-06-28/extract_S2A_MSIL2A_20240628T172901_N0510_R055_T13SFT_20240629T005750_h4fyvnta
2025-10-27 00:37:56,993 consumer #1 [ERROR] Error processing S2A_MSIL2A_20240628T172901_N0510_R055_T13SFT_20240629T005750: File is not a zip file
2025-10-27 00:37:56,993 consumer #1 [INFO] Processing feature: S2A_MSIL2A_20240628T172901_N0510_R055_T13SFU_20240629T005750 (Tile code: T13SFU)
2025-10-27 00:37:56,993 consumer #1 [INFO] Downloading 'S2A_MSIL2A_20240628T172901_N0510_R055_T13SFU_20240629T005750' (Tile: T13SFU)
2025-10-27 00:38:29,586 consumer #1 [ERROR] Error processing S2A_MSIL2A_20240927T184141_N0511_R070_T11SKA_20240928T001951: [Errno 122] Disk quota exceeded
2025-10-27 00:38:29,587 consumer #1 [WARNING] Retrying S2A_MSIL2A_20240927T184141_N0511_R070_T11SKA_20240928T001951, remaining: 2
2025-10-27 00:38:29,587 consumer #1 [INFO] Processing feature: S2A_MSIL2A_20240927T184141_N0511_R070_T11SKA_20240928T001951 (Tile code: T11SKA)
2025-10-27 00:38:29,587 consumer #1 [INFO] Downloading 'S2A_MSIL2A_20240927T184141_N0511_R070_T11SKA_20240928T001951' (Tile: T11SKA)
2025-10-27 00:38:29,587 consumer #1 [INFO] Processing ZIP to 6-band for 'S2A_MSIL2A_20240927T184141_N0511_R070_T11SKA_20240928T001951' (Tile: T11SKA)
2025-10-27 00:38:29,587 consumer #1 [DEBUG] Processing CA_late_season_2024/2024-09-27/S2A_MSIL2A_20240927T184141_N0511_R070_T11SKA_20240928T001951.SAFE.zip into CA_late_season_2024/2024-09-27/S2A_MSIL2A_20240927T184141_N0511_R070_T11SKA_20240928T001951.tif
2025-10-27 00:38:29,600 consumer #1 [DEBUG] Extracting S2A_MSIL2A_20240927T184141_N0511_R070_T11SKA_20240928T001951 to temporary directory: CA_late_season_2024/2024-09-27/extract_S2A_MSIL2A_20240927T184141_N0511_R070_T11SKA_20240928T001951_9a9j3h2_
2025-10-27 00:38:29,601 consumer #1 [ERROR] Error processing S2A_MSIL2A_20240927T184141_N0511_R070_T11SKA_20240928T001951: File is not a zip file
2025-10-27 00:38:29,601 consumer #1 [WARNING] Retrying S2A_MSIL2A_20240927T184141_N0511_R070_T11SKA_20240928T001951, remaining: 1
2025-10-27 00:38:29,601 consumer #1 [INFO] Processing feature: S2A_MSIL2A_20240927T184141_N0511_R070_T11SKA_20240928T001951 (Tile code: T11SKA)
2025-10-27 00:38:29,601 consumer #1 [INFO] Downloading 'S2A_MSIL2A_20240927T184141_N0511_R070_T11SKA_20240928T001951' (Tile: T11SKA)
2025-10-27 00:38:29,601 consumer #1 [INFO] Processing ZIP to 6-band for 'S2A_MSIL2A_20240927T184141_N0511_R070_T11SKA_20240928T001951' (Tile: T11SKA)
2025-10-27 00:38:29,601 consumer #1 [DEBUG] Processing CA_late_season_2024/2024-09-27/S2A_MSIL2A_20240927T184141_N0511_R070_T11SKA_20240928T001951.SAFE.zip into CA_late_season_2024/2024-09-27/S2A_MSIL2A_20240927T184141_N0511_R070_T11SKA_20240928T001951.tif
2025-10-27 00:38:29,602 consumer #1 [DEBUG] Extracting S2A_MSIL2A_20240927T184141_N0511_R070_T11SKA_20240928T001951 to temporary directory: CA_late_season_2024/2024-09-27/extract_S2A_MSIL2A_20240927T184141_N0511_R070_T11SKA_20240928T001951_vdofmnhd
2025-10-27 00:38:29,602 consumer #1 [ERROR] Error processing S2A_MSIL2A_20240927T184141_N0511_R070_T11SKA_20240928T001951: File is not a zip file
2025-10-27 00:38:29,603 consumer #1 [DEBUG] Downloader is done
2025-10-27 00:39:02,702 MainThread [INFO] Checking thread statuses...
2025-10-27 00:39:06,036 consumer #3 [ERROR] Error processing S2A_MSIL2A_20240509T172901_N0510_R055_T13SFT_20240510T002045: [Errno 122] Disk quota exceeded
2025-10-27 00:39:06,041 consumer #3 [WARNING] Retrying S2A_MSIL2A_20240509T172901_N0510_R055_T13SFT_20240510T002045, remaining: 3
2025-10-27 00:39:06,041 consumer #3 [INFO] Processing feature: S2A_MSIL2A_20240509T172901_N0510_R055_T13SFT_20240510T002045 (Tile code: T13SFT)
2025-10-27 00:39:06,041 consumer #3 [INFO] Downloading 'S2A_MSIL2A_20240509T172901_N0510_R055_T13SFT_20240510T002045' (Tile: T13SFT)
2025-10-27 00:39:06,041 consumer #3 [INFO] Processing ZIP to 6-band for 'S2A_MSIL2A_20240509T172901_N0510_R055_T13SFT_20240510T002045' (Tile: T13SFT)
2025-10-27 00:39:06,041 consumer #3 [DEBUG] Processing TX_early_season_2024/2024-05-09/S2A_MSIL2A_20240509T172901_N0510_R055_T13SFT_20240510T002045.SAFE.zip into TX_early_season_2024/2024-05-09/S2A_MSIL2A_20240509T172901_N0510_R055_T13SFT_20240510T002045.tif
2025-10-27 00:39:06,060 consumer #3 [DEBUG] Extracting S2A_MSIL2A_20240509T172901_N0510_R055_T13SFT_20240510T002045 to temporary directory: TX_early_season_2024/2024-05-09/extract_S2A_MSIL2A_20240509T172901_N0510_R055_T13SFT_20240510T002045_0kwoktks
2025-10-27 00:39:06,061 consumer #3 [ERROR] Error processing S2A_MSIL2A_20240509T172901_N0510_R055_T13SFT_20240510T002045: File is not a zip file
2025-10-27 00:39:06,061 consumer #3 [WARNING] Retrying S2A_MSIL2A_20240509T172901_N0510_R055_T13SFT_20240510T002045, remaining: 2
2025-10-27 00:39:06,061 consumer #3 [INFO] Processing feature: S2A_MSIL2A_20240509T172901_N0510_R055_T13SFT_20240510T002045 (Tile code: T13SFT)
2025-10-27 00:39:06,061 consumer #3 [INFO] Downloading 'S2A_MSIL2A_20240509T172901_N0510_R055_T13SFT_20240510T002045' (Tile: T13SFT)
2025-10-27 00:39:06,061 consumer #3 [INFO] Processing ZIP to 6-band for 'S2A_MSIL2A_20240509T172901_N0510_R055_T13SFT_20240510T002045' (Tile: T13SFT)
2025-10-27 00:39:06,061 consumer #3 [DEBUG] Processing TX_early_season_2024/2024-05-09/S2A_MSIL2A_20240509T172901_N0510_R055_T13SFT_20240510T002045.SAFE.zip into TX_early_season_2024/2024-05-09/S2A_MSIL2A_20240509T172901_N0510_R055_T13SFT_20240510T002045.tif
2025-10-27 00:39:06,062 consumer #3 [DEBUG] Extracting S2A_MSIL2A_20240509T172901_N0510_R055_T13SFT_20240510T002045 to temporary directory: TX_early_season_2024/2024-05-09/extract_S2A_MSIL2A_20240509T172901_N0510_R055_T13SFT_20240510T002045_jyy6czz1
2025-10-27 00:39:06,062 consumer #3 [ERROR] Error processing S2A_MSIL2A_20240509T172901_N0510_R055_T13SFT_20240510T002045: File is not a zip file
2025-10-27 00:39:06,062 consumer #3 [WARNING] Retrying S2A_MSIL2A_20240509T172901_N0510_R055_T13SFT_20240510T002045, remaining: 1
2025-10-27 00:39:06,062 consumer #3 [INFO] Processing feature: S2A_MSIL2A_20240509T172901_N0510_R055_T13SFT_20240510T002045 (Tile code: T13SFT)
2025-10-27 00:39:06,062 consumer #3 [INFO] Downloading 'S2A_MSIL2A_20240509T172901_N0510_R055_T13SFT_20240510T002045' (Tile: T13SFT)
2025-10-27 00:39:06,062 consumer #3 [INFO] Processing ZIP to 6-band for 'S2A_MSIL2A_20240509T172901_N0510_R055_T13SFT_20240510T002045' (Tile: T13SFT)
2025-10-27 00:39:06,062 consumer #3 [DEBUG] Processing TX_early_season_2024/2024-05-09/S2A_MSIL2A_20240509T172901_N0510_R055_T13SFT_20240510T002045.SAFE.zip into TX_early_season_2024/2024-05-09/S2A_MSIL2A_20240509T172901_N0510_R055_T13SFT_20240510T002045.tif
2025-10-27 00:39:06,079 consumer #3 [DEBUG] Extracting S2A_MSIL2A_20240509T172901_N0510_R055_T13SFT_20240510T002045 to temporary directory: TX_early_season_2024/2024-05-09/extract_S2A_MSIL2A_20240509T172901_N0510_R055_T13SFT_20240510T002045_h15nk87m
2025-10-27 00:39:06,079 consumer #3 [ERROR] Error processing S2A_MSIL2A_20240509T172901_N0510_R055_T13SFT_20240510T002045: File is not a zip file
2025-10-27 00:39:06,079 consumer #3 [INFO] Processing feature: S2B_MSIL2A_20240514T172859_N0510_R055_T13SGT_20240514T212904 (Tile code: T13SGT)
2025-10-27 00:39:06,080 consumer #3 [INFO] Downloading 'S2B_MSIL2A_20240514T172859_N0510_R055_T13SGT_20240514T212904' (Tile: T13SGT)
2025-10-27 00:39:09,880 consumer #0 [ERROR] Error processing S2A_MSIL2A_20240429T172901_N0510_R055_T13SFT_20240430T001051: [Errno 122] Disk quota exceeded
2025-10-27 00:39:09,882 consumer #0 [WARNING] Retrying S2A_MSIL2A_20240429T172901_N0510_R055_T13SFT_20240430T001051, remaining: 3
2025-10-27 00:39:09,882 consumer #0 [INFO] Processing feature: S2A_MSIL2A_20240429T172901_N0510_R055_T13SFT_20240430T001051 (Tile code: T13SFT)
2025-10-27 00:39:09,882 consumer #0 [INFO] Downloading 'S2A_MSIL2A_20240429T172901_N0510_R055_T13SFT_20240430T001051' (Tile: T13SFT)
2025-10-27 00:39:09,882 consumer #0 [INFO] Processing ZIP to 6-band for 'S2A_MSIL2A_20240429T172901_N0510_R055_T13SFT_20240430T001051' (Tile: T13SFT)
2025-10-27 00:39:09,882 consumer #0 [DEBUG] Processing TX_early_season_2024/2024-04-29/S2A_MSIL2A_20240429T172901_N0510_R055_T13SFT_20240430T001051.SAFE.zip into TX_early_season_2024/2024-04-29/S2A_MSIL2A_20240429T172901_N0510_R055_T13SFT_20240430T001051.tif
2025-10-27 00:39:09,894 consumer #0 [DEBUG] Extracting S2A_MSIL2A_20240429T172901_N0510_R055_T13SFT_20240430T001051 to temporary directory: TX_early_season_2024/2024-04-29/extract_S2A_MSIL2A_20240429T172901_N0510_R055_T13SFT_20240430T001051_tfby7nkr
2025-10-27 00:39:09,895 consumer #0 [ERROR] Error processing S2A_MSIL2A_20240429T172901_N0510_R055_T13SFT_20240430T001051: File is not a zip file
2025-10-27 00:39:09,895 consumer #0 [WARNING] Retrying S2A_MSIL2A_20240429T172901_N0510_R055_T13SFT_20240430T001051, remaining: 2
2025-10-27 00:39:09,895 consumer #0 [INFO] Processing feature: S2A_MSIL2A_20240429T172901_N0510_R055_T13SFT_20240430T001051 (Tile code: T13SFT)
2025-10-27 00:39:09,895 consumer #0 [INFO] Downloading 'S2A_MSIL2A_20240429T172901_N0510_R055_T13SFT_20240430T001051' (Tile: T13SFT)
2025-10-27 00:39:09,895 consumer #0 [INFO] Processing ZIP to 6-band for 'S2A_MSIL2A_20240429T172901_N0510_R055_T13SFT_20240430T001051' (Tile: T13SFT)
2025-10-27 00:39:09,895 consumer #0 [DEBUG] Processing TX_early_season_2024/2024-04-29/S2A_MSIL2A_20240429T172901_N0510_R055_T13SFT_20240430T001051.SAFE.zip into TX_early_season_2024/2024-04-29/S2A_MSIL2A_20240429T172901_N0510_R055_T13SFT_20240430T001051.tif
2025-10-27 00:39:09,896 consumer #0 [DEBUG] Extracting S2A_MSIL2A_20240429T172901_N0510_R055_T13SFT_20240430T001051 to temporary directory: TX_early_season_2024/2024-04-29/extract_S2A_MSIL2A_20240429T172901_N0510_R055_T13SFT_20240430T001051_zv77dhjw
2025-10-27 00:39:09,896 consumer #0 [ERROR] Error processing S2A_MSIL2A_20240429T172901_N0510_R055_T13SFT_20240430T001051: File is not a zip file
2025-10-27 00:39:09,896 consumer #0 [WARNING] Retrying S2A_MSIL2A_20240429T172901_N0510_R055_T13SFT_20240430T001051, remaining: 1
2025-10-27 00:39:09,896 consumer #0 [INFO] Processing feature: S2A_MSIL2A_20240429T172901_N0510_R055_T13SFT_20240430T001051 (Tile code: T13SFT)
2025-10-27 00:39:09,896 consumer #0 [INFO] Downloading 'S2A_MSIL2A_20240429T172901_N0510_R055_T13SFT_20240430T001051' (Tile: T13SFT)
2025-10-27 00:39:09,896 consumer #0 [INFO] Processing ZIP to 6-band for 'S2A_MSIL2A_20240429T172901_N0510_R055_T13SFT_20240430T001051' (Tile: T13SFT)
2025-10-27 00:39:09,896 consumer #0 [DEBUG] Processing TX_early_season_2024/2024-04-29/S2A_MSIL2A_20240429T172901_N0510_R055_T13SFT_20240430T001051.SAFE.zip into TX_early_season_2024/2024-04-29/S2A_MSIL2A_20240429T172901_N0510_R055_T13SFT_20240430T001051.tif
2025-10-27 00:39:09,916 consumer #0 [DEBUG] Extracting S2A_MSIL2A_20240429T172901_N0510_R055_T13SFT_20240430T001051 to temporary directory: TX_early_season_2024/2024-04-29/extract_S2A_MSIL2A_20240429T172901_N0510_R055_T13SFT_20240430T001051_s5les3iu
2025-10-27 00:39:09,917 consumer #0 [ERROR] Error processing S2A_MSIL2A_20240429T172901_N0510_R055_T13SFT_20240430T001051: File is not a zip file
2025-10-27 00:39:09,917 consumer #0 [INFO] Processing feature: S2B_MSIL2A_20240514T172859_N0510_R055_T13SGU_20240514T212904 (Tile code: T13SGU)
2025-10-27 00:39:09,917 consumer #0 [INFO] Downloading 'S2B_MSIL2A_20240514T172859_N0510_R055_T13SGU_20240514T212904' (Tile: T13SGU)
2025-10-27 00:39:35,574 MainThread [INFO] Checking thread statuses...
2025-10-27 00:39:46,605 consumer #1 [ERROR] Error processing S2A_MSIL2A_20240628T172901_N0510_R055_T13SFU_20240629T005750: [Errno 122] Disk quota exceeded
2025-10-27 00:39:46,608 consumer #1 [WARNING] Retrying S2A_MSIL2A_20240628T172901_N0510_R055_T13SFU_20240629T005750, remaining: 3
2025-10-27 00:39:46,608 consumer #1 [INFO] Processing feature: S2A_MSIL2A_20240628T172901_N0510_R055_T13SFU_20240629T005750 (Tile code: T13SFU)
2025-10-27 00:39:46,608 consumer #1 [INFO] Downloading 'S2A_MSIL2A_20240628T172901_N0510_R055_T13SFU_20240629T005750' (Tile: T13SFU)
2025-10-27 00:39:46,609 consumer #1 [INFO] Processing ZIP to 6-band for 'S2A_MSIL2A_20240628T172901_N0510_R055_T13SFU_20240629T005750' (Tile: T13SFU)
2025-10-27 00:39:46,609 consumer #1 [DEBUG] Processing TX_mid_season_2024/2024-06-28/S2A_MSIL2A_20240628T172901_N0510_R055_T13SFU_20240629T005750.SAFE.zip into TX_mid_season_2024/2024-06-28/S2A_MSIL2A_20240628T172901_N0510_R055_T13SFU_20240629T005750.tif
2025-10-27 00:39:46,635 consumer #1 [DEBUG] Extracting S2A_MSIL2A_20240628T172901_N0510_R055_T13SFU_20240629T005750 to temporary directory: TX_mid_season_2024/2024-06-28/extract_S2A_MSIL2A_20240628T172901_N0510_R055_T13SFU_20240629T005750_k477wof5
2025-10-27 00:39:46,636 consumer #1 [ERROR] Error processing S2A_MSIL2A_20240628T172901_N0510_R055_T13SFU_20240629T005750: File is not a zip file
2025-10-27 00:39:46,636 consumer #1 [WARNING] Retrying S2A_MSIL2A_20240628T172901_N0510_R055_T13SFU_20240629T005750, remaining: 2
2025-10-27 00:39:46,636 consumer #1 [INFO] Processing feature: S2A_MSIL2A_20240628T172901_N0510_R055_T13SFU_20240629T005750 (Tile code: T13SFU)
2025-10-27 00:39:46,636 consumer #1 [INFO] Downloading 'S2A_MSIL2A_20240628T172901_N0510_R055_T13SFU_20240629T005750' (Tile: T13SFU)
2025-10-27 00:39:46,636 consumer #1 [INFO] Processing ZIP to 6-band for 'S2A_MSIL2A_20240628T172901_N0510_R055_T13SFU_20240629T005750' (Tile: T13SFU)
2025-10-27 00:39:46,636 consumer #1 [DEBUG] Processing TX_mid_season_2024/2024-06-28/S2A_MSIL2A_20240628T172901_N0510_R055_T13SFU_20240629T005750.SAFE.zip into TX_mid_season_2024/2024-06-28/S2A_MSIL2A_20240628T172901_N0510_R055_T13SFU_20240629T005750.tif
2025-10-27 00:39:46,637 consumer #1 [DEBUG] Extracting S2A_MSIL2A_20240628T172901_N0510_R055_T13SFU_20240629T005750 to temporary directory: TX_mid_season_2024/2024-06-28/extract_S2A_MSIL2A_20240628T172901_N0510_R055_T13SFU_20240629T005750_gz5k5_d6
2025-10-27 00:39:46,637 consumer #1 [ERROR] Error processing S2A_MSIL2A_20240628T172901_N0510_R055_T13SFU_20240629T005750: File is not a zip file
2025-10-27 00:39:46,637 consumer #1 [WARNING] Retrying S2A_MSIL2A_20240628T172901_N0510_R055_T13SFU_20240629T005750, remaining: 1
2025-10-27 00:39:46,637 consumer #1 [INFO] Processing feature: S2A_MSIL2A_20240628T172901_N0510_R055_T13SFU_20240629T005750 (Tile code: T13SFU)
2025-10-27 00:39:46,637 consumer #1 [INFO] Downloading 'S2A_MSIL2A_20240628T172901_N0510_R055_T13SFU_20240629T005750' (Tile: T13SFU)
2025-10-27 00:39:46,637 consumer #1 [INFO] Processing ZIP to 6-band for 'S2A_MSIL2A_20240628T172901_N0510_R055_T13SFU_20240629T005750' (Tile: T13SFU)
2025-10-27 00:39:46,637 consumer #1 [DEBUG] Processing TX_mid_season_2024/2024-06-28/S2A_MSIL2A_20240628T172901_N0510_R055_T13SFU_20240629T005750.SAFE.zip into TX_mid_season_2024/2024-06-28/S2A_MSIL2A_20240628T172901_N0510_R055_T13SFU_20240629T005750.tif
2025-10-27 00:39:46,655 consumer #1 [DEBUG] Extracting S2A_MSIL2A_20240628T172901_N0510_R055_T13SFU_20240629T005750 to temporary directory: TX_mid_season_2024/2024-06-28/extract_S2A_MSIL2A_20240628T172901_N0510_R055_T13SFU_20240629T005750_lfqz1h7e
2025-10-27 00:39:46,655 consumer #1 [ERROR] Error processing S2A_MSIL2A_20240628T172901_N0510_R055_T13SFU_20240629T005750: File is not a zip file
2025-10-27 00:39:46,656 consumer #1 [INFO] Processing feature: S2B_MSIL2A_20240713T172859_N0510_R055_T13SFT_20240713T214123 (Tile code: T13SFT)
2025-10-27 00:39:46,656 consumer #1 [INFO] Downloading 'S2B_MSIL2A_20240713T172859_N0510_R055_T13SFT_20240713T214123' (Tile: T13SFT)
2025-10-27 00:41:02,703 MainThread [INFO] Checking thread statuses...
2025-10-27 00:41:35,574 MainThread [INFO] Checking thread statuses...
2025-10-27 00:42:14,162 consumer #0 [ERROR] Error processing S2B_MSIL2A_20240813T183919_N0511_R070_T11SKA_20240813T224159: [Errno 122] Disk quota exceeded
2025-10-27 00:42:14,164 consumer #0 [WARNING] Retrying S2B_MSIL2A_20240813T183919_N0511_R070_T11SKA_20240813T224159, remaining: 3
2025-10-27 00:42:14,164 consumer #0 [INFO] Processing feature: S2B_MSIL2A_20240813T183919_N0511_R070_T11SKA_20240813T224159 (Tile code: T11SKA)
2025-10-27 00:42:14,164 consumer #0 [INFO] Downloading 'S2B_MSIL2A_20240813T183919_N0511_R070_T11SKA_20240813T224159' (Tile: T11SKA)
2025-10-27 00:42:14,164 consumer #0 [INFO] Processing ZIP to 6-band for 'S2B_MSIL2A_20240813T183919_N0511_R070_T11SKA_20240813T224159' (Tile: T11SKA)
2025-10-27 00:42:14,164 consumer #0 [DEBUG] Processing CA_mid_season_2024/2024-08-13/S2B_MSIL2A_20240813T183919_N0511_R070_T11SKA_20240813T224159.SAFE.zip into CA_mid_season_2024/2024-08-13/S2B_MSIL2A_20240813T183919_N0511_R070_T11SKA_20240813T224159.tif
2025-10-27 00:42:14,179 consumer #0 [DEBUG] Extracting S2B_MSIL2A_20240813T183919_N0511_R070_T11SKA_20240813T224159 to temporary directory: CA_mid_season_2024/2024-08-13/extract_S2B_MSIL2A_20240813T183919_N0511_R070_T11SKA_20240813T224159_yywqs19f
2025-10-27 00:42:14,180 consumer #0 [ERROR] Error processing S2B_MSIL2A_20240813T183919_N0511_R070_T11SKA_20240813T224159: File is not a zip file
2025-10-27 00:42:14,180 consumer #0 [WARNING] Retrying S2B_MSIL2A_20240813T183919_N0511_R070_T11SKA_20240813T224159, remaining: 2
2025-10-27 00:42:14,180 consumer #0 [INFO] Processing feature: S2B_MSIL2A_20240813T183919_N0511_R070_T11SKA_20240813T224159 (Tile code: T11SKA)
2025-10-27 00:42:14,180 consumer #0 [INFO] Downloading 'S2B_MSIL2A_20240813T183919_N0511_R070_T11SKA_20240813T224159' (Tile: T11SKA)
2025-10-27 00:42:14,180 consumer #0 [INFO] Processing ZIP to 6-band for 'S2B_MSIL2A_20240813T183919_N0511_R070_T11SKA_20240813T224159' (Tile: T11SKA)
2025-10-27 00:42:14,180 consumer #0 [DEBUG] Processing CA_mid_season_2024/2024-08-13/S2B_MSIL2A_20240813T183919_N0511_R070_T11SKA_20240813T224159.SAFE.zip into CA_mid_season_2024/2024-08-13/S2B_MSIL2A_20240813T183919_N0511_R070_T11SKA_20240813T224159.tif
2025-10-27 00:42:14,181 consumer #0 [DEBUG] Extracting S2B_MSIL2A_20240813T183919_N0511_R070_T11SKA_20240813T224159 to temporary directory: CA_mid_season_2024/2024-08-13/extract_S2B_MSIL2A_20240813T183919_N0511_R070_T11SKA_20240813T224159_yqxg1e15
2025-10-27 00:42:14,181 consumer #0 [ERROR] Error processing S2B_MSIL2A_20240813T183919_N0511_R070_T11SKA_20240813T224159: File is not a zip file
2025-10-27 00:42:14,181 consumer #0 [WARNING] Retrying S2B_MSIL2A_20240813T183919_N0511_R070_T11SKA_20240813T224159, remaining: 1
2025-10-27 00:42:14,181 consumer #0 [INFO] Processing feature: S2B_MSIL2A_20240813T183919_N0511_R070_T11SKA_20240813T224159 (Tile code: T11SKA)
2025-10-27 00:42:14,181 consumer #0 [INFO] Downloading 'S2B_MSIL2A_20240813T183919_N0511_R070_T11SKA_20240813T224159' (Tile: T11SKA)
2025-10-27 00:42:14,181 consumer #0 [INFO] Processing ZIP to 6-band for 'S2B_MSIL2A_20240813T183919_N0511_R070_T11SKA_20240813T224159' (Tile: T11SKA)
2025-10-27 00:42:14,181 consumer #0 [DEBUG] Processing CA_mid_season_2024/2024-08-13/S2B_MSIL2A_20240813T183919_N0511_R070_T11SKA_20240813T224159.SAFE.zip into CA_mid_season_2024/2024-08-13/S2B_MSIL2A_20240813T183919_N0511_R070_T11SKA_20240813T224159.tif
2025-10-27 00:42:14,201 consumer #0 [DEBUG] Extracting S2B_MSIL2A_20240813T183919_N0511_R070_T11SKA_20240813T224159 to temporary directory: CA_mid_season_2024/2024-08-13/extract_S2B_MSIL2A_20240813T183919_N0511_R070_T11SKA_20240813T224159_vevrn8v8
2025-10-27 00:42:14,201 consumer #0 [ERROR] Error processing S2B_MSIL2A_20240813T183919_N0511_R070_T11SKA_20240813T224159: File is not a zip file
2025-10-27 00:42:14,201 consumer #0 [DEBUG] Downloader is done
2025-10-27 00:43:02,703 MainThread [INFO] Checking thread statuses...
2025-10-27 00:43:35,575 MainThread [INFO] Checking thread statuses...
2025-10-27 00:43:41,822 MainThread [INFO] Checking thread statuses...
2025-10-27 00:43:48,529 MainThread [INFO] Checking thread statuses...
2025-10-27 00:45:02,413 consumer #3 [ERROR] Error processing S2A_MSIL2A_20240628T172901_N0510_R055_T13SGT_20240629T005750: [Errno 122] Disk quota exceeded
2025-10-27 00:45:02,415 consumer #3 [WARNING] Retrying S2A_MSIL2A_20240628T172901_N0510_R055_T13SGT_20240629T005750, remaining: 3
2025-10-27 00:45:02,415 consumer #3 [INFO] Processing feature: S2A_MSIL2A_20240628T172901_N0510_R055_T13SGT_20240629T005750 (Tile code: T13SGT)
2025-10-27 00:45:02,416 consumer #3 [INFO] Downloading 'S2A_MSIL2A_20240628T172901_N0510_R055_T13SGT_20240629T005750' (Tile: T13SGT)
2025-10-27 00:45:02,416 consumer #3 [INFO] Processing ZIP to 6-band for 'S2A_MSIL2A_20240628T172901_N0510_R055_T13SGT_20240629T005750' (Tile: T13SGT)
2025-10-27 00:45:02,416 consumer #3 [DEBUG] Processing TX_mid_season_2024/2024-06-28/S2A_MSIL2A_20240628T172901_N0510_R055_T13SGT_20240629T005750.SAFE.zip into TX_mid_season_2024/2024-06-28/S2A_MSIL2A_20240628T172901_N0510_R055_T13SGT_20240629T005750.tif
2025-10-27 00:45:02,443 consumer #3 [DEBUG] Extracting S2A_MSIL2A_20240628T172901_N0510_R055_T13SGT_20240629T005750 to temporary directory: TX_mid_season_2024/2024-06-28/extract_S2A_MSIL2A_20240628T172901_N0510_R055_T13SGT_20240629T005750_rhoj4w9m
2025-10-27 00:45:02,443 consumer #3 [ERROR] Error processing S2A_MSIL2A_20240628T172901_N0510_R055_T13SGT_20240629T005750: File is not a zip file
2025-10-27 00:45:02,443 consumer #3 [WARNING] Retrying S2A_MSIL2A_20240628T172901_N0510_R055_T13SGT_20240629T005750, remaining: 2
2025-10-27 00:45:02,443 consumer #3 [INFO] Processing feature: S2A_MSIL2A_20240628T172901_N0510_R055_T13SGT_20240629T005750 (Tile code: T13SGT)
2025-10-27 00:45:02,443 consumer #3 [INFO] Downloading 'S2A_MSIL2A_20240628T172901_N0510_R055_T13SGT_20240629T005750' (Tile: T13SGT)
2025-10-27 00:45:02,443 consumer #3 [INFO] Processing ZIP to 6-band for 'S2A_MSIL2A_20240628T172901_N0510_R055_T13SGT_20240629T005750' (Tile: T13SGT)
2025-10-27 00:45:02,444 consumer #3 [DEBUG] Processing TX_mid_season_2024/2024-06-28/S2A_MSIL2A_20240628T172901_N0510_R055_T13SGT_20240629T005750.SAFE.zip into TX_mid_season_2024/2024-06-28/S2A_MSIL2A_20240628T172901_N0510_R055_T13SGT_20240629T005750.tif
2025-10-27 00:45:02,444 consumer #3 [DEBUG] Extracting S2A_MSIL2A_20240628T172901_N0510_R055_T13SGT_20240629T005750 to temporary directory: TX_mid_season_2024/2024-06-28/extract_S2A_MSIL2A_20240628T172901_N0510_R055_T13SGT_20240629T005750_4v6e4krc
2025-10-27 00:45:02,444 consumer #3 [ERROR] Error processing S2A_MSIL2A_20240628T172901_N0510_R055_T13SGT_20240629T005750: File is not a zip file
2025-10-27 00:45:02,444 consumer #3 [WARNING] Retrying S2A_MSIL2A_20240628T172901_N0510_R055_T13SGT_20240629T005750, remaining: 1
2025-10-27 00:45:02,444 consumer #3 [INFO] Processing feature: S2A_MSIL2A_20240628T172901_N0510_R055_T13SGT_20240629T005750 (Tile code: T13SGT)
2025-10-27 00:45:02,444 consumer #3 [INFO] Downloading 'S2A_MSIL2A_20240628T172901_N0510_R055_T13SGT_20240629T005750' (Tile: T13SGT)
2025-10-27 00:45:02,444 consumer #3 [INFO] Processing ZIP to 6-band for 'S2A_MSIL2A_20240628T172901_N0510_R055_T13SGT_20240629T005750' (Tile: T13SGT)
2025-10-27 00:45:02,444 consumer #3 [DEBUG] Processing TX_mid_season_2024/2024-06-28/S2A_MSIL2A_20240628T172901_N0510_R055_T13SGT_20240629T005750.SAFE.zip into TX_mid_season_2024/2024-06-28/S2A_MSIL2A_20240628T172901_N0510_R055_T13SGT_20240629T005750.tif
2025-10-27 00:45:02,458 consumer #3 [DEBUG] Extracting S2A_MSIL2A_20240628T172901_N0510_R055_T13SGT_20240629T005750 to temporary directory: TX_mid_season_2024/2024-06-28/extract_S2A_MSIL2A_20240628T172901_N0510_R055_T13SGT_20240629T005750_x0q1ddo2
2025-10-27 00:45:02,459 consumer #3 [ERROR] Error processing S2A_MSIL2A_20240628T172901_N0510_R055_T13SGT_20240629T005750: File is not a zip file
2025-10-27 00:45:02,459 consumer #3 [INFO] Processing feature: S2B_MSIL2A_20240713T172859_N0510_R055_T13SFU_20240713T214123 (Tile code: T13SFU)
2025-10-27 00:45:02,459 consumer #3 [INFO] Downloading 'S2B_MSIL2A_20240713T172859_N0510_R055_T13SFU_20240713T214123' (Tile: T13SFU)
2025-10-27 00:45:02,704 MainThread [INFO] Checking thread statuses...
2025-10-27 00:45:33,612 consumer #2 [ERROR] Error processing S2B_MSIL2A_20240922T184009_N0511_R070_T11SKA_20240922T225505: join() argument must be str, bytes, or os.PathLike object, not 'NoneType'
2025-10-27 00:45:33,612 consumer #2 [WARNING] Retrying S2B_MSIL2A_20240922T184009_N0511_R070_T11SKA_20240922T225505, remaining: 2
2025-10-27 00:45:33,612 consumer #2 [INFO] Processing feature: S2B_MSIL2A_20240922T184009_N0511_R070_T11SKA_20240922T225505 (Tile code: T11SKA)
2025-10-27 00:45:33,612 consumer #2 [INFO] Downloading 'S2B_MSIL2A_20240922T184009_N0511_R070_T11SKA_20240922T225505' (Tile: T11SKA)
2025-10-27 00:45:35,575 MainThread [INFO] Checking thread statuses...
2025-10-27 00:45:52,771 MainThread [INFO] Checking thread statuses...
2025-10-27 00:46:39,127 consumer #1 [ERROR] Error processing S2A_MSIL2A_20240926T173101_N0511_R055_T13SGT_20240927T003707: join() argument must be str, bytes, or os.PathLike object, not 'NoneType'
2025-10-27 00:46:39,128 consumer #1 [WARNING] Retrying S2A_MSIL2A_20240926T173101_N0511_R055_T13SGT_20240927T003707, remaining: 3
2025-10-27 00:46:39,128 consumer #1 [INFO] Processing feature: S2A_MSIL2A_20240926T173101_N0511_R055_T13SGT_20240927T003707 (Tile code: T13SGT)
2025-10-27 00:46:39,128 consumer #1 [INFO] Downloading 'S2A_MSIL2A_20240926T173101_N0511_R055_T13SGT_20240927T003707' (Tile: T13SGT)
2025-10-27 00:47:02,704 MainThread [INFO] Checking thread statuses...
2025-10-27 00:47:05,267 consumer #2 [ERROR] Error processing S2A_MSIL2A_20240628T172901_N0510_R055_T13SGU_20240629T005750: [Errno 122] Disk quota exceeded
2025-10-27 00:47:05,269 consumer #2 [WARNING] Retrying S2A_MSIL2A_20240628T172901_N0510_R055_T13SGU_20240629T005750, remaining: 3
2025-10-27 00:47:05,269 consumer #2 [INFO] Processing feature: S2A_MSIL2A_20240628T172901_N0510_R055_T13SGU_20240629T005750 (Tile code: T13SGU)
2025-10-27 00:47:05,269 consumer #2 [INFO] Downloading 'S2A_MSIL2A_20240628T172901_N0510_R055_T13SGU_20240629T005750' (Tile: T13SGU)
2025-10-27 00:47:05,269 consumer #2 [INFO] Processing ZIP to 6-band for 'S2A_MSIL2A_20240628T172901_N0510_R055_T13SGU_20240629T005750' (Tile: T13SGU)
2025-10-27 00:47:05,269 consumer #2 [DEBUG] Processing TX_mid_season_2024/2024-06-28/S2A_MSIL2A_20240628T172901_N0510_R055_T13SGU_20240629T005750.SAFE.zip into TX_mid_season_2024/2024-06-28/S2A_MSIL2A_20240628T172901_N0510_R055_T13SGU_20240629T005750.tif
2025-10-27 00:47:05,276 consumer #2 [DEBUG] Extracting S2A_MSIL2A_20240628T172901_N0510_R055_T13SGU_20240629T005750 to temporary directory: TX_mid_season_2024/2024-06-28/extract_S2A_MSIL2A_20240628T172901_N0510_R055_T13SGU_20240629T005750_jhsvow37
2025-10-27 00:47:05,277 consumer #2 [ERROR] Error processing S2A_MSIL2A_20240628T172901_N0510_R055_T13SGU_20240629T005750: File is not a zip file
2025-10-27 00:47:05,277 consumer #2 [WARNING] Retrying S2A_MSIL2A_20240628T172901_N0510_R055_T13SGU_20240629T005750, remaining: 2
2025-10-27 00:47:05,277 consumer #2 [INFO] Processing feature: S2A_MSIL2A_20240628T172901_N0510_R055_T13SGU_20240629T005750 (Tile code: T13SGU)
2025-10-27 00:47:05,277 consumer #2 [INFO] Downloading 'S2A_MSIL2A_20240628T172901_N0510_R055_T13SGU_20240629T005750' (Tile: T13SGU)
2025-10-27 00:47:05,277 consumer #2 [INFO] Processing ZIP to 6-band for 'S2A_MSIL2A_20240628T172901_N0510_R055_T13SGU_20240629T005750' (Tile: T13SGU)
2025-10-27 00:47:05,277 consumer #2 [DEBUG] Processing TX_mid_season_2024/2024-06-28/S2A_MSIL2A_20240628T172901_N0510_R055_T13SGU_20240629T005750.SAFE.zip into TX_mid_season_2024/2024-06-28/S2A_MSIL2A_20240628T172901_N0510_R055_T13SGU_20240629T005750.tif
2025-10-27 00:47:05,277 consumer #2 [DEBUG] Extracting S2A_MSIL2A_20240628T172901_N0510_R055_T13SGU_20240629T005750 to temporary directory: TX_mid_season_2024/2024-06-28/extract_S2A_MSIL2A_20240628T172901_N0510_R055_T13SGU_20240629T005750_7wtai0rr
2025-10-27 00:47:05,278 consumer #2 [ERROR] Error processing S2A_MSIL2A_20240628T172901_N0510_R055_T13SGU_20240629T005750: File is not a zip file
2025-10-27 00:47:05,278 consumer #2 [WARNING] Retrying S2A_MSIL2A_20240628T172901_N0510_R055_T13SGU_20240629T005750, remaining: 1
2025-10-27 00:47:05,278 consumer #2 [INFO] Processing feature: S2A_MSIL2A_20240628T172901_N0510_R055_T13SGU_20240629T005750 (Tile code: T13SGU)
2025-10-27 00:47:05,278 consumer #2 [INFO] Downloading 'S2A_MSIL2A_20240628T172901_N0510_R055_T13SGU_20240629T005750' (Tile: T13SGU)
2025-10-27 00:47:05,278 consumer #2 [INFO] Processing ZIP to 6-band for 'S2A_MSIL2A_20240628T172901_N0510_R055_T13SGU_20240629T005750' (Tile: T13SGU)
2025-10-27 00:47:05,278 consumer #2 [DEBUG] Processing TX_mid_season_2024/2024-06-28/S2A_MSIL2A_20240628T172901_N0510_R055_T13SGU_20240629T005750.SAFE.zip into TX_mid_season_2024/2024-06-28/S2A_MSIL2A_20240628T172901_N0510_R055_T13SGU_20240629T005750.tif
2025-10-27 00:47:05,300 consumer #2 [DEBUG] Extracting S2A_MSIL2A_20240628T172901_N0510_R055_T13SGU_20240629T005750 to temporary directory: TX_mid_season_2024/2024-06-28/extract_S2A_MSIL2A_20240628T172901_N0510_R055_T13SGU_20240629T005750_dha22hj9
2025-10-27 00:47:05,300 consumer #2 [ERROR] Error processing S2A_MSIL2A_20240628T172901_N0510_R055_T13SGU_20240629T005750: File is not a zip file
2025-10-27 00:47:05,300 consumer #2 [INFO] Processing feature: S2B_MSIL2A_20240713T172859_N0510_R055_T13SGT_20240713T214123 (Tile code: T13SGT)
2025-10-27 00:47:05,300 consumer #2 [INFO] Downloading 'S2B_MSIL2A_20240713T172859_N0510_R055_T13SGT_20240713T214123' (Tile: T13SGT)
2025-10-27 00:47:27,236 consumer #1 [ERROR] Error processing S2A_MSIL2A_20240818T183921_N0511_R070_T11SKA_20240819T015050: [Errno 122] Disk quota exceeded
2025-10-27 00:47:27,237 consumer #1 [WARNING] Retrying S2A_MSIL2A_20240818T183921_N0511_R070_T11SKA_20240819T015050, remaining: 3
2025-10-27 00:47:27,237 consumer #1 [INFO] Processing feature: S2A_MSIL2A_20240818T183921_N0511_R070_T11SKA_20240819T015050 (Tile code: T11SKA)
2025-10-27 00:47:27,238 consumer #1 [INFO] Downloading 'S2A_MSIL2A_20240818T183921_N0511_R070_T11SKA_20240819T015050' (Tile: T11SKA)
2025-10-27 00:47:27,238 consumer #1 [INFO] Processing ZIP to 6-band for 'S2A_MSIL2A_20240818T183921_N0511_R070_T11SKA_20240819T015050' (Tile: T11SKA)
2025-10-27 00:47:27,238 consumer #1 [DEBUG] Processing CA_mid_season_2024/2024-08-18/S2A_MSIL2A_20240818T183921_N0511_R070_T11SKA_20240819T015050.SAFE.zip into CA_mid_season_2024/2024-08-18/S2A_MSIL2A_20240818T183921_N0511_R070_T11SKA_20240819T015050.tif
2025-10-27 00:47:27,252 consumer #1 [DEBUG] Extracting S2A_MSIL2A_20240818T183921_N0511_R070_T11SKA_20240819T015050 to temporary directory: CA_mid_season_2024/2024-08-18/extract_S2A_MSIL2A_20240818T183921_N0511_R070_T11SKA_20240819T015050_sjauuhl7
2025-10-27 00:47:27,253 consumer #1 [ERROR] Error processing S2A_MSIL2A_20240818T183921_N0511_R070_T11SKA_20240819T015050: File is not a zip file
2025-10-27 00:47:27,253 consumer #1 [WARNING] Retrying S2A_MSIL2A_20240818T183921_N0511_R070_T11SKA_20240819T015050, remaining: 2
2025-10-27 00:47:27,253 consumer #1 [INFO] Processing feature: S2A_MSIL2A_20240818T183921_N0511_R070_T11SKA_20240819T015050 (Tile code: T11SKA)
2025-10-27 00:47:27,253 consumer #1 [INFO] Downloading 'S2A_MSIL2A_20240818T183921_N0511_R070_T11SKA_20240819T015050' (Tile: T11SKA)
2025-10-27 00:47:27,253 consumer #1 [INFO] Processing ZIP to 6-band for 'S2A_MSIL2A_20240818T183921_N0511_R070_T11SKA_20240819T015050' (Tile: T11SKA)
2025-10-27 00:47:27,253 consumer #1 [DEBUG] Processing CA_mid_season_2024/2024-08-18/S2A_MSIL2A_20240818T183921_N0511_R070_T11SKA_20240819T015050.SAFE.zip into CA_mid_season_2024/2024-08-18/S2A_MSIL2A_20240818T183921_N0511_R070_T11SKA_20240819T015050.tif
2025-10-27 00:47:27,254 consumer #1 [DEBUG] Extracting S2A_MSIL2A_20240818T183921_N0511_R070_T11SKA_20240819T015050 to temporary directory: CA_mid_season_2024/2024-08-18/extract_S2A_MSIL2A_20240818T183921_N0511_R070_T11SKA_20240819T015050_wl60wssq
2025-10-27 00:47:27,254 consumer #1 [ERROR] Error processing S2A_MSIL2A_20240818T183921_N0511_R070_T11SKA_20240819T015050: File is not a zip file
2025-10-27 00:47:27,254 consumer #1 [WARNING] Retrying S2A_MSIL2A_20240818T183921_N0511_R070_T11SKA_20240819T015050, remaining: 1
2025-10-27 00:47:27,254 consumer #1 [INFO] Processing feature: S2A_MSIL2A_20240818T183921_N0511_R070_T11SKA_20240819T015050 (Tile code: T11SKA)
2025-10-27 00:47:27,254 consumer #1 [INFO] Downloading 'S2A_MSIL2A_20240818T183921_N0511_R070_T11SKA_20240819T015050' (Tile: T11SKA)
2025-10-27 00:47:27,255 consumer #1 [INFO] Processing ZIP to 6-band for 'S2A_MSIL2A_20240818T183921_N0511_R070_T11SKA_20240819T015050' (Tile: T11SKA)
2025-10-27 00:47:27,255 consumer #1 [DEBUG] Processing CA_mid_season_2024/2024-08-18/S2A_MSIL2A_20240818T183921_N0511_R070_T11SKA_20240819T015050.SAFE.zip into CA_mid_season_2024/2024-08-18/S2A_MSIL2A_20240818T183921_N0511_R070_T11SKA_20240819T015050.tif
2025-10-27 00:47:27,274 consumer #1 [DEBUG] Extracting S2A_MSIL2A_20240818T183921_N0511_R070_T11SKA_20240819T015050 to temporary directory: CA_mid_season_2024/2024-08-18/extract_S2A_MSIL2A_20240818T183921_N0511_R070_T11SKA_20240819T015050_qeyympat
2025-10-27 00:47:27,274 consumer #1 [ERROR] Error processing S2A_MSIL2A_20240818T183921_N0511_R070_T11SKA_20240819T015050: File is not a zip file
2025-10-27 00:47:27,275 consumer #1 [DEBUG] Downloader is done
2025-10-27 00:47:35,575 MainThread [INFO] Checking thread statuses...
2025-10-27 00:48:14,373 consumer #3 [ERROR] Error processing S2B_MSIL2A_20240713T172859_N0510_R055_T13SFU_20240713T214123: [Errno 122] Disk quota exceeded
2025-10-27 00:48:14,375 consumer #3 [WARNING] Retrying S2B_MSIL2A_20240713T172859_N0510_R055_T13SFU_20240713T214123, remaining: 3
2025-10-27 00:48:14,375 consumer #3 [INFO] Processing feature: S2B_MSIL2A_20240713T172859_N0510_R055_T13SFU_20240713T214123 (Tile code: T13SFU)
2025-10-27 00:48:14,375 consumer #3 [INFO] Downloading 'S2B_MSIL2A_20240713T172859_N0510_R055_T13SFU_20240713T214123' (Tile: T13SFU)
2025-10-27 00:48:14,375 consumer #3 [INFO] Processing ZIP to 6-band for 'S2B_MSIL2A_20240713T172859_N0510_R055_T13SFU_20240713T214123' (Tile: T13SFU)
2025-10-27 00:48:14,375 consumer #3 [DEBUG] Processing TX_mid_season_2024/2024-07-13/S2B_MSIL2A_20240713T172859_N0510_R055_T13SFU_20240713T214123.SAFE.zip into TX_mid_season_2024/2024-07-13/S2B_MSIL2A_20240713T172859_N0510_R055_T13SFU_20240713T214123.tif
2025-10-27 00:48:14,393 consumer #3 [DEBUG] Extracting S2B_MSIL2A_20240713T172859_N0510_R055_T13SFU_20240713T214123 to temporary directory: TX_mid_season_2024/2024-07-13/extract_S2B_MSIL2A_20240713T172859_N0510_R055_T13SFU_20240713T214123_h0tadk39
2025-10-27 00:48:14,393 consumer #3 [ERROR] Error processing S2B_MSIL2A_20240713T172859_N0510_R055_T13SFU_20240713T214123: File is not a zip file
2025-10-27 00:48:14,393 consumer #3 [WARNING] Retrying S2B_MSIL2A_20240713T172859_N0510_R055_T13SFU_20240713T214123, remaining: 2
2025-10-27 00:48:14,393 consumer #3 [INFO] Processing feature: S2B_MSIL2A_20240713T172859_N0510_R055_T13SFU_20240713T214123 (Tile code: T13SFU)
2025-10-27 00:48:14,394 consumer #3 [INFO] Downloading 'S2B_MSIL2A_20240713T172859_N0510_R055_T13SFU_20240713T214123' (Tile: T13SFU)
2025-10-27 00:48:14,394 consumer #3 [INFO] Processing ZIP to 6-band for 'S2B_MSIL2A_20240713T172859_N0510_R055_T13SFU_20240713T214123' (Tile: T13SFU)
2025-10-27 00:48:14,394 consumer #3 [DEBUG] Processing TX_mid_season_2024/2024-07-13/S2B_MSIL2A_20240713T172859_N0510_R055_T13SFU_20240713T214123.SAFE.zip into TX_mid_season_2024/2024-07-13/S2B_MSIL2A_20240713T172859_N0510_R055_T13SFU_20240713T214123.tif
2025-10-27 00:48:14,394 consumer #3 [DEBUG] Extracting S2B_MSIL2A_20240713T172859_N0510_R055_T13SFU_20240713T214123 to temporary directory: TX_mid_season_2024/2024-07-13/extract_S2B_MSIL2A_20240713T172859_N0510_R055_T13SFU_20240713T214123_dgdv0vbk
2025-10-27 00:48:14,394 consumer #3 [ERROR] Error processing S2B_MSIL2A_20240713T172859_N0510_R055_T13SFU_20240713T214123: File is not a zip file
2025-10-27 00:48:14,395 consumer #3 [WARNING] Retrying S2B_MSIL2A_20240713T172859_N0510_R055_T13SFU_20240713T214123, remaining: 1
2025-10-27 00:48:14,395 consumer #3 [INFO] Processing feature: S2B_MSIL2A_20240713T172859_N0510_R055_T13SFU_20240713T214123 (Tile code: T13SFU)
2025-10-27 00:48:14,395 consumer #3 [INFO] Downloading 'S2B_MSIL2A_20240713T172859_N0510_R055_T13SFU_20240713T214123' (Tile: T13SFU)
2025-10-27 00:48:14,395 consumer #3 [INFO] Processing ZIP to 6-band for 'S2B_MSIL2A_20240713T172859_N0510_R055_T13SFU_20240713T214123' (Tile: T13SFU)
2025-10-27 00:48:14,395 consumer #3 [DEBUG] Processing TX_mid_season_2024/2024-07-13/S2B_MSIL2A_20240713T172859_N0510_R055_T13SFU_20240713T214123.SAFE.zip into TX_mid_season_2024/2024-07-13/S2B_MSIL2A_20240713T172859_N0510_R055_T13SFU_20240713T214123.tif
2025-10-27 00:48:14,422 consumer #3 [DEBUG] Extracting S2B_MSIL2A_20240713T172859_N0510_R055_T13SFU_20240713T214123 to temporary directory: TX_mid_season_2024/2024-07-13/extract_S2B_MSIL2A_20240713T172859_N0510_R055_T13SFU_20240713T214123_0iqs2ud1
2025-10-27 00:48:14,423 consumer #3 [ERROR] Error processing S2B_MSIL2A_20240713T172859_N0510_R055_T13SFU_20240713T214123: File is not a zip file
2025-10-27 00:48:14,423 consumer #3 [INFO] Processing feature: S2B_MSIL2A_20240713T172859_N0510_R055_T13SGU_20240713T214123 (Tile code: T13SGU)
2025-10-27 00:48:14,424 consumer #3 [INFO] Downloading 'S2B_MSIL2A_20240713T172859_N0510_R055_T13SGU_20240713T214123' (Tile: T13SGU)
2025-10-27 00:48:41,442 consumer #1 [ERROR] Error processing S2A_MSIL2A_20240509T172901_N0510_R055_T13SGT_20240510T002045: [Errno 122] Disk quota exceeded
2025-10-27 00:48:41,444 consumer #1 [WARNING] Retrying S2A_MSIL2A_20240509T172901_N0510_R055_T13SGT_20240510T002045, remaining: 3
2025-10-27 00:48:41,444 consumer #1 [INFO] Processing feature: S2A_MSIL2A_20240509T172901_N0510_R055_T13SGT_20240510T002045 (Tile code: T13SGT)
2025-10-27 00:48:41,444 consumer #1 [INFO] Downloading 'S2A_MSIL2A_20240509T172901_N0510_R055_T13SGT_20240510T002045' (Tile: T13SGT)
2025-10-27 00:48:41,444 consumer #1 [INFO] Processing ZIP to 6-band for 'S2A_MSIL2A_20240509T172901_N0510_R055_T13SGT_20240510T002045' (Tile: T13SGT)
2025-10-27 00:48:41,444 consumer #1 [DEBUG] Processing TX_early_season_2024/2024-05-09/S2A_MSIL2A_20240509T172901_N0510_R055_T13SGT_20240510T002045.SAFE.zip into TX_early_season_2024/2024-05-09/S2A_MSIL2A_20240509T172901_N0510_R055_T13SGT_20240510T002045.tif
2025-10-27 00:48:41,458 consumer #1 [DEBUG] Extracting S2A_MSIL2A_20240509T172901_N0510_R055_T13SGT_20240510T002045 to temporary directory: TX_early_season_2024/2024-05-09/extract_S2A_MSIL2A_20240509T172901_N0510_R055_T13SGT_20240510T002045_d5l_tlr_
2025-10-27 00:48:41,458 consumer #1 [ERROR] Error processing S2A_MSIL2A_20240509T172901_N0510_R055_T13SGT_20240510T002045: File is not a zip file
2025-10-27 00:48:41,459 consumer #1 [WARNING] Retrying S2A_MSIL2A_20240509T172901_N0510_R055_T13SGT_20240510T002045, remaining: 2
2025-10-27 00:48:41,459 consumer #1 [INFO] Processing feature: S2A_MSIL2A_20240509T172901_N0510_R055_T13SGT_20240510T002045 (Tile code: T13SGT)
2025-10-27 00:48:41,459 consumer #1 [INFO] Downloading 'S2A_MSIL2A_20240509T172901_N0510_R055_T13SGT_20240510T002045' (Tile: T13SGT)
2025-10-27 00:48:41,459 consumer #1 [INFO] Processing ZIP to 6-band for 'S2A_MSIL2A_20240509T172901_N0510_R055_T13SGT_20240510T002045' (Tile: T13SGT)
2025-10-27 00:48:41,459 consumer #1 [DEBUG] Processing TX_early_season_2024/2024-05-09/S2A_MSIL2A_20240509T172901_N0510_R055_T13SGT_20240510T002045.SAFE.zip into TX_early_season_2024/2024-05-09/S2A_MSIL2A_20240509T172901_N0510_R055_T13SGT_20240510T002045.tif
2025-10-27 00:48:41,459 consumer #1 [DEBUG] Extracting S2A_MSIL2A_20240509T172901_N0510_R055_T13SGT_20240510T002045 to temporary directory: TX_early_season_2024/2024-05-09/extract_S2A_MSIL2A_20240509T172901_N0510_R055_T13SGT_20240510T002045_2_0bakey
2025-10-27 00:48:41,460 consumer #1 [ERROR] Error processing S2A_MSIL2A_20240509T172901_N0510_R055_T13SGT_20240510T002045: File is not a zip file
2025-10-27 00:48:41,460 consumer #1 [WARNING] Retrying S2A_MSIL2A_20240509T172901_N0510_R055_T13SGT_20240510T002045, remaining: 1
2025-10-27 00:48:41,460 consumer #1 [INFO] Processing feature: S2A_MSIL2A_20240509T172901_N0510_R055_T13SGT_20240510T002045 (Tile code: T13SGT)
2025-10-27 00:48:41,460 consumer #1 [INFO] Downloading 'S2A_MSIL2A_20240509T172901_N0510_R055_T13SGT_20240510T002045' (Tile: T13SGT)
2025-10-27 00:48:41,460 consumer #1 [INFO] Processing ZIP to 6-band for 'S2A_MSIL2A_20240509T172901_N0510_R055_T13SGT_20240510T002045' (Tile: T13SGT)
2025-10-27 00:48:41,460 consumer #1 [DEBUG] Processing TX_early_season_2024/2024-05-09/S2A_MSIL2A_20240509T172901_N0510_R055_T13SGT_20240510T002045.SAFE.zip into TX_early_season_2024/2024-05-09/S2A_MSIL2A_20240509T172901_N0510_R055_T13SGT_20240510T002045.tif
2025-10-27 00:48:41,488 consumer #1 [DEBUG] Extracting S2A_MSIL2A_20240509T172901_N0510_R055_T13SGT_20240510T002045 to temporary directory: TX_early_season_2024/2024-05-09/extract_S2A_MSIL2A_20240509T172901_N0510_R055_T13SGT_20240510T002045_mmyp80gx
2025-10-27 00:48:41,488 consumer #1 [ERROR] Error processing S2A_MSIL2A_20240509T172901_N0510_R055_T13SGT_20240510T002045: File is not a zip file
2025-10-27 00:48:41,488 consumer #1 [INFO] Processing feature: S2B_MSIL2A_20240514T172859_N0510_R055_T13SFT_20240514T212904 (Tile code: T13SFT)
2025-10-27 00:48:41,489 consumer #1 [INFO] Downloading 'S2B_MSIL2A_20240514T172859_N0510_R055_T13SFT_20240514T212904' (Tile: T13SFT)
2025-10-27 00:48:44,536 consumer #0 [ERROR] Error processing S2A_MSIL2A_20240618T172901_N0510_R055_T13SFT_20240619T004800: [Errno 122] Disk quota exceeded
2025-10-27 00:48:44,538 consumer #0 [WARNING] Retrying S2A_MSIL2A_20240618T172901_N0510_R055_T13SFT_20240619T004800, remaining: 3
2025-10-27 00:48:44,538 consumer #0 [INFO] Processing feature: S2A_MSIL2A_20240618T172901_N0510_R055_T13SFT_20240619T004800 (Tile code: T13SFT)
2025-10-27 00:48:44,538 consumer #0 [INFO] Downloading 'S2A_MSIL2A_20240618T172901_N0510_R055_T13SFT_20240619T004800' (Tile: T13SFT)
2025-10-27 00:48:44,538 consumer #0 [INFO] Processing ZIP to 6-band for 'S2A_MSIL2A_20240618T172901_N0510_R055_T13SFT_20240619T004800' (Tile: T13SFT)
2025-10-27 00:48:44,539 consumer #0 [DEBUG] Processing TX_mid_season_2024/2024-06-18/S2A_MSIL2A_20240618T172901_N0510_R055_T13SFT_20240619T004800.SAFE.zip into TX_mid_season_2024/2024-06-18/S2A_MSIL2A_20240618T172901_N0510_R055_T13SFT_20240619T004800.tif
2025-10-27 00:48:44,553 consumer #0 [DEBUG] Extracting S2A_MSIL2A_20240618T172901_N0510_R055_T13SFT_20240619T004800 to temporary directory: TX_mid_season_2024/2024-06-18/extract_S2A_MSIL2A_20240618T172901_N0510_R055_T13SFT_20240619T004800_s5p15822
2025-10-27 00:48:44,553 consumer #0 [ERROR] Error processing S2A_MSIL2A_20240618T172901_N0510_R055_T13SFT_20240619T004800: File is not a zip file
2025-10-27 00:48:44,553 consumer #0 [WARNING] Retrying S2A_MSIL2A_20240618T172901_N0510_R055_T13SFT_20240619T004800, remaining: 2
2025-10-27 00:48:44,553 consumer #0 [INFO] Processing feature: S2A_MSIL2A_20240618T172901_N0510_R055_T13SFT_20240619T004800 (Tile code: T13SFT)
2025-10-27 00:48:44,553 consumer #0 [INFO] Downloading 'S2A_MSIL2A_20240618T172901_N0510_R055_T13SFT_20240619T004800' (Tile: T13SFT)
2025-10-27 00:48:44,553 consumer #0 [INFO] Processing ZIP to 6-band for 'S2A_MSIL2A_20240618T172901_N0510_R055_T13SFT_20240619T004800' (Tile: T13SFT)
2025-10-27 00:48:44,553 consumer #0 [DEBUG] Processing TX_mid_season_2024/2024-06-18/S2A_MSIL2A_20240618T172901_N0510_R055_T13SFT_20240619T004800.SAFE.zip into TX_mid_season_2024/2024-06-18/S2A_MSIL2A_20240618T172901_N0510_R055_T13SFT_20240619T004800.tif
2025-10-27 00:48:44,554 consumer #0 [DEBUG] Extracting S2A_MSIL2A_20240618T172901_N0510_R055_T13SFT_20240619T004800 to temporary directory: TX_mid_season_2024/2024-06-18/extract_S2A_MSIL2A_20240618T172901_N0510_R055_T13SFT_20240619T004800_klni_l5_
2025-10-27 00:48:44,554 consumer #0 [ERROR] Error processing S2A_MSIL2A_20240618T172901_N0510_R055_T13SFT_20240619T004800: File is not a zip file
2025-10-27 00:48:44,554 consumer #0 [WARNING] Retrying S2A_MSIL2A_20240618T172901_N0510_R055_T13SFT_20240619T004800, remaining: 1
2025-10-27 00:48:44,554 consumer #0 [INFO] Processing feature: S2A_MSIL2A_20240618T172901_N0510_R055_T13SFT_20240619T004800 (Tile code: T13SFT)
2025-10-27 00:48:44,555 consumer #0 [INFO] Downloading 'S2A_MSIL2A_20240618T172901_N0510_R055_T13SFT_20240619T004800' (Tile: T13SFT)
2025-10-27 00:48:44,555 consumer #0 [INFO] Processing ZIP to 6-band for 'S2A_MSIL2A_20240618T172901_N0510_R055_T13SFT_20240619T004800' (Tile: T13SFT)
2025-10-27 00:48:44,555 consumer #0 [DEBUG] Processing TX_mid_season_2024/2024-06-18/S2A_MSIL2A_20240618T172901_N0510_R055_T13SFT_20240619T004800.SAFE.zip into TX_mid_season_2024/2024-06-18/S2A_MSIL2A_20240618T172901_N0510_R055_T13SFT_20240619T004800.tif
2025-10-27 00:48:44,569 consumer #0 [DEBUG] Extracting S2A_MSIL2A_20240618T172901_N0510_R055_T13SFT_20240619T004800 to temporary directory: TX_mid_season_2024/2024-06-18/extract_S2A_MSIL2A_20240618T172901_N0510_R055_T13SFT_20240619T004800_da5husvh
2025-10-27 00:48:44,569 consumer #0 [ERROR] Error processing S2A_MSIL2A_20240618T172901_N0510_R055_T13SFT_20240619T004800: File is not a zip file
2025-10-27 00:48:44,569 consumer #0 [INFO] Processing feature: S2B_MSIL2A_20240723T172859_N0511_R055_T13SFT_20240723T215716 (Tile code: T13SFT)
2025-10-27 00:48:44,570 consumer #0 [INFO] Downloading 'S2B_MSIL2A_20240723T172859_N0511_R055_T13SFT_20240723T215716' (Tile: T13SFT)
2025-10-27 00:49:02,705 MainThread [INFO] Checking thread statuses...
2025-10-27 00:49:35,576 MainThread [INFO] Checking thread statuses...
2025-10-27 00:50:27,318 consumer #2 [INFO] Processing ZIP to 6-band for 'S2A_MSIL2A_20240828T183921_N0511_R070_T11SKA_20240829T011944' (Tile: T11SKA)
2025-10-27 00:50:27,319 consumer #2 [DEBUG] Processing CA_mid_season_2024/2024-08-28/S2A_MSIL2A_20240828T183921_N0511_R070_T11SKA_20240829T011944.SAFE.zip into CA_mid_season_2024/2024-08-28/S2A_MSIL2A_20240828T183921_N0511_R070_T11SKA_20240829T011944.tif
2025-10-27 00:50:27,319 consumer #2 [DEBUG] Extracting S2A_MSIL2A_20240828T183921_N0511_R070_T11SKA_20240829T011944 to temporary directory: CA_mid_season_2024/2024-08-28/extract_S2A_MSIL2A_20240828T183921_N0511_R070_T11SKA_20240829T011944_0yb763qo
2025-10-27 00:50:28,335 consumer #2 [DEBUG] Found 1 .SAFE directories: ['S2A_MSIL2A_20240828T183921_N0511_R070_T11SKA_20240829T011944.SAFE']
2025-10-27 00:50:28,335 consumer #2 [DEBUG] Found all 6 bands for S2A_MSIL2A_20240828T183921_N0511_R070_T11SKA_20240829T011944
2025-10-27 00:50:28,825 consumer #2 [DEBUG] Read B02 at native 10m
2025-10-27 00:50:29,304 consumer #2 [DEBUG] Read B03 at native 10m
2025-10-27 00:50:29,768 consumer #2 [DEBUG] Read B04 at native 10m
2025-10-27 00:50:30,264 consumer #2 [DEBUG] Resampled B8A from 20m to 10m
2025-10-27 00:50:30,784 consumer #2 [DEBUG] Resampled B11 from 20m to 10m
2025-10-27 00:50:31,295 consumer #2 [DEBUG] Resampled B12 from 20m to 10m
2025-10-27 00:50:52,069 consumer #2 [INFO] Created 6-band GeoTIFF: CA_mid_season_2024/2024-08-28/S2A_MSIL2A_20240828T183921_N0511_R070_T11SKA_20240829T011944.tif
2025-10-27 00:50:52,085 consumer #2 [INFO] Successfully processed 'S2A_MSIL2A_20240828T183921_N0511_R070_T11SKA_20240829T011944' -> CA_mid_season_2024/2024-08-28/S2A_MSIL2A_20240828T183921_N0511_R070_T11SKA_20240829T011944.tif
2025-10-27 00:50:52,086 consumer #2 [DEBUG] Downloader is done
2025-10-27 00:51:04,371 consumer #3 [INFO] Processing ZIP to 6-band for 'S2A_MSIL2A_20240828T183921_N0511_R070_T10SGF_20240829T011944' (Tile: T10SGF)
2025-10-27 00:51:04,371 consumer #3 [DEBUG] Processing CA_mid_season_2024/2024-08-28/S2A_MSIL2A_20240828T183921_N0511_R070_T10SGF_20240829T011944.SAFE.zip into CA_mid_season_2024/2024-08-28/S2A_MSIL2A_20240828T183921_N0511_R070_T10SGF_20240829T011944.tif
2025-10-27 00:51:04,372 consumer #3 [DEBUG] Extracting S2A_MSIL2A_20240828T183921_N0511_R070_T10SGF_20240829T011944 to temporary directory: CA_mid_season_2024/2024-08-28/extract_S2A_MSIL2A_20240828T183921_N0511_R070_T10SGF_20240829T011944_bwzt5p3s
2025-10-27 00:51:05,389 consumer #3 [DEBUG] Found 1 .SAFE directories: ['S2A_MSIL2A_20240828T183921_N0511_R070_T10SGF_20240829T011944.SAFE']
2025-10-27 00:51:05,389 consumer #3 [DEBUG] Found all 6 bands for S2A_MSIL2A_20240828T183921_N0511_R070_T10SGF_20240829T011944
2025-10-27 00:51:05,887 consumer #3 [DEBUG] Read B02 at native 10m
2025-10-27 00:51:06,380 consumer #3 [DEBUG] Read B03 at native 10m
2025-10-27 00:51:06,861 consumer #3 [DEBUG] Read B04 at native 10m
2025-10-27 00:51:07,387 consumer #3 [DEBUG] Resampled B8A from 20m to 10m
2025-10-27 00:51:07,922 consumer #3 [DEBUG] Resampled B11 from 20m to 10m
2025-10-27 00:51:08,447 consumer #3 [DEBUG] Resampled B12 from 20m to 10m
2025-10-27 00:51:29,556 MainThread [INFO] Checking thread statuses...
2025-10-27 00:51:29,556 consumer #3 [INFO] Created 6-band GeoTIFF: CA_mid_season_2024/2024-08-28/S2A_MSIL2A_20240828T183921_N0511_R070_T10SGF_20240829T011944.tif
2025-10-27 00:51:29,569 consumer #3 [INFO] Successfully processed 'S2A_MSIL2A_20240828T183921_N0511_R070_T10SGF_20240829T011944' -> CA_mid_season_2024/2024-08-28/S2A_MSIL2A_20240828T183921_N0511_R070_T10SGF_20240829T011944.tif
2025-10-27 00:51:29,570 consumer #3 [DEBUG] Downloader is done
2025-10-27 00:51:29,588 MainThread [INFO] Summary: 24 processed, 0 skipped, 3 errors.
2025-10-27 00:51:35,576 MainThread [INFO] Checking thread statuses...
2025-10-27 00:51:36,997 consumer #2 [INFO] Processing ZIP to 6-band for 'S2B_MSIL2A_20240922T184009_N0511_R070_T11SKA_20240922T225505' (Tile: T11SKA)
2025-10-27 00:51:36,997 consumer #2 [DEBUG] Processing CA_late_season_2024/2024-09-22/S2B_MSIL2A_20240922T184009_N0511_R070_T11SKA_20240922T225505.SAFE.zip into CA_late_season_2024/2024-09-22/S2B_MSIL2A_20240922T184009_N0511_R070_T11SKA_20240922T225505.tif
2025-10-27 00:51:36,998 consumer #2 [DEBUG] Extracting S2B_MSIL2A_20240922T184009_N0511_R070_T11SKA_20240922T225505 to temporary directory: CA_late_season_2024/2024-09-22/extract_S2B_MSIL2A_20240922T184009_N0511_R070_T11SKA_20240922T225505_4897o8qf
2025-10-27 00:51:38,060 consumer #2 [DEBUG] Found 1 .SAFE directories: ['S2B_MSIL2A_20240922T184009_N0511_R070_T11SKA_20240922T225505.SAFE']
2025-10-27 00:51:38,060 consumer #2 [DEBUG] Found all 6 bands for S2B_MSIL2A_20240922T184009_N0511_R070_T11SKA_20240922T225505
2025-10-27 00:51:38,579 consumer #2 [DEBUG] Read B02 at native 10m
2025-10-27 00:51:39,026 consumer #2 [DEBUG] Read B03 at native 10m
2025-10-27 00:51:39,502 consumer #2 [DEBUG] Read B04 at native 10m
2025-10-27 00:51:40,035 consumer #2 [DEBUG] Resampled B8A from 20m to 10m
2025-10-27 00:51:40,550 consumer #2 [DEBUG] Resampled B11 from 20m to 10m
2025-10-27 00:51:41,071 consumer #2 [DEBUG] Resampled B12 from 20m to 10m
2025-10-27 00:52:02,412 consumer #2 [INFO] Created 6-band GeoTIFF: CA_late_season_2024/2024-09-22/S2B_MSIL2A_20240922T184009_N0511_R070_T11SKA_20240922T225505.tif
2025-10-27 00:52:02,425 consumer #2 [INFO] Successfully processed 'S2B_MSIL2A_20240922T184009_N0511_R070_T11SKA_20240922T225505' -> CA_late_season_2024/2024-09-22/S2B_MSIL2A_20240922T184009_N0511_R070_T11SKA_20240922T225505.tif
2025-10-27 00:52:02,425 consumer #2 [DEBUG] Downloader is done
2025-10-27 00:52:02,442 MainThread [INFO] Summary: 12 processed, 0 skipped, 1 errors.
